mode: set
github.com/h0rn3t/gopolars/pkg/dtypes/schema.go:10.42,11.22 1 1
github.com/h0rn3t/gopolars/pkg/dtypes/schema.go:11.22,12.21 1 1
github.com/h0rn3t/gopolars/pkg/dtypes/schema.go:12.21,14.4 1 1
github.com/h0rn3t/gopolars/pkg/dtypes/schema.go:16.2,16.11 1 1
github.com/h0rn3t/gopolars/pkg/cache/chunk_cache.go:10.34,12.2 1 1
github.com/h0rn3t/gopolars/pkg/cache/chunk_cache.go:14.52,18.2 3 1
github.com/h0rn3t/gopolars/pkg/cache/chunk_cache.go:20.53,25.2 4 1
github.com/h0rn3t/gopolars/pkg/cache/plan_cache.go:10.32,12.2 1 1
github.com/h0rn3t/gopolars/pkg/cache/plan_cache.go:14.51,18.2 3 1
github.com/h0rn3t/gopolars/pkg/cache/plan_cache.go:20.52,25.2 4 1
github.com/h0rn3t/gopolars/pkg/expr/eval.go:19.52,20.18 1 1
github.com/h0rn3t/gopolars/pkg/expr/eval.go:21.15,23.10 2 1
github.com/h0rn3t/gopolars/pkg/expr/eval.go:23.10,25.4 1 0
github.com/h0rn3t/gopolars/pkg/expr/eval.go:26.3,26.16 1 1
github.com/h0rn3t/gopolars/pkg/expr/eval.go:27.15,28.24 1 1
github.com/h0rn3t/gopolars/pkg/expr/eval.go:29.17,30.22 1 0
github.com/h0rn3t/gopolars/pkg/expr/eval.go:30.22,32.4 1 0
github.com/h0rn3t/gopolars/pkg/expr/eval.go:33.3,33.48 1 0
github.com/h0rn3t/gopolars/pkg/expr/eval.go:34.16,36.17 2 1
github.com/h0rn3t/gopolars/pkg/expr/eval.go:36.17,38.4 1 0
github.com/h0rn3t/gopolars/pkg/expr/eval.go:39.3,39.31 1 1
github.com/h0rn3t/gopolars/pkg/expr/eval.go:40.17,42.17 2 1
github.com/h0rn3t/gopolars/pkg/expr/eval.go:42.17,44.4 1 0
github.com/h0rn3t/gopolars/pkg/expr/eval.go:45.3,45.17 1 1
github.com/h0rn3t/gopolars/pkg/expr/eval.go:46.14,48.11 2 1
github.com/h0rn3t/gopolars/pkg/expr/eval.go:48.11,50.5 1 0
github.com/h0rn3t/gopolars/pkg/expr/eval.go:51.4,51.18 1 1
github.com/h0rn3t/gopolars/pkg/expr/eval.go:52.18,53.24 1 0
github.com/h0rn3t/gopolars/pkg/expr/eval.go:54.22,55.24 1 0
github.com/h0rn3t/gopolars/pkg/expr/eval.go:56.18,58.11 2 0
github.com/h0rn3t/gopolars/pkg/expr/eval.go:58.11,60.5 1 0
github.com/h0rn3t/gopolars/pkg/expr/eval.go:61.4,61.29 1 0
github.com/h0rn3t/gopolars/pkg/expr/eval.go:62.20,64.11 2 0
github.com/h0rn3t/gopolars/pkg/expr/eval.go:64.11,66.5 1 0
github.com/h0rn3t/gopolars/pkg/expr/eval.go:67.4,67.34 1 0
github.com/h0rn3t/gopolars/pkg/expr/eval.go:68.20,70.11 2 0
github.com/h0rn3t/gopolars/pkg/expr/eval.go:70.11,72.5 1 0
github.com/h0rn3t/gopolars/pkg/expr/eval.go:73.4,73.34 1 0
github.com/h0rn3t/gopolars/pkg/expr/eval.go:74.19,76.11 2 1
github.com/h0rn3t/gopolars/pkg/expr/eval.go:76.11,78.5 1 0
github.com/h0rn3t/gopolars/pkg/expr/eval.go:79.4,79.36 1 1
github.com/h0rn3t/gopolars/pkg/expr/eval.go:80.18,82.11 2 0
github.com/h0rn3t/gopolars/pkg/expr/eval.go:82.11,84.5 1 0
github.com/h0rn3t/gopolars/pkg/expr/eval.go:85.4,85.31 1 0
github.com/h0rn3t/gopolars/pkg/expr/eval.go:86.19,88.11 2 1
github.com/h0rn3t/gopolars/pkg/expr/eval.go:88.11,90.5 1 0
github.com/h0rn3t/gopolars/pkg/expr/eval.go:91.4,91.32 1 1
github.com/h0rn3t/gopolars/pkg/expr/eval.go:92.17,94.11 2 1
github.com/h0rn3t/gopolars/pkg/expr/eval.go:94.11,96.5 1 0
github.com/h0rn3t/gopolars/pkg/expr/eval.go:97.4,97.30 1 1
github.com/h0rn3t/gopolars/pkg/expr/eval.go:98.18,100.11 2 0
github.com/h0rn3t/gopolars/pkg/expr/eval.go:100.11,102.5 1 0
github.com/h0rn3t/gopolars/pkg/expr/eval.go:103.4,103.31 1 0
github.com/h0rn3t/gopolars/pkg/expr/eval.go:104.21,106.11 2 0
github.com/h0rn3t/gopolars/pkg/expr/eval.go:106.11,108.5 1 0
github.com/h0rn3t/gopolars/pkg/expr/eval.go:109.4,109.34 1 0
github.com/h0rn3t/gopolars/pkg/expr/eval.go:110.19,112.11 2 0
github.com/h0rn3t/gopolars/pkg/expr/eval.go:112.11,114.5 1 0
github.com/h0rn3t/gopolars/pkg/expr/eval.go:115.4,115.32 1 0
github.com/h0rn3t/gopolars/pkg/expr/eval.go:116.39,117.17 1 0
github.com/h0rn3t/gopolars/pkg/expr/eval.go:118.18,119.43 1 0
github.com/h0rn3t/gopolars/pkg/expr/eval.go:119.43,121.5 1 0
github.com/h0rn3t/gopolars/pkg/expr/eval.go:122.4,122.74 1 0
github.com/h0rn3t/gopolars/pkg/expr/eval.go:123.16,124.25 1 0
github.com/h0rn3t/gopolars/pkg/expr/eval.go:125.17,126.30 1 0
github.com/h0rn3t/gopolars/pkg/expr/eval.go:127.15,128.18 1 0
github.com/h0rn3t/gopolars/pkg/expr/eval.go:129.12,130.52 1 0
github.com/h0rn3t/gopolars/pkg/expr/eval.go:132.14,133.25 1 0
github.com/h0rn3t/gopolars/pkg/expr/eval.go:134.17,135.28 1 0
github.com/h0rn3t/gopolars/pkg/expr/eval.go:136.15,137.37 1 0
github.com/h0rn3t/gopolars/pkg/expr/eval.go:138.12,139.50 1 0
github.com/h0rn3t/gopolars/pkg/expr/eval.go:141.15,142.25 1 0
github.com/h0rn3t/gopolars/pkg/expr/eval.go:143.17,144.29 1 0
github.com/h0rn3t/gopolars/pkg/expr/eval.go:145.15,146.38 1 0
github.com/h0rn3t/gopolars/pkg/expr/eval.go:147.12,148.51 1 0
github.com/h0rn3t/gopolars/pkg/expr/eval.go:150.38,151.17 1 0
github.com/h0rn3t/gopolars/pkg/expr/eval.go:152.900,153.17 1 0
github.com/h0rn3t/gopolars/pkg/expr/eval.go:154.14,155.29 1 0
github.com/h0rn3t/gopolars/pkg/expr/eval.go:155.29,157.5 1 0
github.com/h0rn3t/gopolars/pkg/expr/eval.go:158.4,158.33 1 0
github.com/h0rn3t/gopolars/pkg/expr/eval.go:158.33,159.31 1 0
github.com/h0rn3t/gopolars/pkg/expr/eval.go:159.31,160.47 1 0
github.com/h0rn3t/gopolars/pkg/expr/eval.go:160.47,162.7 1 0
github.com/h0rn3t/gopolars/pkg/expr/eval.go:164.5,164.21 1 0
github.com/h0rn3t/gopolars/pkg/expr/eval.go:166.4,166.21 1 0
github.com/h0rn3t/gopolars/pkg/expr/eval.go:167.14,168.29 1 0
github.com/h0rn3t/gopolars/pkg/expr/eval.go:168.29,170.5 1 0
github.com/h0rn3t/gopolars/pkg/expr/eval.go:171.4,171.33 1 0
github.com/h0rn3t/gopolars/pkg/expr/eval.go:171.33,172.31 1 0
github.com/h0rn3t/gopolars/pkg/expr/eval.go:172.31,173.45 1 0
github.com/h0rn3t/gopolars/pkg/expr/eval.go:173.45,175.7 1 0
github.com/h0rn3t/gopolars/pkg/expr/eval.go:178.4,178.21 1 0
github.com/h0rn3t/gopolars/pkg/expr/eval.go:179.17,180.31 1 0
github.com/h0rn3t/gopolars/pkg/expr/eval.go:180.31,182.5 1 0
github.com/h0rn3t/gopolars/pkg/expr/eval.go:183.4,183.52 1 0
github.com/h0rn3t/gopolars/pkg/expr/eval.go:184.18,185.31 1 0
github.com/h0rn3t/gopolars/pkg/expr/eval.go:185.31,187.5 1 0
github.com/h0rn3t/gopolars/pkg/expr/eval.go:188.4,188.53 1 0
github.com/h0rn3t/gopolars/pkg/expr/eval.go:189.17,190.31 1 0
github.com/h0rn3t/gopolars/pkg/expr/eval.go:190.31,192.5 1 0
github.com/h0rn3t/gopolars/pkg/expr/eval.go:193.4,193.52 1 0
github.com/h0rn3t/gopolars/pkg/expr/eval.go:194.18,195.31 1 0
github.com/h0rn3t/gopolars/pkg/expr/eval.go:195.31,197.5 1 0
github.com/h0rn3t/gopolars/pkg/expr/eval.go:198.4,198.53 1 0
github.com/h0rn3t/gopolars/pkg/expr/eval.go:199.17,200.31 1 0
github.com/h0rn3t/gopolars/pkg/expr/eval.go:200.31,202.5 1 0
github.com/h0rn3t/gopolars/pkg/expr/eval.go:203.4,203.52 1 0
github.com/h0rn3t/gopolars/pkg/expr/eval.go:204.18,205.31 1 0
github.com/h0rn3t/gopolars/pkg/expr/eval.go:205.31,207.5 1 0
github.com/h0rn3t/gopolars/pkg/expr/eval.go:208.4,208.53 1 0
github.com/h0rn3t/gopolars/pkg/expr/eval.go:209.29,211.11 2 0
github.com/h0rn3t/gopolars/pkg/expr/eval.go:211.11,213.5 1 0
github.com/h0rn3t/gopolars/pkg/expr/eval.go:214.4,214.50 1 0
github.com/h0rn3t/gopolars/pkg/expr/eval.go:215.30,217.11 2 0
github.com/h0rn3t/gopolars/pkg/expr/eval.go:217.11,219.5 1 0
github.com/h0rn3t/gopolars/pkg/expr/eval.go:220.4,220.87 1 0
github.com/h0rn3t/gopolars/pkg/expr/eval.go:221.31,223.11 2 0
github.com/h0rn3t/gopolars/pkg/expr/eval.go:223.11,225.5 1 0
github.com/h0rn3t/gopolars/pkg/expr/eval.go:226.4,226.54 1 0
github.com/h0rn3t/gopolars/pkg/expr/eval.go:227.32,229.11 2 0
github.com/h0rn3t/gopolars/pkg/expr/eval.go:229.11,231.5 1 0
github.com/h0rn3t/gopolars/pkg/expr/eval.go:232.4,232.53 1 0
github.com/h0rn3t/gopolars/pkg/expr/eval.go:233.32,235.11 2 0
github.com/h0rn3t/gopolars/pkg/expr/eval.go:235.11,237.5 1 0
github.com/h0rn3t/gopolars/pkg/expr/eval.go:238.4,238.55 1 0
github.com/h0rn3t/gopolars/pkg/expr/eval.go:239.33,241.11 2 0
github.com/h0rn3t/gopolars/pkg/expr/eval.go:241.11,243.5 1 0
github.com/h0rn3t/gopolars/pkg/expr/eval.go:244.4,244.54 1 0
github.com/h0rn3t/gopolars/pkg/expr/eval.go:245.15,246.31 1 0
github.com/h0rn3t/gopolars/pkg/expr/eval.go:246.31,248.5 1 0
github.com/h0rn3t/gopolars/pkg/expr/eval.go:249.4,249.50 1 0
github.com/h0rn3t/gopolars/pkg/expr/eval.go:250.15,251.31 1 0
github.com/h0rn3t/gopolars/pkg/expr/eval.go:251.31,253.5 1 0
github.com/h0rn3t/gopolars/pkg/expr/eval.go:254.4,254.50 1 0
github.com/h0rn3t/gopolars/pkg/expr/eval.go:255.14,256.31 1 0
github.com/h0rn3t/gopolars/pkg/expr/eval.go:256.31,258.5 1 0
github.com/h0rn3t/gopolars/pkg/expr/eval.go:259.4,259.49 1 0
github.com/h0rn3t/gopolars/pkg/expr/eval.go:260.14,261.31 1 0
github.com/h0rn3t/gopolars/pkg/expr/eval.go:261.31,263.5 1 0
github.com/h0rn3t/gopolars/pkg/expr/eval.go:264.4,264.49 1 0
github.com/h0rn3t/gopolars/pkg/expr/eval.go:265.15,266.31 1 0
github.com/h0rn3t/gopolars/pkg/expr/eval.go:266.31,268.5 1 0
github.com/h0rn3t/gopolars/pkg/expr/eval.go:269.4,269.50 1 0
github.com/h0rn3t/gopolars/pkg/expr/eval.go:270.15,271.31 1 0
github.com/h0rn3t/gopolars/pkg/expr/eval.go:271.31,273.5 1 0
github.com/h0rn3t/gopolars/pkg/expr/eval.go:274.4,274.50 1 0
github.com/h0rn3t/gopolars/pkg/expr/eval.go:275.14,276.31 1 0
github.com/h0rn3t/gopolars/pkg/expr/eval.go:276.31,278.5 1 0
github.com/h0rn3t/gopolars/pkg/expr/eval.go:279.4,279.49 1 0
github.com/h0rn3t/gopolars/pkg/expr/eval.go:280.14,281.31 1 0
github.com/h0rn3t/gopolars/pkg/expr/eval.go:281.31,283.5 1 0
github.com/h0rn3t/gopolars/pkg/expr/eval.go:284.4,284.49 1 0
github.com/h0rn3t/gopolars/pkg/expr/eval.go:285.15,286.31 1 0
github.com/h0rn3t/gopolars/pkg/expr/eval.go:286.31,288.5 1 0
github.com/h0rn3t/gopolars/pkg/expr/eval.go:289.4,289.50 1 0
github.com/h0rn3t/gopolars/pkg/expr/eval.go:290.18,291.31 1 0
github.com/h0rn3t/gopolars/pkg/expr/eval.go:291.31,293.5 1 0
github.com/h0rn3t/gopolars/pkg/expr/eval.go:294.4,294.53 1 0
github.com/h0rn3t/gopolars/pkg/expr/eval.go:295.18,296.31 1 0
github.com/h0rn3t/gopolars/pkg/expr/eval.go:296.31,298.5 1 0
github.com/h0rn3t/gopolars/pkg/expr/eval.go:299.4,299.53 1 0
github.com/h0rn3t/gopolars/pkg/expr/eval.go:300.16,301.31 1 0
github.com/h0rn3t/gopolars/pkg/expr/eval.go:301.31,303.5 1 0
github.com/h0rn3t/gopolars/pkg/expr/eval.go:304.4,304.51 1 0
github.com/h0rn3t/gopolars/pkg/expr/eval.go:305.20,306.31 1 0
github.com/h0rn3t/gopolars/pkg/expr/eval.go:306.31,308.59 2 0
github.com/h0rn3t/gopolars/pkg/expr/eval.go:308.59,310.6 1 0
github.com/h0rn3t/gopolars/pkg/expr/eval.go:311.5,311.20 1 0
github.com/h0rn3t/gopolars/pkg/expr/eval.go:313.4,313.54 1 0
github.com/h0rn3t/gopolars/pkg/expr/eval.go:314.20,315.33 1 0
github.com/h0rn3t/gopolars/pkg/expr/eval.go:315.33,316.31 1 0
github.com/h0rn3t/gopolars/pkg/expr/eval.go:316.31,317.21 1 0
github.com/h0rn3t/gopolars/pkg/expr/eval.go:317.21,319.7 1 0
github.com/h0rn3t/gopolars/pkg/expr/eval.go:321.5,321.22 1 0
github.com/h0rn3t/gopolars/pkg/expr/eval.go:323.4,323.24 1 0
github.com/h0rn3t/gopolars/pkg/expr/eval.go:324.20,325.31 1 0
github.com/h0rn3t/gopolars/pkg/expr/eval.go:325.31,327.5 1 0
github.com/h0rn3t/gopolars/pkg/expr/eval.go:328.4,328.21 1 0
github.com/h0rn3t/gopolars/pkg/expr/eval.go:329.22,330.31 1 0
github.com/h0rn3t/gopolars/pkg/expr/eval.go:330.31,332.5 1 0
github.com/h0rn3t/gopolars/pkg/expr/eval.go:333.4,333.21 1 0
github.com/h0rn3t/gopolars/pkg/expr/eval.go:334.17,335.31 1 0
github.com/h0rn3t/gopolars/pkg/expr/eval.go:335.31,337.5 1 0
github.com/h0rn3t/gopolars/pkg/expr/eval.go:338.4,338.21 1 0
github.com/h0rn3t/gopolars/pkg/expr/eval.go:339.21,340.31 1 0
github.com/h0rn3t/gopolars/pkg/expr/eval.go:340.31,342.5 1 0
github.com/h0rn3t/gopolars/pkg/expr/eval.go:343.4,343.24 1 0
github.com/h0rn3t/gopolars/pkg/expr/eval.go:344.16,345.31 1 0
github.com/h0rn3t/gopolars/pkg/expr/eval.go:345.31,347.5 1 0
github.com/h0rn3t/gopolars/pkg/expr/eval.go:348.4,348.51 1 0
github.com/h0rn3t/gopolars/pkg/expr/eval.go:349.16,350.31 1 0
github.com/h0rn3t/gopolars/pkg/expr/eval.go:350.31,352.5 1 0
github.com/h0rn3t/gopolars/pkg/expr/eval.go:353.4,353.51 1 0
github.com/h0rn3t/gopolars/pkg/expr/eval.go:354.15,355.31 1 0
github.com/h0rn3t/gopolars/pkg/expr/eval.go:355.31,356.12 1 0
github.com/h0rn3t/gopolars/pkg/expr/eval.go:357.16,358.29 1 0
github.com/h0rn3t/gopolars/pkg/expr/eval.go:359.16,360.28 1 0
github.com/h0rn3t/gopolars/pkg/expr/eval.go:361.13,362.28 1 0
github.com/h0rn3t/gopolars/pkg/expr/eval.go:365.4,365.50 1 0
github.com/h0rn3t/gopolars/pkg/expr/eval.go:366.14,367.31 1 0
github.com/h0rn3t/gopolars/pkg/expr/eval.go:367.31,369.5 1 0
github.com/h0rn3t/gopolars/pkg/expr/eval.go:370.4,370.49 1 0
github.com/h0rn3t/gopolars/pkg/expr/eval.go:371.15,372.29 1 0
github.com/h0rn3t/gopolars/pkg/expr/eval.go:372.29,374.5 1 0
github.com/h0rn3t/gopolars/pkg/expr/eval.go:375.4,375.47 1 0
github.com/h0rn3t/gopolars/pkg/expr/eval.go:376.14,377.25 1 0
github.com/h0rn3t/gopolars/pkg/expr/eval.go:378.17,379.28 1 0
github.com/h0rn3t/gopolars/pkg/expr/eval.go:380.15,381.14 1 0
github.com/h0rn3t/gopolars/pkg/expr/eval.go:381.14,383.6 1 0
github.com/h0rn3t/gopolars/pkg/expr/eval.go:384.5,384.18 1 0
github.com/h0rn3t/gopolars/pkg/expr/eval.go:385.12,386.50 1 0
github.com/h0rn3t/gopolars/pkg/expr/eval.go:388.14,389.25 1 0
github.com/h0rn3t/gopolars/pkg/expr/eval.go:390.17,391.28 1 0
github.com/h0rn3t/gopolars/pkg/expr/eval.go:392.15,393.37 1 0
github.com/h0rn3t/gopolars/pkg/expr/eval.go:394.12,395.50 1 0
github.com/h0rn3t/gopolars/pkg/expr/eval.go:397.11,398.42 1 1
github.com/h0rn3t/gopolars/pkg/expr/eval.go:398.42,400.5 1 0
github.com/h0rn3t/gopolars/pkg/expr/eval.go:401.4,401.46 1 1
github.com/h0rn3t/gopolars/pkg/expr/eval.go:401.46,403.5 1 0
github.com/h0rn3t/gopolars/pkg/expr/eval.go:404.4,404.570 1 1
github.com/h0rn3t/gopolars/pkg/expr/eval.go:404.570,406.5 1 0
github.com/h0rn3t/gopolars/pkg/expr/eval.go:407.4,407.601 1 1
github.com/h0rn3t/gopolars/pkg/expr/eval.go:407.601,409.5 1 0
github.com/h0rn3t/gopolars/pkg/expr/eval.go:410.4,410.52 1 1
github.com/h0rn3t/gopolars/pkg/expr/eval.go:410.52,412.12 2 0
github.com/h0rn3t/gopolars/pkg/expr/eval.go:412.12,414.6 1 0
github.com/h0rn3t/gopolars/pkg/expr/eval.go:415.5,416.109 2 0
github.com/h0rn3t/gopolars/pkg/expr/eval.go:416.109,418.6 1 0
github.com/h0rn3t/gopolars/pkg/expr/eval.go:419.5,419.42 1 0
github.com/h0rn3t/gopolars/pkg/expr/eval.go:421.4,421.49 1 1
github.com/h0rn3t/gopolars/pkg/expr/eval.go:421.49,424.24 3 1
github.com/h0rn3t/gopolars/pkg/expr/eval.go:424.24,426.6 1 0
github.com/h0rn3t/gopolars/pkg/expr/eval.go:427.5,428.12 2 1
github.com/h0rn3t/gopolars/pkg/expr/eval.go:428.12,430.6 1 0
github.com/h0rn3t/gopolars/pkg/expr/eval.go:431.5,431.58 1 1
github.com/h0rn3t/gopolars/pkg/expr/eval.go:433.4,433.50 1 0
github.com/h0rn3t/gopolars/pkg/expr/eval.go:433.50,436.12 3 0
github.com/h0rn3t/gopolars/pkg/expr/eval.go:436.12,438.6 1 0
github.com/h0rn3t/gopolars/pkg/expr/eval.go:439.5,439.23 1 0
github.com/h0rn3t/gopolars/pkg/expr/eval.go:441.4,441.61 1 0
github.com/h0rn3t/gopolars/pkg/expr/eval.go:443.16,444.23 1 0
github.com/h0rn3t/gopolars/pkg/expr/eval.go:444.23,446.18 2 0
github.com/h0rn3t/gopolars/pkg/expr/eval.go:446.18,448.5 1 0
github.com/h0rn3t/gopolars/pkg/expr/eval.go:449.4,450.18 2 0
github.com/h0rn3t/gopolars/pkg/expr/eval.go:450.18,452.5 1 0
github.com/h0rn3t/gopolars/pkg/expr/eval.go:453.4,454.18 2 0
github.com/h0rn3t/gopolars/pkg/expr/eval.go:454.18,456.5 1 0
github.com/h0rn3t/gopolars/pkg/expr/eval.go:457.4,460.28 4 0
github.com/h0rn3t/gopolars/pkg/expr/eval.go:460.28,462.5 1 0
github.com/h0rn3t/gopolars/pkg/expr/eval.go:463.4,463.18 1 0
github.com/h0rn3t/gopolars/pkg/expr/eval.go:463.18,465.5 1 0
github.com/h0rn3t/gopolars/pkg/expr/eval.go:466.4,466.18 1 0
github.com/h0rn3t/gopolars/pkg/expr/eval.go:466.18,468.5 1 0
github.com/h0rn3t/gopolars/pkg/expr/eval.go:469.4,469.19 1 0
github.com/h0rn3t/gopolars/pkg/expr/eval.go:471.3,471.56 1 0
github.com/h0rn3t/gopolars/pkg/expr/eval.go:471.56,473.18 2 0
github.com/h0rn3t/gopolars/pkg/expr/eval.go:473.18,475.5 1 0
github.com/h0rn3t/gopolars/pkg/expr/eval.go:476.4,477.18 2 0
github.com/h0rn3t/gopolars/pkg/expr/eval.go:477.18,479.5 1 0
github.com/h0rn3t/gopolars/pkg/expr/eval.go:480.4,481.18 2 0
github.com/h0rn3t/gopolars/pkg/expr/eval.go:481.18,483.5 1 0
github.com/h0rn3t/gopolars/pkg/expr/eval.go:484.4,484.27 1 0
github.com/h0rn3t/gopolars/pkg/expr/eval.go:484.27,486.5 1 0
github.com/h0rn3t/gopolars/pkg/expr/eval.go:487.4,487.23 1 0
github.com/h0rn3t/gopolars/pkg/expr/eval.go:489.3,489.131 1 0
github.com/h0rn3t/gopolars/pkg/expr/eval.go:489.131,491.4 1 0
github.com/h0rn3t/gopolars/pkg/expr/eval.go:492.3,492.29 1 0
github.com/h0rn3t/gopolars/pkg/expr/eval.go:492.29,494.18 2 0
github.com/h0rn3t/gopolars/pkg/expr/eval.go:494.18,496.5 1 0
github.com/h0rn3t/gopolars/pkg/expr/eval.go:497.4,498.18 2 0
github.com/h0rn3t/gopolars/pkg/expr/eval.go:498.18,500.5 1 0
github.com/h0rn3t/gopolars/pkg/expr/eval.go:501.4,502.18 2 0
github.com/h0rn3t/gopolars/pkg/expr/eval.go:502.18,504.5 1 0
github.com/h0rn3t/gopolars/pkg/expr/eval.go:505.4,508.28 4 0
github.com/h0rn3t/gopolars/pkg/expr/eval.go:508.28,510.5 1 0
github.com/h0rn3t/gopolars/pkg/expr/eval.go:511.4,511.36 1 0
github.com/h0rn3t/gopolars/pkg/expr/eval.go:513.3,513.105 1 0
github.com/h0rn3t/gopolars/pkg/expr/eval.go:513.105,515.4 1 0
github.com/h0rn3t/gopolars/pkg/expr/eval.go:516.3,516.33 1 0
github.com/h0rn3t/gopolars/pkg/expr/eval.go:516.33,518.4 1 0
github.com/h0rn3t/gopolars/pkg/expr/eval.go:519.3,519.445 1 0
github.com/h0rn3t/gopolars/pkg/expr/eval.go:519.445,521.4 1 0
github.com/h0rn3t/gopolars/pkg/expr/eval.go:522.3,523.17 2 0
github.com/h0rn3t/gopolars/pkg/expr/eval.go:523.17,525.4 1 0
github.com/h0rn3t/gopolars/pkg/expr/eval.go:526.3,527.10 2 0
github.com/h0rn3t/gopolars/pkg/expr/eval.go:527.10,529.4 1 0
github.com/h0rn3t/gopolars/pkg/expr/eval.go:530.3,530.8 1 0
github.com/h0rn3t/gopolars/pkg/expr/eval.go:530.8,532.4 1 0
github.com/h0rn3t/gopolars/pkg/expr/eval.go:533.3,533.23 1 0
github.com/h0rn3t/gopolars/pkg/expr/eval.go:533.23,535.4 1 0
github.com/h0rn3t/gopolars/pkg/expr/eval.go:536.3,536.31 1 0
github.com/h0rn3t/gopolars/pkg/expr/eval.go:537.15,539.17 2 1
github.com/h0rn3t/gopolars/pkg/expr/eval.go:539.17,541.4 1 0
github.com/h0rn3t/gopolars/pkg/expr/eval.go:542.3,543.17 2 1
github.com/h0rn3t/gopolars/pkg/expr/eval.go:543.17,545.4 1 0
github.com/h0rn3t/gopolars/pkg/expr/eval.go:546.3,546.31 1 1
github.com/h0rn3t/gopolars/pkg/expr/eval.go:547.10,548.63 1 0
github.com/h0rn3t/gopolars/pkg/expr/eval.go:552.52,553.27 1 0
github.com/h0rn3t/gopolars/pkg/expr/eval.go:553.27,555.3 1 0
github.com/h0rn3t/gopolars/pkg/expr/eval.go:556.2,557.36 2 0
github.com/h0rn3t/gopolars/pkg/expr/eval.go:560.59,561.12 1 1
github.com/h0rn3t/gopolars/pkg/expr/eval.go:562.12,563.34 1 0
github.com/h0rn3t/gopolars/pkg/expr/eval.go:563.34,565.4 1 0
github.com/h0rn3t/gopolars/pkg/expr/eval.go:566.3,566.53 1 0
github.com/h0rn3t/gopolars/pkg/expr/eval.go:566.53,568.4 1 0
github.com/h0rn3t/gopolars/pkg/expr/eval.go:569.3,569.54 1 0
github.com/h0rn3t/gopolars/pkg/expr/eval.go:569.54,571.4 1 0
github.com/h0rn3t/gopolars/pkg/expr/eval.go:572.3,572.28 1 0
github.com/h0rn3t/gopolars/pkg/expr/eval.go:573.12,574.34 1 1
github.com/h0rn3t/gopolars/pkg/expr/eval.go:574.34,576.4 1 0
github.com/h0rn3t/gopolars/pkg/expr/eval.go:577.3,577.53 1 1
github.com/h0rn3t/gopolars/pkg/expr/eval.go:577.53,579.4 1 0
github.com/h0rn3t/gopolars/pkg/expr/eval.go:580.3,580.54 1 1
github.com/h0rn3t/gopolars/pkg/expr/eval.go:580.54,582.4 1 0
github.com/h0rn3t/gopolars/pkg/expr/eval.go:583.3,583.28 1 1
github.com/h0rn3t/gopolars/pkg/expr/eval.go:584.30,585.34 1 1
github.com/h0rn3t/gopolars/pkg/expr/eval.go:586.34,587.32 1 1
github.com/h0rn3t/gopolars/pkg/expr/eval.go:588.13,591.19 3 0
github.com/h0rn3t/gopolars/pkg/expr/eval.go:591.19,593.4 1 0
github.com/h0rn3t/gopolars/pkg/expr/eval.go:594.3,594.31 1 0
github.com/h0rn3t/gopolars/pkg/expr/eval.go:595.13,598.19 3 0
github.com/h0rn3t/gopolars/pkg/expr/eval.go:598.19,600.4 1 0
github.com/h0rn3t/gopolars/pkg/expr/eval.go:601.3,601.21 1 0
github.com/h0rn3t/gopolars/pkg/expr/eval.go:602.14,605.19 3 0
github.com/h0rn3t/gopolars/pkg/expr/eval.go:605.19,607.4 1 0
github.com/h0rn3t/gopolars/pkg/expr/eval.go:608.3,608.21 1 0
github.com/h0rn3t/gopolars/pkg/expr/eval.go:609.12,612.19 3 0
github.com/h0rn3t/gopolars/pkg/expr/eval.go:612.19,614.4 1 0
github.com/h0rn3t/gopolars/pkg/expr/eval.go:615.3,615.21 1 0
github.com/h0rn3t/gopolars/pkg/expr/eval.go:616.13,619.19 3 0
github.com/h0rn3t/gopolars/pkg/expr/eval.go:619.19,621.4 1 0
github.com/h0rn3t/gopolars/pkg/expr/eval.go:622.3,622.21 1 0
github.com/h0rn3t/gopolars/pkg/expr/eval.go:623.18,626.19 3 0
github.com/h0rn3t/gopolars/pkg/expr/eval.go:626.19,628.4 1 0
github.com/h0rn3t/gopolars/pkg/expr/eval.go:629.3,629.37 1 0
github.com/h0rn3t/gopolars/pkg/expr/eval.go:630.21,633.19 3 0
github.com/h0rn3t/gopolars/pkg/expr/eval.go:633.19,635.4 1 0
github.com/h0rn3t/gopolars/pkg/expr/eval.go:636.3,636.38 1 0
github.com/h0rn3t/gopolars/pkg/expr/eval.go:637.23,639.10 2 1
github.com/h0rn3t/gopolars/pkg/expr/eval.go:639.10,641.4 1 0
github.com/h0rn3t/gopolars/pkg/expr/eval.go:642.3,642.23 1 1
github.com/h0rn3t/gopolars/pkg/expr/eval.go:642.23,643.18 1 1
github.com/h0rn3t/gopolars/pkg/expr/eval.go:643.18,645.5 1 1
github.com/h0rn3t/gopolars/pkg/expr/eval.go:647.3,647.20 1 0
github.com/h0rn3t/gopolars/pkg/expr/eval.go:648.18,650.10 2 0
github.com/h0rn3t/gopolars/pkg/expr/eval.go:650.10,652.4 1 0
github.com/h0rn3t/gopolars/pkg/expr/eval.go:653.3,654.28 2 0
github.com/h0rn3t/gopolars/pkg/expr/eval.go:655.14,656.11 1 0
github.com/h0rn3t/gopolars/pkg/expr/eval.go:657.16,658.18 1 0
github.com/h0rn3t/gopolars/pkg/expr/eval.go:659.11,660.60 1 0
github.com/h0rn3t/gopolars/pkg/expr/eval.go:662.3,662.39 1 0
github.com/h0rn3t/gopolars/pkg/expr/eval.go:662.39,664.4 1 0
github.com/h0rn3t/gopolars/pkg/expr/eval.go:665.3,665.24 1 0
github.com/h0rn3t/gopolars/pkg/expr/eval.go:666.16,667.35 1 0
github.com/h0rn3t/gopolars/pkg/expr/eval.go:667.35,669.4 1 0
github.com/h0rn3t/gopolars/pkg/expr/eval.go:670.3,670.36 1 0
github.com/h0rn3t/gopolars/pkg/expr/eval.go:670.36,672.4 1 0
github.com/h0rn3t/gopolars/pkg/expr/eval.go:673.3,673.33 1 0
github.com/h0rn3t/gopolars/pkg/expr/eval.go:674.21,677.19 3 0
github.com/h0rn3t/gopolars/pkg/expr/eval.go:677.19,679.4 1 0
github.com/h0rn3t/gopolars/pkg/expr/eval.go:680.3,680.22 1 0
github.com/h0rn3t/gopolars/pkg/expr/eval.go:681.20,684.19 3 0
github.com/h0rn3t/gopolars/pkg/expr/eval.go:684.19,686.4 1 0
github.com/h0rn3t/gopolars/pkg/expr/eval.go:687.3,687.22 1 0
github.com/h0rn3t/gopolars/pkg/expr/eval.go:688.21,691.19 3 0
github.com/h0rn3t/gopolars/pkg/expr/eval.go:691.19,693.4 1 0
github.com/h0rn3t/gopolars/pkg/expr/eval.go:694.3,694.22 1 0
github.com/h0rn3t/gopolars/pkg/expr/eval.go:695.13,696.36 1 0
github.com/h0rn3t/gopolars/pkg/expr/eval.go:696.36,697.38 1 0
github.com/h0rn3t/gopolars/pkg/expr/eval.go:697.38,699.5 1 0
github.com/h0rn3t/gopolars/pkg/expr/eval.go:701.3,701.48 1 0
github.com/h0rn3t/gopolars/pkg/expr/eval.go:702.20,703.34 1 0
github.com/h0rn3t/gopolars/pkg/expr/eval.go:703.34,705.4 1 0
github.com/h0rn3t/gopolars/pkg/expr/eval.go:706.3,706.28 1 0
github.com/h0rn3t/gopolars/pkg/expr/eval.go:707.20,708.34 1 0
github.com/h0rn3t/gopolars/pkg/expr/eval.go:708.34,710.4 1 0
github.com/h0rn3t/gopolars/pkg/expr/eval.go:711.3,711.28 1 0
github.com/h0rn3t/gopolars/pkg/expr/eval.go:712.18,715.30 3 0
github.com/h0rn3t/gopolars/pkg/expr/eval.go:715.30,717.4 1 0
github.com/h0rn3t/gopolars/pkg/expr/eval.go:718.3,718.34 1 0
github.com/h0rn3t/gopolars/pkg/expr/eval.go:719.13,722.30 3 0
github.com/h0rn3t/gopolars/pkg/expr/eval.go:722.30,724.4 1 0
github.com/h0rn3t/gopolars/pkg/expr/eval.go:725.3,725.31 1 0
github.com/h0rn3t/gopolars/pkg/expr/eval.go:726.23,727.35 1 0
github.com/h0rn3t/gopolars/pkg/expr/eval.go:727.35,729.11 2 0
github.com/h0rn3t/gopolars/pkg/expr/eval.go:729.11,731.5 1 0
github.com/h0rn3t/gopolars/pkg/expr/eval.go:732.4,732.40 1 0
github.com/h0rn3t/gopolars/pkg/expr/eval.go:732.40,734.5 1 0
github.com/h0rn3t/gopolars/pkg/expr/eval.go:735.4,735.25 1 0
github.com/h0rn3t/gopolars/pkg/expr/eval.go:737.3,737.19 1 0
github.com/h0rn3t/gopolars/pkg/expr/eval.go:738.21,739.35 1 0
github.com/h0rn3t/gopolars/pkg/expr/eval.go:739.35,740.12 1 0
github.com/h0rn3t/gopolars/pkg/expr/eval.go:740.12,742.5 1 0
github.com/h0rn3t/gopolars/pkg/expr/eval.go:743.4,743.19 1 0
github.com/h0rn3t/gopolars/pkg/expr/eval.go:745.3,745.19 1 0
github.com/h0rn3t/gopolars/pkg/expr/eval.go:746.18,749.19 3 0
github.com/h0rn3t/gopolars/pkg/expr/eval.go:749.19,751.4 1 0
github.com/h0rn3t/gopolars/pkg/expr/eval.go:752.3,752.38 1 0
github.com/h0rn3t/gopolars/pkg/expr/eval.go:753.15,754.36 1 0
github.com/h0rn3t/gopolars/pkg/expr/eval.go:754.36,755.30 1 0
github.com/h0rn3t/gopolars/pkg/expr/eval.go:755.30,756.21 1 0
github.com/h0rn3t/gopolars/pkg/expr/eval.go:756.21,758.6 1 0
github.com/h0rn3t/gopolars/pkg/expr/eval.go:760.4,760.21 1 0
github.com/h0rn3t/gopolars/pkg/expr/eval.go:762.3,762.28 1 0
github.com/h0rn3t/gopolars/pkg/expr/eval.go:763.18,764.35 1 0
github.com/h0rn3t/gopolars/pkg/expr/eval.go:764.35,765.30 1 0
github.com/h0rn3t/gopolars/pkg/expr/eval.go:765.30,766.22 1 0
github.com/h0rn3t/gopolars/pkg/expr/eval.go:766.22,768.6 1 0
github.com/h0rn3t/gopolars/pkg/expr/eval.go:770.4,770.25 1 0
github.com/h0rn3t/gopolars/pkg/expr/eval.go:772.3,772.24 1 0
github.com/h0rn3t/gopolars/pkg/expr/eval.go:773.24,774.18 1 0
github.com/h0rn3t/gopolars/pkg/expr/eval.go:774.18,776.4 1 0
github.com/h0rn3t/gopolars/pkg/expr/eval.go:777.3,777.19 1 0
github.com/h0rn3t/gopolars/pkg/expr/eval.go:778.23,779.53 1 0
github.com/h0rn3t/gopolars/pkg/expr/eval.go:779.53,781.4 1 0
github.com/h0rn3t/gopolars/pkg/expr/eval.go:782.3,782.19 1 0
github.com/h0rn3t/gopolars/pkg/expr/eval.go:783.15,784.35 1 0
github.com/h0rn3t/gopolars/pkg/expr/eval.go:784.35,785.12 1 0
github.com/h0rn3t/gopolars/pkg/expr/eval.go:785.12,787.5 1 0
github.com/h0rn3t/gopolars/pkg/expr/eval.go:788.4,788.19 1 0
github.com/h0rn3t/gopolars/pkg/expr/eval.go:790.3,790.19 1 0
github.com/h0rn3t/gopolars/pkg/expr/eval.go:791.13,794.19 3 0
github.com/h0rn3t/gopolars/pkg/expr/eval.go:794.19,796.4 1 0
github.com/h0rn3t/gopolars/pkg/expr/eval.go:797.3,797.21 1 0
github.com/h0rn3t/gopolars/pkg/expr/eval.go:798.18,799.35 1 0
github.com/h0rn3t/gopolars/pkg/expr/eval.go:800.23,801.19 1 0
github.com/h0rn3t/gopolars/pkg/expr/eval.go:802.10,803.57 1 0
github.com/h0rn3t/gopolars/pkg/expr/eval.go:807.60,808.33 1 1
github.com/h0rn3t/gopolars/pkg/expr/eval.go:808.33,810.3 1 0
github.com/h0rn3t/gopolars/pkg/expr/eval.go:811.2,811.26 1 1
github.com/h0rn3t/gopolars/pkg/expr/eval.go:812.13,814.10 2 0
github.com/h0rn3t/gopolars/pkg/expr/eval.go:814.10,816.4 1 0
github.com/h0rn3t/gopolars/pkg/expr/eval.go:817.3,817.32 1 0
github.com/h0rn3t/gopolars/pkg/expr/eval.go:818.15,820.10 2 0
github.com/h0rn3t/gopolars/pkg/expr/eval.go:820.10,822.4 1 0
github.com/h0rn3t/gopolars/pkg/expr/eval.go:823.3,823.37 1 0
github.com/h0rn3t/gopolars/pkg/expr/eval.go:823.37,825.4 1 0
github.com/h0rn3t/gopolars/pkg/expr/eval.go:826.3,826.34 1 0
github.com/h0rn3t/gopolars/pkg/expr/eval.go:827.14,829.10 2 1
github.com/h0rn3t/gopolars/pkg/expr/eval.go:829.10,831.4 1 0
github.com/h0rn3t/gopolars/pkg/expr/eval.go:832.3,832.35 1 1
github.com/h0rn3t/gopolars/pkg/expr/eval.go:833.17,835.10 2 0
github.com/h0rn3t/gopolars/pkg/expr/eval.go:835.10,837.4 1 0
github.com/h0rn3t/gopolars/pkg/expr/eval.go:838.3,838.13 1 0
github.com/h0rn3t/gopolars/pkg/expr/eval.go:839.13,840.26 1 0
github.com/h0rn3t/gopolars/pkg/expr/eval.go:841.13,842.40 1 0
github.com/h0rn3t/gopolars/pkg/expr/eval.go:843.13,844.27 1 0
github.com/h0rn3t/gopolars/pkg/expr/eval.go:845.13,846.41 1 0
github.com/h0rn3t/gopolars/pkg/expr/eval.go:849.2,849.55 1 0
github.com/h0rn3t/gopolars/pkg/expr/eval.go:852.57,853.33 1 1
github.com/h0rn3t/gopolars/pkg/expr/eval.go:853.33,855.3 1 0
github.com/h0rn3t/gopolars/pkg/expr/eval.go:856.2,856.26 1 1
github.com/h0rn3t/gopolars/pkg/expr/eval.go:857.13,859.10 2 1
github.com/h0rn3t/gopolars/pkg/expr/eval.go:859.10,861.4 1 0
github.com/h0rn3t/gopolars/pkg/expr/eval.go:862.3,862.13 1 1
github.com/h0rn3t/gopolars/pkg/expr/eval.go:863.14,864.21 1 1
github.com/h0rn3t/gopolars/pkg/expr/eval.go:865.14,866.21 1 0
github.com/h0rn3t/gopolars/pkg/expr/eval.go:867.14,868.21 1 0
github.com/h0rn3t/gopolars/pkg/expr/eval.go:869.14,870.14 1 0
github.com/h0rn3t/gopolars/pkg/expr/eval.go:870.14,872.5 1 0
github.com/h0rn3t/gopolars/pkg/expr/eval.go:873.4,873.21 1 0
github.com/h0rn3t/gopolars/pkg/expr/eval.go:875.15,877.10 2 1
github.com/h0rn3t/gopolars/pkg/expr/eval.go:877.10,879.4 1 0
github.com/h0rn3t/gopolars/pkg/expr/eval.go:880.3,880.13 1 1
github.com/h0rn3t/gopolars/pkg/expr/eval.go:881.14,882.21 1 0
github.com/h0rn3t/gopolars/pkg/expr/eval.go:883.14,884.21 1 0
github.com/h0rn3t/gopolars/pkg/expr/eval.go:885.14,886.21 1 1
github.com/h0rn3t/gopolars/pkg/expr/eval.go:887.14,888.14 1 0
github.com/h0rn3t/gopolars/pkg/expr/eval.go:888.14,890.5 1 0
github.com/h0rn3t/gopolars/pkg/expr/eval.go:891.4,891.21 1 0
github.com/h0rn3t/gopolars/pkg/expr/eval.go:894.2,894.56 1 0
github.com/h0rn3t/gopolars/pkg/expr/eval.go:897.51,898.14 1 1
github.com/h0rn3t/gopolars/pkg/expr/eval.go:898.14,900.3 1 0
github.com/h0rn3t/gopolars/pkg/expr/eval.go:901.2,901.12 1 1
github.com/h0rn3t/gopolars/pkg/expr/eval.go:902.20,903.24 1 0
github.com/h0rn3t/gopolars/pkg/expr/eval.go:904.14,905.17 1 0
github.com/h0rn3t/gopolars/pkg/expr/eval.go:906.16,907.24 1 0
github.com/h0rn3t/gopolars/pkg/expr/eval.go:909.22,910.24 1 1
github.com/h0rn3t/gopolars/pkg/expr/eval.go:911.16,912.17 1 0
github.com/h0rn3t/gopolars/pkg/expr/eval.go:913.14,914.26 1 1
github.com/h0rn3t/gopolars/pkg/expr/eval.go:916.21,917.35 1 0
github.com/h0rn3t/gopolars/pkg/expr/eval.go:918.22,920.9 2 0
github.com/h0rn3t/gopolars/pkg/expr/eval.go:920.9,922.4 1 0
github.com/h0rn3t/gopolars/pkg/expr/eval.go:923.23,925.9 2 0
github.com/h0rn3t/gopolars/pkg/expr/eval.go:925.9,927.4 1 0
github.com/h0rn3t/gopolars/pkg/expr/eval.go:929.2,929.45 1 0
github.com/h0rn3t/gopolars/pkg/expr/eval.go:932.37,933.23 1 0
github.com/h0rn3t/gopolars/pkg/expr/eval.go:934.13,935.26 1 0
github.com/h0rn3t/gopolars/pkg/expr/eval.go:936.15,937.17 1 0
github.com/h0rn3t/gopolars/pkg/expr/eval.go:938.10,939.18 1 0
github.com/h0rn3t/gopolars/pkg/expr/eval.go:943.35,944.23 1 0
github.com/h0rn3t/gopolars/pkg/expr/eval.go:945.13,946.17 1 0
github.com/h0rn3t/gopolars/pkg/expr/eval.go:947.15,948.24 1 0
github.com/h0rn3t/gopolars/pkg/expr/eval.go:949.10,950.18 1 0
github.com/h0rn3t/gopolars/pkg/expr/eval.go:954.48,955.12 1 0
github.com/h0rn3t/gopolars/pkg/expr/eval.go:956.12,957.15 1 0
github.com/h0rn3t/gopolars/pkg/expr/eval.go:958.12,959.16 1 0
github.com/h0rn3t/gopolars/pkg/expr/eval.go:960.12,961.15 1 0
github.com/h0rn3t/gopolars/pkg/expr/eval.go:962.12,963.16 1 0
github.com/h0rn3t/gopolars/pkg/expr/eval.go:965.2,965.14 1 0
github.com/h0rn3t/gopolars/pkg/expr/eval.go:968.54,969.12 1 0
github.com/h0rn3t/gopolars/pkg/expr/eval.go:970.12,971.15 1 0
github.com/h0rn3t/gopolars/pkg/expr/eval.go:972.12,973.16 1 0
github.com/h0rn3t/gopolars/pkg/expr/eval.go:974.12,975.15 1 0
github.com/h0rn3t/gopolars/pkg/expr/eval.go:976.12,977.16 1 0
github.com/h0rn3t/gopolars/pkg/expr/eval.go:979.2,979.14 1 0
github.com/h0rn3t/gopolars/pkg/expr/eval.go:982.53,983.12 1 1
github.com/h0rn3t/gopolars/pkg/expr/eval.go:984.12,985.15 1 0
github.com/h0rn3t/gopolars/pkg/expr/eval.go:986.12,987.16 1 0
github.com/h0rn3t/gopolars/pkg/expr/eval.go:988.12,989.15 1 1
github.com/h0rn3t/gopolars/pkg/expr/eval.go:990.12,991.16 1 0
github.com/h0rn3t/gopolars/pkg/expr/eval.go:993.2,993.14 1 0
github.com/h0rn3t/gopolars/pkg/expr/expr.go:37.28,39.2 1 1
github.com/h0rn3t/gopolars/pkg/expr/expr.go:41.22,43.2 1 1
github.com/h0rn3t/gopolars/pkg/expr/expr.go:45.23,45.76 1 0
github.com/h0rn3t/gopolars/pkg/expr/expr.go:46.23,46.76 1 1
github.com/h0rn3t/gopolars/pkg/expr/expr.go:47.23,47.76 1 1
github.com/h0rn3t/gopolars/pkg/expr/expr.go:48.24,50.2 1 0
github.com/h0rn3t/gopolars/pkg/expr/expr.go:51.19,51.62 1 1
github.com/h0rn3t/gopolars/pkg/expr/expr.go:52.27,54.2 1 1
github.com/h0rn3t/gopolars/pkg/expr/expr.go:56.39,59.2 2 0
github.com/h0rn3t/gopolars/pkg/expr/expr.go:61.45,63.2 1 1
github.com/h0rn3t/gopolars/pkg/expr/expr.go:65.35,65.65 1 0
github.com/h0rn3t/gopolars/pkg/expr/expr.go:66.35,66.65 1 1
github.com/h0rn3t/gopolars/pkg/expr/expr.go:67.35,67.65 1 0
github.com/h0rn3t/gopolars/pkg/expr/expr.go:68.35,68.65 1 0
github.com/h0rn3t/gopolars/pkg/expr/expr.go:69.35,69.65 1 1
github.com/h0rn3t/gopolars/pkg/expr/expr.go:70.35,70.65 1 0
github.com/h0rn3t/gopolars/pkg/expr/expr.go:71.36,73.2 1 1
github.com/h0rn3t/gopolars/pkg/expr/expr.go:74.36,76.2 1 1
github.com/h0rn3t/gopolars/pkg/expr/expr.go:77.36,79.2 1 1
github.com/h0rn3t/gopolars/pkg/expr/expr.go:80.36,82.2 1 1
github.com/h0rn3t/gopolars/pkg/expr/expr.go:83.36,85.2 1 1
github.com/h0rn3t/gopolars/pkg/expr/expr.go:86.35,88.2 1 1
github.com/h0rn3t/gopolars/pkg/expr/expr.go:90.26,92.2 1 1
github.com/h0rn3t/gopolars/pkg/expr/expr.go:94.29,96.2 1 1
github.com/h0rn3t/gopolars/pkg/expr/expr.go:98.32,100.2 1 1
github.com/h0rn3t/gopolars/pkg/expr/expr.go:102.29,104.2 1 0
github.com/h0rn3t/gopolars/pkg/expr/expr.go:106.31,108.2 1 0
github.com/h0rn3t/gopolars/pkg/expr/expr.go:110.31,112.2 1 0
github.com/h0rn3t/gopolars/pkg/expr/expr.go:114.55,116.2 1 1
github.com/h0rn3t/gopolars/pkg/expr/expr.go:118.30,120.2 1 1
github.com/h0rn3t/gopolars/pkg/expr/expr.go:122.29,124.2 1 0
github.com/h0rn3t/gopolars/pkg/expr/expr.go:126.30,128.2 1 1
github.com/h0rn3t/gopolars/pkg/expr/expr.go:130.28,132.2 1 1
github.com/h0rn3t/gopolars/pkg/expr/expr.go:134.29,136.2 1 0
github.com/h0rn3t/gopolars/pkg/expr/expr.go:138.32,140.2 1 0
github.com/h0rn3t/gopolars/pkg/expr/expr.go:142.30,144.2 1 0
github.com/h0rn3t/gopolars/pkg/expr/expr.go:146.45,148.2 1 0
github.com/h0rn3t/gopolars/pkg/expr/expr.go:150.45,152.2 1 1
github.com/h0rn3t/gopolars/pkg/expr/expr.go:154.40,156.2 1 0
github.com/h0rn3t/gopolars/pkg/expr/expr.go:158.44,160.2 1 0
github.com/h0rn3t/gopolars/pkg/expr/expr.go:162.42,164.2 1 0
github.com/h0rn3t/gopolars/pkg/expr/expr.go:166.29,168.2 1 0
github.com/h0rn3t/gopolars/pkg/expr/expr.go:170.31,172.2 1 0
github.com/h0rn3t/gopolars/pkg/expr/expr.go:174.27,176.2 1 0
github.com/h0rn3t/gopolars/pkg/expr/expr.go:178.48,180.2 1 0
github.com/h0rn3t/gopolars/pkg/expr/expr.go:182.48,186.2 3 0
github.com/h0rn3t/gopolars/pkg/expr/expr.go:188.41,190.2 1 0
github.com/h0rn3t/gopolars/pkg/expr/expr.go:192.40,194.2 1 0
github.com/h0rn3t/gopolars/pkg/expr/expr.go:196.43,198.2 1 0
github.com/h0rn3t/gopolars/pkg/expr/expr.go:200.43,202.2 1 0
github.com/h0rn3t/gopolars/pkg/expr/expr.go:204.44,206.2 1 0
github.com/h0rn3t/gopolars/pkg/expr/expr.go:208.43,210.2 1 0
github.com/h0rn3t/gopolars/pkg/expr/expr.go:212.43,214.2 1 0
github.com/h0rn3t/gopolars/pkg/expr/expr.go:216.43,218.2 1 0
github.com/h0rn3t/gopolars/pkg/expr/expr.go:220.45,222.2 1 0
github.com/h0rn3t/gopolars/pkg/expr/expr.go:224.28,226.2 1 0
github.com/h0rn3t/gopolars/pkg/expr/expr.go:228.36,230.2 1 0
github.com/h0rn3t/gopolars/pkg/expr/expr.go:232.26,234.2 1 0
github.com/h0rn3t/gopolars/pkg/expr/expr.go:236.27,238.2 1 0
github.com/h0rn3t/gopolars/pkg/expr/expr.go:240.25,242.2 1 0
github.com/h0rn3t/gopolars/pkg/expr/expr.go:244.26,246.2 1 0
github.com/h0rn3t/gopolars/pkg/expr/expr.go:248.27,250.2 1 0
github.com/h0rn3t/gopolars/pkg/expr/expr.go:252.29,254.2 1 0
github.com/h0rn3t/gopolars/pkg/expr/expr.go:256.26,258.2 1 0
github.com/h0rn3t/gopolars/pkg/expr/expr.go:260.26,262.2 1 0
github.com/h0rn3t/gopolars/pkg/expr/expr.go:264.32,266.2 1 0
github.com/h0rn3t/gopolars/pkg/expr/expr.go:268.26,270.2 1 0
github.com/h0rn3t/gopolars/pkg/expr/expr.go:272.37,274.2 1 0
github.com/h0rn3t/gopolars/pkg/expr/expr.go:276.26,278.2 1 0
github.com/h0rn3t/gopolars/pkg/expr/expr.go:280.39,282.2 1 0
github.com/h0rn3t/gopolars/pkg/expr/expr.go:284.36,286.2 1 0
github.com/h0rn3t/gopolars/pkg/expr/expr.go:288.29,290.2 1 0
github.com/h0rn3t/gopolars/pkg/expr/expr.go:292.30,294.2 1 0
github.com/h0rn3t/gopolars/pkg/expr/expr.go:296.29,298.2 1 0
github.com/h0rn3t/gopolars/pkg/expr/expr.go:300.30,302.2 1 0
github.com/h0rn3t/gopolars/pkg/expr/expr.go:304.29,306.2 1 0
github.com/h0rn3t/gopolars/pkg/expr/expr.go:308.30,310.2 1 0
github.com/h0rn3t/gopolars/pkg/expr/expr.go:312.29,314.2 1 0
github.com/h0rn3t/gopolars/pkg/expr/expr.go:316.29,318.2 1 0
github.com/h0rn3t/gopolars/pkg/expr/expr.go:320.30,322.2 1 0
github.com/h0rn3t/gopolars/pkg/expr/expr.go:324.30,326.2 1 0
github.com/h0rn3t/gopolars/pkg/expr/expr.go:328.32,330.2 1 0
github.com/h0rn3t/gopolars/pkg/expr/expr.go:332.26,334.2 1 0
github.com/h0rn3t/gopolars/pkg/expr/expr.go:336.35,338.2 1 0
github.com/h0rn3t/gopolars/pkg/expr/expr.go:340.26,342.2 1 0
github.com/h0rn3t/gopolars/pkg/expr/expr.go:344.43,346.2 1 0
github.com/h0rn3t/gopolars/pkg/expr/expr.go:348.39,350.2 1 0
github.com/h0rn3t/gopolars/pkg/expr/expr.go:352.40,354.2 1 0
github.com/h0rn3t/gopolars/pkg/expr/expr.go:356.41,358.2 1 0
github.com/h0rn3t/gopolars/pkg/expr/expr.go:360.42,362.2 1 0
github.com/h0rn3t/gopolars/pkg/expr/expr.go:364.42,366.2 1 0
github.com/h0rn3t/gopolars/pkg/expr/expr.go:368.43,370.2 1 0
github.com/h0rn3t/gopolars/pkg/expr/expr.go:372.42,374.2 1 0
github.com/h0rn3t/gopolars/pkg/expr/expr.go:376.43,378.2 1 0
github.com/h0rn3t/gopolars/pkg/expr/expr.go:380.35,382.2 1 0
github.com/h0rn3t/gopolars/pkg/expr/expr.go:384.46,386.2 1 0
github.com/h0rn3t/gopolars/pkg/expr/expr.go:388.26,390.2 1 0
github.com/h0rn3t/gopolars/pkg/expr/expr.go:392.27,394.2 1 0
github.com/h0rn3t/gopolars/pkg/expr/expr.go:396.27,398.2 1 0
github.com/h0rn3t/gopolars/pkg/expr/expr.go:400.26,402.2 1 0
github.com/h0rn3t/gopolars/pkg/expr/expr.go:404.26,406.2 1 0
github.com/h0rn3t/gopolars/pkg/expr/expr.go:408.27,410.2 1 0
github.com/h0rn3t/gopolars/pkg/expr/expr.go:412.27,414.2 1 0
github.com/h0rn3t/gopolars/pkg/expr/expr.go:416.26,418.2 1 0
github.com/h0rn3t/gopolars/pkg/expr/expr.go:420.27,422.2 1 0
github.com/h0rn3t/gopolars/pkg/expr/expr.go:424.26,426.2 1 0
github.com/h0rn3t/gopolars/pkg/expr/expr.go:428.28,430.2 1 0
github.com/h0rn3t/gopolars/pkg/expr/expr.go:432.29,434.2 1 0
github.com/h0rn3t/gopolars/pkg/expr/expr.go:436.29,438.2 1 0
github.com/h0rn3t/gopolars/pkg/expr/expr.go:440.30,442.2 1 0
github.com/h0rn3t/gopolars/pkg/expr/expr.go:444.37,446.2 1 0
github.com/h0rn3t/gopolars/pkg/expr/expr.go:448.26,450.2 1 0
github.com/h0rn3t/gopolars/pkg/expr/expr.go:452.30,454.2 1 0
github.com/h0rn3t/gopolars/pkg/expr/expr.go:456.34,458.2 1 0
github.com/h0rn3t/gopolars/pkg/expr/expr.go:460.27,462.2 1 0
github.com/h0rn3t/gopolars/pkg/expr/expr.go:464.36,466.2 1 0
github.com/h0rn3t/gopolars/pkg/expr/expr.go:468.31,470.2 1 0
github.com/h0rn3t/gopolars/pkg/expr/expr.go:472.32,474.2 1 0
github.com/h0rn3t/gopolars/pkg/expr/expr.go:476.30,478.2 1 0
github.com/h0rn3t/gopolars/pkg/expr/expr.go:480.42,482.2 1 0
github.com/h0rn3t/gopolars/pkg/expr/expr.go:484.30,486.2 1 0
github.com/h0rn3t/gopolars/pkg/expr/expr.go:488.39,490.2 1 0
github.com/h0rn3t/gopolars/pkg/expr/expr.go:492.29,494.2 1 0
github.com/h0rn3t/gopolars/pkg/expr/expr.go:496.29,498.2 1 0
github.com/h0rn3t/gopolars/pkg/expr/expr.go:500.47,502.2 1 0
github.com/h0rn3t/gopolars/pkg/expr/expr.go:504.30,506.2 1 0
github.com/h0rn3t/gopolars/pkg/expr/expr.go:508.26,510.2 1 0
github.com/h0rn3t/gopolars/pkg/expr/expr.go:512.47,514.2 1 0
github.com/h0rn3t/gopolars/pkg/expr/expr.go:516.38,518.2 1 0
github.com/h0rn3t/gopolars/pkg/expr/expr.go:520.28,522.2 1 0
github.com/h0rn3t/gopolars/pkg/expr/expr.go:524.30,526.2 1 0
github.com/h0rn3t/gopolars/pkg/expr/expr.go:528.28,530.2 1 0
github.com/h0rn3t/gopolars/pkg/expr/expr.go:532.41,534.2 1 0
github.com/h0rn3t/gopolars/pkg/expr/expr.go:536.41,538.2 1 0
github.com/h0rn3t/gopolars/pkg/expr/expr.go:540.34,542.2 1 0
github.com/h0rn3t/gopolars/pkg/expr/expr.go:544.31,546.2 1 0
github.com/h0rn3t/gopolars/pkg/expr/expr.go:548.31,550.2 1 0
github.com/h0rn3t/gopolars/pkg/expr/expr.go:552.39,554.2 1 0
github.com/h0rn3t/gopolars/pkg/expr/expr.go:556.42,558.2 1 0
github.com/h0rn3t/gopolars/pkg/expr/expr.go:560.36,562.2 1 0
github.com/h0rn3t/gopolars/pkg/expr/expr.go:564.31,566.2 1 0
github.com/h0rn3t/gopolars/pkg/expr/expr.go:568.27,570.2 1 0
github.com/h0rn3t/gopolars/pkg/expr/expr.go:572.32,574.2 1 0
github.com/h0rn3t/gopolars/pkg/expr/expr.go:576.27,578.2 1 0
github.com/h0rn3t/gopolars/pkg/expr/expr.go:580.30,582.2 1 0
github.com/h0rn3t/gopolars/pkg/expr/expr.go:584.39,586.2 1 0
github.com/h0rn3t/gopolars/pkg/expr/expr.go:588.30,590.2 1 0
github.com/h0rn3t/gopolars/pkg/expr/expr.go:592.34,594.2 1 0
github.com/h0rn3t/gopolars/pkg/expr/expr.go:596.43,598.2 1 0
github.com/h0rn3t/gopolars/pkg/expr/expr.go:600.54,602.2 1 0
github.com/h0rn3t/gopolars/pkg/expr/expr.go:604.40,606.2 1 0
github.com/h0rn3t/gopolars/pkg/expr/expr.go:608.35,610.2 1 0
github.com/h0rn3t/gopolars/pkg/expr/expr.go:612.31,614.2 1 0
github.com/h0rn3t/gopolars/pkg/expr/expr.go:616.38,618.2 1 0
github.com/h0rn3t/gopolars/pkg/expr/expr.go:620.38,622.2 1 0
github.com/h0rn3t/gopolars/pkg/expr/expr.go:624.33,626.2 1 0
github.com/h0rn3t/gopolars/pkg/expr/expr.go:628.37,630.2 1 0
github.com/h0rn3t/gopolars/pkg/expr/expr.go:632.28,634.2 1 0
github.com/h0rn3t/gopolars/pkg/expr/expr.go:636.31,638.2 1 0
github.com/h0rn3t/gopolars/pkg/expr/expr.go:640.31,642.2 1 0
github.com/h0rn3t/gopolars/pkg/expr/expr.go:644.27,646.2 1 0
github.com/h0rn3t/gopolars/pkg/expr/expr.go:648.31,650.2 1 0
github.com/h0rn3t/gopolars/pkg/expr/expr.go:652.27,654.2 1 0
github.com/h0rn3t/gopolars/pkg/expr/expr.go:656.33,658.2 1 0
github.com/h0rn3t/gopolars/pkg/expr/expr.go:660.28,662.2 1 0
github.com/h0rn3t/gopolars/pkg/expr/expr.go:664.28,666.2 1 0
github.com/h0rn3t/gopolars/pkg/expr/expr.go:668.33,670.2 1 0
github.com/h0rn3t/gopolars/pkg/expr/expr.go:672.33,674.2 1 0
github.com/h0rn3t/gopolars/pkg/expr/expr.go:676.34,678.2 1 0
github.com/h0rn3t/gopolars/pkg/expr/expr.go:680.26,682.2 1 0
github.com/h0rn3t/gopolars/pkg/expr/expr.go:684.35,686.2 1 0
github.com/h0rn3t/gopolars/pkg/expr/expr.go:688.27,690.2 1 0
github.com/h0rn3t/gopolars/pkg/expr/expr.go:692.29,694.2 1 0
github.com/h0rn3t/gopolars/pkg/expr/expr.go:696.27,698.2 1 0
github.com/h0rn3t/gopolars/pkg/expr/expr.go:700.26,702.2 1 0
github.com/h0rn3t/gopolars/pkg/expr/expr.go:704.35,706.2 1 0
github.com/h0rn3t/gopolars/pkg/expr/expr.go:708.36,710.2 1 0
github.com/h0rn3t/gopolars/pkg/expr/expr.go:712.27,714.2 1 0
github.com/h0rn3t/gopolars/pkg/expr/expr.go:716.30,718.2 1 0
github.com/h0rn3t/gopolars/pkg/expr/expr.go:720.29,722.2 1 0
github.com/h0rn3t/gopolars/pkg/expr/expr.go:724.29,726.2 1 0
github.com/h0rn3t/gopolars/pkg/expr/expr.go:728.42,730.2 1 0
github.com/h0rn3t/gopolars/pkg/expr/expr.go:732.26,734.2 1 0
github.com/h0rn3t/gopolars/pkg/expr/expr.go:736.27,738.2 1 0
github.com/h0rn3t/gopolars/pkg/expr/expr.go:740.32,742.2 1 0
github.com/h0rn3t/gopolars/pkg/expr/expr.go:744.36,746.2 1 0
github.com/h0rn3t/gopolars/pkg/expr/expr.go:748.32,750.2 1 0
github.com/h0rn3t/gopolars/pkg/expr/expr.go:752.30,754.2 1 0
github.com/h0rn3t/gopolars/pkg/expr/expr.go:756.30,758.2 1 0
github.com/h0rn3t/gopolars/pkg/expr/expr.go:760.27,762.2 1 0
github.com/h0rn3t/gopolars/pkg/expr/expr.go:764.30,766.2 1 0
github.com/h0rn3t/gopolars/pkg/expr/expr.go:768.27,770.2 1 0
github.com/h0rn3t/gopolars/pkg/expr/expr.go:772.31,774.2 1 0
github.com/h0rn3t/gopolars/pkg/expr/expr.go:776.27,778.2 1 0
github.com/h0rn3t/gopolars/pkg/expr/expr.go:780.30,782.2 1 0
github.com/h0rn3t/gopolars/pkg/expr/expr.go:784.45,786.2 1 0
github.com/h0rn3t/gopolars/pkg/expr/expr.go:788.54,790.2 1 0
github.com/h0rn3t/gopolars/pkg/expr/expr.go:792.55,794.2 1 0
github.com/h0rn3t/gopolars/pkg/expr/expr.go:796.54,798.2 1 0
github.com/h0rn3t/gopolars/pkg/expr/expr.go:800.54,802.2 1 0
github.com/h0rn3t/gopolars/pkg/expr/expr.go:804.54,806.2 1 0
github.com/h0rn3t/gopolars/pkg/expr/expr.go:808.54,810.2 1 0
github.com/h0rn3t/gopolars/pkg/expr/expr.go:812.46,814.2 1 0
github.com/h0rn3t/gopolars/pkg/expr/expr.go:816.57,818.2 1 0
github.com/h0rn3t/gopolars/pkg/expr/expr.go:820.59,822.2 1 0
github.com/h0rn3t/gopolars/pkg/expr/expr.go:824.70,826.2 1 0
github.com/h0rn3t/gopolars/pkg/expr/expr.go:828.44,830.2 1 0
github.com/h0rn3t/gopolars/pkg/expr/expr.go:832.48,834.2 1 0
github.com/h0rn3t/gopolars/pkg/expr/expr.go:836.43,838.2 1 0
github.com/h0rn3t/gopolars/pkg/expr/expr.go:840.40,842.2 1 0
github.com/h0rn3t/gopolars/pkg/expr/expr.go:844.44,846.2 1 0
github.com/h0rn3t/gopolars/pkg/expr/expr.go:848.55,850.2 1 0
github.com/h0rn3t/gopolars/pkg/expr/expr.go:852.42,854.2 1 0
github.com/h0rn3t/gopolars/pkg/expr/expr.go:856.53,858.2 1 0
github.com/h0rn3t/gopolars/pkg/expr/expr.go:860.50,862.2 1 0
github.com/h0rn3t/gopolars/pkg/expr/expr.go:864.32,866.2 1 0
github.com/h0rn3t/gopolars/pkg/expr/expr.go:868.29,870.2 1 0
github.com/h0rn3t/gopolars/pkg/expr/expr.go:872.35,874.2 1 0
github.com/h0rn3t/gopolars/pkg/expr/expr.go:876.34,878.2 1 0
github.com/h0rn3t/gopolars/pkg/expr/expr.go:880.30,882.2 1 0
github.com/h0rn3t/gopolars/pkg/expr/expr.go:884.34,886.2 1 0
github.com/h0rn3t/gopolars/pkg/expr/expr.go:888.36,890.2 1 0
github.com/h0rn3t/gopolars/pkg/expr/expr.go:892.54,896.2 3 0
github.com/h0rn3t/gopolars/pkg/expr/expr.go:898.41,900.27 2 0
github.com/h0rn3t/gopolars/pkg/expr/expr.go:900.27,902.3 1 0
github.com/h0rn3t/gopolars/pkg/expr/expr.go:903.2,903.85 1 0
github.com/h0rn3t/gopolars/pkg/expr/expr.go:906.26,908.2 1 0
github.com/h0rn3t/gopolars/pkg/expr/expr.go:910.28,912.2 1 0
github.com/h0rn3t/gopolars/pkg/expr/expr.go:914.46,916.2 1 0
github.com/h0rn3t/gopolars/pkg/expr/expr.go:918.45,920.2 1 0
github.com/h0rn3t/gopolars/pkg/expr/expr.go:922.47,924.2 1 0
github.com/h0rn3t/gopolars/pkg/expr/expr.go:926.39,928.2 1 0
github.com/h0rn3t/gopolars/pkg/expr/expr.go:930.30,932.2 1 0
github.com/h0rn3t/gopolars/pkg/expr/expr.go:934.34,936.2 1 0
github.com/h0rn3t/gopolars/pkg/expr/expr.go:938.40,940.2 1 0
github.com/h0rn3t/gopolars/pkg/expr/expr.go:942.27,944.2 1 0
github.com/h0rn3t/gopolars/pkg/expr/expr.go:946.26,948.2 1 0
github.com/h0rn3t/gopolars/pkg/expr/expr.go:950.26,952.2 1 0
github.com/h0rn3t/gopolars/pkg/expr/expr.go:954.26,956.2 1 0
github.com/h0rn3t/gopolars/pkg/expr/expr.go:958.37,960.2 1 0
github.com/h0rn3t/gopolars/pkg/expr/expr.go:962.36,964.2 1 0
github.com/h0rn3t/gopolars/pkg/expr/expr.go:966.33,968.2 1 0
github.com/h0rn3t/gopolars/pkg/expr/expr.go:970.32,972.2 1 0
github.com/h0rn3t/gopolars/pkg/expr/expr.go:974.43,976.2 1 0
github.com/h0rn3t/gopolars/pkg/expr/expr.go:978.31,980.2 1 0
github.com/h0rn3t/gopolars/pkg/expr/expr.go:982.40,984.2 1 0
github.com/h0rn3t/gopolars/pkg/expr/expr.go:986.33,988.2 1 0
github.com/h0rn3t/gopolars/pkg/expr/expr.go:990.58,992.2 1 0
github.com/h0rn3t/gopolars/pkg/expr/expr.go:994.29,995.19 1 0
github.com/h0rn3t/gopolars/pkg/expr/expr.go:995.19,997.3 1 0
github.com/h0rn3t/gopolars/pkg/expr/expr.go:998.2,998.23 1 0
github.com/h0rn3t/gopolars/pkg/expr/expr.go:998.23,1000.3 1 0
github.com/h0rn3t/gopolars/pkg/expr/expr.go:1001.2,1001.42 1 0
github.com/h0rn3t/gopolars/pkg/expr/expr.go:1001.42,1003.3 1 0
github.com/h0rn3t/gopolars/pkg/expr/expr.go:1004.2,1004.15 1 0
github.com/h0rn3t/gopolars/pkg/expr/expr.go:1007.27,1009.2 1 1
github.com/h0rn3t/gopolars/pkg/expr/expr.go:1011.28,1013.2 1 1
github.com/h0rn3t/gopolars/pkg/expr/expr.go:1015.29,1017.2 1 1
github.com/h0rn3t/gopolars/pkg/expr/expr.go:1019.27,1021.2 1 1
github.com/h0rn3t/gopolars/pkg/expr/expr.go:1023.27,1025.2 1 1
github.com/h0rn3t/gopolars/pkg/expr/expr.go:1027.32,1029.2 1 1
github.com/h0rn3t/gopolars/pkg/expr/expr.go:1031.30,1033.2 1 1
github.com/h0rn3t/gopolars/pkg/expr/expr.go:1035.29,1037.2 1 0
github.com/h0rn3t/gopolars/pkg/expr/expr.go:1039.42,1041.2 1 1
github.com/h0rn3t/gopolars/pkg/expr/expr.go:1043.49,1045.2 1 1
github.com/h0rn3t/gopolars/pkg/expr/row_access.go:16.61,19.33 3 0
github.com/h0rn3t/gopolars/pkg/expr/row_access.go:19.33,21.3 1 0
github.com/h0rn3t/gopolars/pkg/expr/row_access.go:22.2,22.37 1 0
github.com/h0rn3t/gopolars/pkg/expr/row_access.go:25.39,25.67 1 0
github.com/h0rn3t/gopolars/pkg/expr/row_access.go:27.38,27.65 1 0
github.com/h0rn3t/gopolars/pkg/expr/row_access.go:29.68,31.35 2 0
github.com/h0rn3t/gopolars/pkg/expr/row_access.go:31.35,33.3 1 0
github.com/h0rn3t/gopolars/pkg/expr/row_access.go:34.2,34.40 1 0
github.com/h0rn3t/gopolars/pkg/io/csv/io.go:29.53,31.16 2 1
github.com/h0rn3t/gopolars/pkg/io/csv/io.go:31.16,33.3 1 0
github.com/h0rn3t/gopolars/pkg/io/csv/io.go:34.2,34.15 1 1
github.com/h0rn3t/gopolars/pkg/io/csv/io.go:34.15,34.32 1 1
github.com/h0rn3t/gopolars/pkg/io/csv/io.go:35.2,36.26 2 1
github.com/h0rn3t/gopolars/pkg/io/csv/io.go:36.26,38.3 1 1
github.com/h0rn3t/gopolars/pkg/io/csv/io.go:39.2,40.16 2 1
github.com/h0rn3t/gopolars/pkg/io/csv/io.go:40.16,42.3 1 0
github.com/h0rn3t/gopolars/pkg/io/csv/io.go:43.2,43.20 1 1
github.com/h0rn3t/gopolars/pkg/io/csv/io.go:43.20,45.3 1 0
github.com/h0rn3t/gopolars/pkg/io/csv/io.go:46.2,48.21 3 1
github.com/h0rn3t/gopolars/pkg/io/csv/io.go:48.21,51.3 2 1
github.com/h0rn3t/gopolars/pkg/io/csv/io.go:51.8,52.25 1 1
github.com/h0rn3t/gopolars/pkg/io/csv/io.go:52.25,54.4 1 1
github.com/h0rn3t/gopolars/pkg/io/csv/io.go:56.2,57.37 2 1
github.com/h0rn3t/gopolars/pkg/io/csv/io.go:57.37,58.25 1 1
github.com/h0rn3t/gopolars/pkg/io/csv/io.go:58.25,59.24 1 1
github.com/h0rn3t/gopolars/pkg/io/csv/io.go:59.24,61.5 1 1
github.com/h0rn3t/gopolars/pkg/io/csv/io.go:61.10,63.5 1 0
github.com/h0rn3t/gopolars/pkg/io/csv/io.go:66.2,67.34 2 1
github.com/h0rn3t/gopolars/pkg/io/csv/io.go:67.34,69.3 1 1
github.com/h0rn3t/gopolars/pkg/io/csv/io.go:70.2,71.30 2 1
github.com/h0rn3t/gopolars/pkg/io/csv/io.go:71.30,72.24 1 1
github.com/h0rn3t/gopolars/pkg/io/csv/io.go:72.24,73.36 1 1
github.com/h0rn3t/gopolars/pkg/io/csv/io.go:73.36,74.13 1 1
github.com/h0rn3t/gopolars/pkg/io/csv/io.go:77.3,79.17 3 1
github.com/h0rn3t/gopolars/pkg/io/csv/io.go:79.17,81.4 1 0
github.com/h0rn3t/gopolars/pkg/io/csv/io.go:82.3,82.21 1 1
github.com/h0rn3t/gopolars/pkg/io/csv/io.go:84.2,84.46 1 1
github.com/h0rn3t/gopolars/pkg/io/csv/io.go:87.56,89.16 2 1
github.com/h0rn3t/gopolars/pkg/io/csv/io.go:89.16,91.3 1 0
github.com/h0rn3t/gopolars/pkg/io/csv/io.go:92.2,92.15 1 1
github.com/h0rn3t/gopolars/pkg/io/csv/io.go:92.15,92.32 1 1
github.com/h0rn3t/gopolars/pkg/io/csv/io.go:93.2,94.26 2 1
github.com/h0rn3t/gopolars/pkg/io/csv/io.go:94.26,96.3 1 1
github.com/h0rn3t/gopolars/pkg/io/csv/io.go:97.2,97.25 1 1
github.com/h0rn3t/gopolars/pkg/io/csv/io.go:97.25,98.47 1 1
github.com/h0rn3t/gopolars/pkg/io/csv/io.go:98.47,100.4 1 0
github.com/h0rn3t/gopolars/pkg/io/csv/io.go:102.2,102.41 1 1
github.com/h0rn3t/gopolars/pkg/io/csv/io.go:102.41,104.37 2 1
github.com/h0rn3t/gopolars/pkg/io/csv/io.go:104.37,107.16 3 1
github.com/h0rn3t/gopolars/pkg/io/csv/io.go:107.16,109.13 2 0
github.com/h0rn3t/gopolars/pkg/io/csv/io.go:111.4,111.25 1 1
github.com/h0rn3t/gopolars/pkg/io/csv/io.go:112.19,113.50 1 1
github.com/h0rn3t/gopolars/pkg/io/csv/io.go:114.12,115.44 1 1
github.com/h0rn3t/gopolars/pkg/io/csv/io.go:118.3,118.38 1 1
github.com/h0rn3t/gopolars/pkg/io/csv/io.go:118.38,120.4 1 0
github.com/h0rn3t/gopolars/pkg/io/csv/io.go:122.2,123.18 2 1
github.com/h0rn3t/gopolars/pkg/io/csv/io.go:126.95,127.43 1 1
github.com/h0rn3t/gopolars/pkg/io/csv/io.go:127.43,129.3 1 1
github.com/h0rn3t/gopolars/pkg/io/csv/io.go:130.2,134.27 5 1
github.com/h0rn3t/gopolars/pkg/io/csv/io.go:134.27,135.14 1 1
github.com/h0rn3t/gopolars/pkg/io/csv/io.go:135.14,136.12 1 0
github.com/h0rn3t/gopolars/pkg/io/csv/io.go:138.3,138.56 1 1
github.com/h0rn3t/gopolars/pkg/io/csv/io.go:138.56,140.4 1 1
github.com/h0rn3t/gopolars/pkg/io/csv/io.go:141.3,141.54 1 1
github.com/h0rn3t/gopolars/pkg/io/csv/io.go:141.54,143.4 1 1
github.com/h0rn3t/gopolars/pkg/io/csv/io.go:144.3,144.49 1 1
github.com/h0rn3t/gopolars/pkg/io/csv/io.go:144.49,146.4 1 1
github.com/h0rn3t/gopolars/pkg/io/csv/io.go:147.3,147.56 1 1
github.com/h0rn3t/gopolars/pkg/io/csv/io.go:147.56,149.4 1 1
github.com/h0rn3t/gopolars/pkg/io/csv/io.go:151.2,151.9 1 1
github.com/h0rn3t/gopolars/pkg/io/csv/io.go:152.13,153.59 1 1
github.com/h0rn3t/gopolars/pkg/io/csv/io.go:154.15,155.63 1 1
github.com/h0rn3t/gopolars/pkg/io/csv/io.go:156.14,157.63 1 1
github.com/h0rn3t/gopolars/pkg/io/csv/io.go:158.14,159.65 1 0
github.com/h0rn3t/gopolars/pkg/io/csv/io.go:160.10,161.61 1 1
github.com/h0rn3t/gopolars/pkg/io/csv/io.go:165.63,167.27 2 1
github.com/h0rn3t/gopolars/pkg/io/csv/io.go:167.27,168.14 1 1
github.com/h0rn3t/gopolars/pkg/io/csv/io.go:168.14,170.12 2 0
github.com/h0rn3t/gopolars/pkg/io/csv/io.go:172.3,172.13 1 1
github.com/h0rn3t/gopolars/pkg/io/csv/io.go:173.21,175.14 2 1
github.com/h0rn3t/gopolars/pkg/io/csv/io.go:176.23,178.14 2 1
github.com/h0rn3t/gopolars/pkg/io/csv/io.go:179.23,181.14 2 1
github.com/h0rn3t/gopolars/pkg/io/csv/io.go:182.24,184.14 2 1
github.com/h0rn3t/gopolars/pkg/io/csv/io.go:185.11,186.14 1 1
github.com/h0rn3t/gopolars/pkg/io/csv/io.go:189.2,189.12 1 1
github.com/h0rn3t/gopolars/pkg/io/json/io.go:27.53,28.18 1 1
github.com/h0rn3t/gopolars/pkg/io/json/io.go:28.18,30.3 1 1
github.com/h0rn3t/gopolars/pkg/io/json/io.go:31.2,32.16 2 1
github.com/h0rn3t/gopolars/pkg/io/json/io.go:32.16,34.3 1 0
github.com/h0rn3t/gopolars/pkg/io/json/io.go:35.2,36.52 2 1
github.com/h0rn3t/gopolars/pkg/io/json/io.go:36.52,38.3 1 0
github.com/h0rn3t/gopolars/pkg/io/json/io.go:39.2,39.52 1 1
github.com/h0rn3t/gopolars/pkg/io/json/io.go:42.56,45.16 3 1
github.com/h0rn3t/gopolars/pkg/io/json/io.go:45.16,47.3 1 0
github.com/h0rn3t/gopolars/pkg/io/json/io.go:48.2,48.15 1 1
github.com/h0rn3t/gopolars/pkg/io/json/io.go:48.15,48.32 1 1
github.com/h0rn3t/gopolars/pkg/io/json/io.go:49.2,49.18 1 1
github.com/h0rn3t/gopolars/pkg/io/json/io.go:49.18,51.28 2 1
github.com/h0rn3t/gopolars/pkg/io/json/io.go:51.28,53.18 2 1
github.com/h0rn3t/gopolars/pkg/io/json/io.go:53.18,55.5 1 0
github.com/h0rn3t/gopolars/pkg/io/json/io.go:56.4,56.56 1 1
github.com/h0rn3t/gopolars/pkg/io/json/io.go:56.56,58.5 1 0
github.com/h0rn3t/gopolars/pkg/io/json/io.go:60.3,60.19 1 1
github.com/h0rn3t/gopolars/pkg/io/json/io.go:62.2,63.18 2 1
github.com/h0rn3t/gopolars/pkg/io/json/io.go:63.18,65.3 1 1
github.com/h0rn3t/gopolars/pkg/io/json/io.go:65.8,67.3 1 0
github.com/h0rn3t/gopolars/pkg/io/json/io.go:68.2,68.16 1 1
github.com/h0rn3t/gopolars/pkg/io/json/io.go:68.16,70.3 1 0
github.com/h0rn3t/gopolars/pkg/io/json/io.go:71.2,72.12 2 1
github.com/h0rn3t/gopolars/pkg/io/json/io.go:75.59,77.16 2 1
github.com/h0rn3t/gopolars/pkg/io/json/io.go:77.16,79.3 1 0
github.com/h0rn3t/gopolars/pkg/io/json/io.go:80.2,80.15 1 1
github.com/h0rn3t/gopolars/pkg/io/json/io.go:80.15,80.32 1 1
github.com/h0rn3t/gopolars/pkg/io/json/io.go:81.2,83.21 3 1
github.com/h0rn3t/gopolars/pkg/io/json/io.go:83.21,86.52 3 1
github.com/h0rn3t/gopolars/pkg/io/json/io.go:86.52,88.4 1 0
github.com/h0rn3t/gopolars/pkg/io/json/io.go:89.3,89.27 1 1
github.com/h0rn3t/gopolars/pkg/io/json/io.go:91.2,91.38 1 1
github.com/h0rn3t/gopolars/pkg/io/json/io.go:91.38,93.3 1 0
github.com/h0rn3t/gopolars/pkg/io/json/io.go:94.2,94.52 1 1
github.com/h0rn3t/gopolars/pkg/io/json/io.go:97.103,98.20 1 1
github.com/h0rn3t/gopolars/pkg/io/json/io.go:98.20,100.3 1 0
github.com/h0rn3t/gopolars/pkg/io/json/io.go:101.2,102.25 2 1
github.com/h0rn3t/gopolars/pkg/io/json/io.go:102.25,104.3 1 1
github.com/h0rn3t/gopolars/pkg/io/json/io.go:105.2,106.28 2 1
github.com/h0rn3t/gopolars/pkg/io/json/io.go:106.28,108.3 1 1
github.com/h0rn3t/gopolars/pkg/io/json/io.go:109.2,110.26 2 1
github.com/h0rn3t/gopolars/pkg/io/json/io.go:110.26,111.24 1 1
github.com/h0rn3t/gopolars/pkg/io/json/io.go:111.24,112.33 1 1
github.com/h0rn3t/gopolars/pkg/io/json/io.go:112.33,113.13 1 1
github.com/h0rn3t/gopolars/pkg/io/json/io.go:116.3,116.45 1 1
github.com/h0rn3t/gopolars/pkg/io/json/io.go:118.2,118.27 1 1
github.com/h0rn3t/gopolars/pkg/io/json/io.go:118.27,119.27 1 1
github.com/h0rn3t/gopolars/pkg/io/json/io.go:119.27,120.25 1 1
github.com/h0rn3t/gopolars/pkg/io/json/io.go:120.25,121.34 1 1
github.com/h0rn3t/gopolars/pkg/io/json/io.go:121.34,122.14 1 1
github.com/h0rn3t/gopolars/pkg/io/json/io.go:125.4,125.67 1 1
github.com/h0rn3t/gopolars/pkg/io/json/io.go:128.2,129.26 2 1
github.com/h0rn3t/gopolars/pkg/io/json/io.go:129.26,130.24 1 1
github.com/h0rn3t/gopolars/pkg/io/json/io.go:130.24,131.33 1 1
github.com/h0rn3t/gopolars/pkg/io/json/io.go:131.33,132.13 1 1
github.com/h0rn3t/gopolars/pkg/io/json/io.go:135.3,137.17 3 1
github.com/h0rn3t/gopolars/pkg/io/json/io.go:137.17,139.4 1 0
github.com/h0rn3t/gopolars/pkg/io/json/io.go:140.3,140.23 1 1
github.com/h0rn3t/gopolars/pkg/io/json/io.go:142.2,142.47 1 1
github.com/h0rn3t/gopolars/pkg/io/json/io.go:145.50,148.35 3 1
github.com/h0rn3t/gopolars/pkg/io/json/io.go:148.35,150.26 2 1
github.com/h0rn3t/gopolars/pkg/io/json/io.go:150.26,153.34 3 1
github.com/h0rn3t/gopolars/pkg/io/json/io.go:153.34,155.13 2 1
github.com/h0rn3t/gopolars/pkg/io/json/io.go:157.4,157.14 1 1
github.com/h0rn3t/gopolars/pkg/io/json/io.go:159.3,159.27 1 1
github.com/h0rn3t/gopolars/pkg/io/json/io.go:161.2,161.13 1 1
github.com/h0rn3t/gopolars/pkg/io/json/io.go:164.32,165.23 1 1
github.com/h0rn3t/gopolars/pkg/io/json/io.go:166.15,167.29 1 1
github.com/h0rn3t/gopolars/pkg/io/json/io.go:167.29,169.4 1 1
github.com/h0rn3t/gopolars/pkg/io/json/io.go:170.3,170.11 1 0
github.com/h0rn3t/gopolars/pkg/io/json/io.go:171.10,172.11 1 1
github.com/h0rn3t/gopolars/pkg/io/json/io.go:176.81,177.43 1 1
github.com/h0rn3t/gopolars/pkg/io/json/io.go:177.43,179.3 1 1
github.com/h0rn3t/gopolars/pkg/io/json/io.go:180.2,180.27 1 1
github.com/h0rn3t/gopolars/pkg/io/json/io.go:180.27,181.15 1 1
github.com/h0rn3t/gopolars/pkg/io/json/io.go:181.15,182.12 1 0
github.com/h0rn3t/gopolars/pkg/io/json/io.go:184.3,184.19 1 1
github.com/h0rn3t/gopolars/pkg/io/json/io.go:185.14,186.23 1 1
github.com/h0rn3t/gopolars/pkg/io/json/io.go:187.16,188.25 1 0
github.com/h0rn3t/gopolars/pkg/io/json/io.go:189.13,190.25 1 0
github.com/h0rn3t/gopolars/pkg/io/json/io.go:191.15,192.24 1 1
github.com/h0rn3t/gopolars/pkg/io/json/io.go:195.2,195.22 1 0
github.com/h0rn3t/gopolars/pkg/io/ipc/io.go:21.13,27.2 5 1
github.com/h0rn3t/gopolars/pkg/io/ipc/io.go:29.56,31.16 2 1
github.com/h0rn3t/gopolars/pkg/io/ipc/io.go:31.16,33.3 1 0
github.com/h0rn3t/gopolars/pkg/io/ipc/io.go:34.2,34.15 1 1
github.com/h0rn3t/gopolars/pkg/io/ipc/io.go:34.15,34.32 1 1
github.com/h0rn3t/gopolars/pkg/io/ipc/io.go:35.2,36.39 2 1
github.com/h0rn3t/gopolars/pkg/io/ipc/io.go:39.53,41.16 2 1
github.com/h0rn3t/gopolars/pkg/io/ipc/io.go:41.16,43.3 1 0
github.com/h0rn3t/gopolars/pkg/io/ipc/io.go:44.2,44.15 1 1
github.com/h0rn3t/gopolars/pkg/io/ipc/io.go:44.15,44.32 1 1
github.com/h0rn3t/gopolars/pkg/io/ipc/io.go:45.2,47.43 3 1
github.com/h0rn3t/gopolars/pkg/io/ipc/io.go:47.43,49.3 1 0
github.com/h0rn3t/gopolars/pkg/io/ipc/io.go:50.2,50.29 1 1
github.com/h0rn3t/gopolars/pkg/io/ipc/io.go:50.29,52.3 1 1
github.com/h0rn3t/gopolars/pkg/io/ipc/io.go:53.2,54.34 2 1
github.com/h0rn3t/gopolars/pkg/io/ipc/io.go:54.34,56.3 1 1
github.com/h0rn3t/gopolars/pkg/io/ipc/io.go:57.2,58.42 2 1
github.com/h0rn3t/gopolars/pkg/io/ipc/io.go:58.42,59.35 1 1
github.com/h0rn3t/gopolars/pkg/io/ipc/io.go:59.35,60.12 1 1
github.com/h0rn3t/gopolars/pkg/io/ipc/io.go:62.3,62.22 1 1
github.com/h0rn3t/gopolars/pkg/io/ipc/io.go:64.2,64.54 1 1
github.com/h0rn3t/gopolars/pkg/simd/simd_generic.go:6.41,8.25 2 1
github.com/h0rn3t/gopolars/pkg/simd/simd_generic.go:8.25,10.3 1 1
github.com/h0rn3t/gopolars/pkg/simd/simd_generic.go:11.2,11.12 1 1
github.com/h0rn3t/gopolars/pkg/simd/simd_generic.go:16.41,17.20 1 1
github.com/h0rn3t/gopolars/pkg/simd/simd_generic.go:17.20,19.3 1 1
github.com/h0rn3t/gopolars/pkg/simd/simd_generic.go:20.2,21.29 2 1
github.com/h0rn3t/gopolars/pkg/simd/simd_generic.go:21.29,22.14 1 1
github.com/h0rn3t/gopolars/pkg/simd/simd_generic.go:22.14,24.4 1 1
github.com/h0rn3t/gopolars/pkg/simd/simd_generic.go:26.2,26.12 1 1
github.com/h0rn3t/gopolars/pkg/simd/simd_generic.go:31.41,32.20 1 1
github.com/h0rn3t/gopolars/pkg/simd/simd_generic.go:32.20,34.3 1 1
github.com/h0rn3t/gopolars/pkg/simd/simd_generic.go:35.2,36.29 2 1
github.com/h0rn3t/gopolars/pkg/simd/simd_generic.go:36.29,37.14 1 1
github.com/h0rn3t/gopolars/pkg/simd/simd_generic.go:37.14,39.4 1 1
github.com/h0rn3t/gopolars/pkg/simd/simd_generic.go:41.2,41.12 1 1
github.com/h0rn3t/gopolars/pkg/simd/simd_generic.go:46.55,47.20 1 1
github.com/h0rn3t/gopolars/pkg/simd/simd_generic.go:47.20,49.3 1 1
github.com/h0rn3t/gopolars/pkg/simd/simd_generic.go:50.2,51.29 2 1
github.com/h0rn3t/gopolars/pkg/simd/simd_generic.go:51.29,52.14 1 1
github.com/h0rn3t/gopolars/pkg/simd/simd_generic.go:52.14,54.4 1 1
github.com/h0rn3t/gopolars/pkg/simd/simd_generic.go:55.3,55.14 1 1
github.com/h0rn3t/gopolars/pkg/simd/simd_generic.go:55.14,57.4 1 1
github.com/h0rn3t/gopolars/pkg/simd/simd_generic.go:59.2,59.17 1 1
github.com/h0rn3t/gopolars/pkg/simd/simd_generic.go:63.41,65.2 1 1
github.com/h0rn3t/gopolars/pkg/simd/simd_generic.go:69.49,71.16 2 1
github.com/h0rn3t/gopolars/pkg/simd/simd_generic.go:71.16,73.3 1 1
github.com/h0rn3t/gopolars/pkg/simd/simd_generic.go:74.2,75.25 2 1
github.com/h0rn3t/gopolars/pkg/simd/simd_generic.go:75.25,77.3 1 1
github.com/h0rn3t/gopolars/pkg/simd/simd_generic.go:78.2,78.15 1 1
github.com/h0rn3t/gopolars/pkg/simd/simd_generic.go:83.49,85.16 2 1
github.com/h0rn3t/gopolars/pkg/simd/simd_generic.go:85.16,87.3 1 1
github.com/h0rn3t/gopolars/pkg/simd/simd_generic.go:88.2,89.25 2 1
github.com/h0rn3t/gopolars/pkg/simd/simd_generic.go:89.25,91.3 1 1
github.com/h0rn3t/gopolars/pkg/simd/simd_generic.go:92.2,92.15 1 1
github.com/h0rn3t/gopolars/pkg/simd/simd_generic.go:97.48,99.16 2 1
github.com/h0rn3t/gopolars/pkg/simd/simd_generic.go:99.16,101.3 1 1
github.com/h0rn3t/gopolars/pkg/simd/simd_generic.go:102.2,103.25 2 1
github.com/h0rn3t/gopolars/pkg/simd/simd_generic.go:103.25,105.3 1 1
github.com/h0rn3t/gopolars/pkg/simd/simd_generic.go:106.2,106.12 1 1
github.com/h0rn3t/gopolars/pkg/exec/engine.go:22.19,24.2 1 1
github.com/h0rn3t/gopolars/pkg/exec/engine.go:26.117,30.2 3 1
github.com/h0rn3t/gopolars/pkg/exec/engine.go:32.141,34.52 2 0
github.com/h0rn3t/gopolars/pkg/exec/engine.go:34.52,36.3 1 0
github.com/h0rn3t/gopolars/pkg/exec/engine.go:37.2,38.32 2 0
github.com/h0rn3t/gopolars/pkg/exec/engine.go:38.32,40.3 1 0
github.com/h0rn3t/gopolars/pkg/exec/engine.go:41.2,44.29 4 0
github.com/h0rn3t/gopolars/pkg/exec/engine.go:44.29,46.17 2 0
github.com/h0rn3t/gopolars/pkg/exec/engine.go:46.17,48.4 1 0
github.com/h0rn3t/gopolars/pkg/exec/engine.go:49.3,49.36 1 0
github.com/h0rn3t/gopolars/pkg/exec/engine.go:51.2,52.16 2 0
github.com/h0rn3t/gopolars/pkg/exec/engine.go:52.16,54.3 1 0
github.com/h0rn3t/gopolars/pkg/exec/engine.go:55.2,55.21 1 0
github.com/h0rn3t/gopolars/pkg/exec/engine.go:55.21,57.3 1 0
github.com/h0rn3t/gopolars/pkg/exec/engine.go:58.2,58.20 1 0
github.com/h0rn3t/gopolars/pkg/exec/engine.go:61.98,65.70 4 1
github.com/h0rn3t/gopolars/pkg/exec/engine.go:65.70,67.17 2 1
github.com/h0rn3t/gopolars/pkg/exec/engine.go:68.25,69.14 1 0
github.com/h0rn3t/gopolars/pkg/exec/engine.go:70.27,72.18 2 0
github.com/h0rn3t/gopolars/pkg/exec/engine.go:72.18,74.5 1 0
github.com/h0rn3t/gopolars/pkg/exec/engine.go:75.4,76.14 2 0
github.com/h0rn3t/gopolars/pkg/exec/engine.go:77.27,78.25 1 1
github.com/h0rn3t/gopolars/pkg/exec/engine.go:78.25,80.5 1 0
github.com/h0rn3t/gopolars/pkg/exec/engine.go:81.4,82.18 2 1
github.com/h0rn3t/gopolars/pkg/exec/engine.go:82.18,84.5 1 0
github.com/h0rn3t/gopolars/pkg/exec/engine.go:85.4,86.14 2 1
github.com/h0rn3t/gopolars/pkg/exec/engine.go:87.29,89.18 2 0
github.com/h0rn3t/gopolars/pkg/exec/engine.go:89.18,91.5 1 0
github.com/h0rn3t/gopolars/pkg/exec/engine.go:92.4,93.14 2 0
github.com/h0rn3t/gopolars/pkg/exec/engine.go:94.25,96.18 2 0
github.com/h0rn3t/gopolars/pkg/exec/engine.go:96.18,98.5 1 0
github.com/h0rn3t/gopolars/pkg/exec/engine.go:99.4,100.14 2 0
github.com/h0rn3t/gopolars/pkg/exec/engine.go:101.26,103.14 2 0
github.com/h0rn3t/gopolars/pkg/exec/engine.go:104.25,106.14 2 0
github.com/h0rn3t/gopolars/pkg/exec/engine.go:107.26,109.26 2 0
github.com/h0rn3t/gopolars/pkg/exec/engine.go:109.26,110.62 1 0
github.com/h0rn3t/gopolars/pkg/exec/engine.go:110.62,112.6 1 0
github.com/h0rn3t/gopolars/pkg/exec/engine.go:114.4,115.14 2 0
github.com/h0rn3t/gopolars/pkg/exec/engine.go:116.32,118.26 2 0
github.com/h0rn3t/gopolars/pkg/exec/engine.go:118.26,119.62 1 0
github.com/h0rn3t/gopolars/pkg/exec/engine.go:119.62,121.6 1 0
github.com/h0rn3t/gopolars/pkg/exec/engine.go:123.4,124.14 2 0
github.com/h0rn3t/gopolars/pkg/exec/engine.go:125.28,127.14 2 0
github.com/h0rn3t/gopolars/pkg/exec/engine.go:128.27,130.45 2 0
github.com/h0rn3t/gopolars/pkg/exec/engine.go:130.45,132.5 1 0
github.com/h0rn3t/gopolars/pkg/exec/engine.go:133.4,134.18 2 0
github.com/h0rn3t/gopolars/pkg/exec/engine.go:134.18,136.5 1 0
github.com/h0rn3t/gopolars/pkg/exec/engine.go:137.4,138.14 2 0
github.com/h0rn3t/gopolars/pkg/exec/engine.go:139.27,141.18 2 0
github.com/h0rn3t/gopolars/pkg/exec/engine.go:141.18,143.5 1 0
github.com/h0rn3t/gopolars/pkg/exec/engine.go:144.4,145.14 2 0
github.com/h0rn3t/gopolars/pkg/exec/engine.go:146.29,147.25 1 0
github.com/h0rn3t/gopolars/pkg/exec/engine.go:147.25,149.5 1 0
github.com/h0rn3t/gopolars/pkg/exec/engine.go:150.4,151.18 2 0
github.com/h0rn3t/gopolars/pkg/exec/engine.go:151.18,153.5 1 0
github.com/h0rn3t/gopolars/pkg/exec/engine.go:154.4,155.14 2 0
github.com/h0rn3t/gopolars/pkg/exec/engine.go:156.30,158.14 2 0
github.com/h0rn3t/gopolars/pkg/exec/engine.go:159.29,161.14 2 0
github.com/h0rn3t/gopolars/pkg/exec/engine.go:162.25,164.18 2 0
github.com/h0rn3t/gopolars/pkg/exec/engine.go:164.18,166.5 1 0
github.com/h0rn3t/gopolars/pkg/exec/engine.go:167.4,168.14 2 0
github.com/h0rn3t/gopolars/pkg/exec/engine.go:169.27,171.18 2 0
github.com/h0rn3t/gopolars/pkg/exec/engine.go:171.18,173.5 1 0
github.com/h0rn3t/gopolars/pkg/exec/engine.go:174.4,175.14 2 0
github.com/h0rn3t/gopolars/pkg/exec/engine.go:176.28,178.18 2 0
github.com/h0rn3t/gopolars/pkg/exec/engine.go:178.18,180.5 1 0
github.com/h0rn3t/gopolars/pkg/exec/engine.go:181.4,182.14 2 0
github.com/h0rn3t/gopolars/pkg/exec/engine.go:183.28,184.27 1 0
github.com/h0rn3t/gopolars/pkg/exec/engine.go:184.27,186.5 1 0
github.com/h0rn3t/gopolars/pkg/exec/engine.go:187.4,188.18 2 0
github.com/h0rn3t/gopolars/pkg/exec/engine.go:188.18,190.5 1 0
github.com/h0rn3t/gopolars/pkg/exec/engine.go:191.4,192.14 2 0
github.com/h0rn3t/gopolars/pkg/exec/engine.go:193.27,195.18 2 0
github.com/h0rn3t/gopolars/pkg/exec/engine.go:195.18,197.5 1 0
github.com/h0rn3t/gopolars/pkg/exec/engine.go:198.4,199.14 2 0
github.com/h0rn3t/gopolars/pkg/exec/engine.go:200.46,201.26 1 0
github.com/h0rn3t/gopolars/pkg/exec/engine.go:201.26,203.5 1 0
github.com/h0rn3t/gopolars/pkg/exec/engine.go:204.4,205.18 2 0
github.com/h0rn3t/gopolars/pkg/exec/engine.go:205.18,207.5 1 0
github.com/h0rn3t/gopolars/pkg/exec/engine.go:208.4,208.47 1 0
github.com/h0rn3t/gopolars/pkg/exec/engine.go:208.47,210.5 1 0
github.com/h0rn3t/gopolars/pkg/exec/engine.go:211.4,212.34 2 0
github.com/h0rn3t/gopolars/pkg/exec/engine.go:212.34,214.5 1 0
github.com/h0rn3t/gopolars/pkg/exec/engine.go:214.10,216.5 1 0
github.com/h0rn3t/gopolars/pkg/exec/engine.go:217.4,217.18 1 0
github.com/h0rn3t/gopolars/pkg/exec/engine.go:217.18,219.5 1 0
github.com/h0rn3t/gopolars/pkg/exec/engine.go:220.4,221.14 2 0
github.com/h0rn3t/gopolars/pkg/exec/engine.go:222.31,223.26 1 0
github.com/h0rn3t/gopolars/pkg/exec/engine.go:223.26,225.5 1 0
github.com/h0rn3t/gopolars/pkg/exec/engine.go:226.4,227.26 2 0
github.com/h0rn3t/gopolars/pkg/exec/engine.go:227.26,228.74 1 0
github.com/h0rn3t/gopolars/pkg/exec/engine.go:228.74,230.6 1 0
github.com/h0rn3t/gopolars/pkg/exec/engine.go:232.4,233.18 2 0
github.com/h0rn3t/gopolars/pkg/exec/engine.go:233.18,235.5 1 0
github.com/h0rn3t/gopolars/pkg/exec/engine.go:236.4,237.14 2 0
github.com/h0rn3t/gopolars/pkg/exec/engine.go:238.26,240.18 2 0
github.com/h0rn3t/gopolars/pkg/exec/engine.go:240.18,242.5 1 0
github.com/h0rn3t/gopolars/pkg/exec/engine.go:243.4,244.14 2 0
github.com/h0rn3t/gopolars/pkg/exec/engine.go:245.30,246.26 1 0
github.com/h0rn3t/gopolars/pkg/exec/engine.go:246.26,248.5 1 0
github.com/h0rn3t/gopolars/pkg/exec/engine.go:249.4,250.18 2 0
github.com/h0rn3t/gopolars/pkg/exec/engine.go:250.18,252.5 1 0
github.com/h0rn3t/gopolars/pkg/exec/engine.go:253.4,254.14 2 0
github.com/h0rn3t/gopolars/pkg/exec/engine.go:255.25,257.45 2 0
github.com/h0rn3t/gopolars/pkg/exec/engine.go:257.45,259.5 1 0
github.com/h0rn3t/gopolars/pkg/exec/engine.go:260.4,261.18 2 0
github.com/h0rn3t/gopolars/pkg/exec/engine.go:261.18,263.5 1 0
github.com/h0rn3t/gopolars/pkg/exec/engine.go:264.4,265.14 2 0
github.com/h0rn3t/gopolars/pkg/exec/engine.go:266.28,268.26 2 0
github.com/h0rn3t/gopolars/pkg/exec/engine.go:268.26,269.72 1 0
github.com/h0rn3t/gopolars/pkg/exec/engine.go:269.72,271.6 1 0
github.com/h0rn3t/gopolars/pkg/exec/engine.go:273.4,274.18 2 0
github.com/h0rn3t/gopolars/pkg/exec/engine.go:274.18,276.5 1 0
github.com/h0rn3t/gopolars/pkg/exec/engine.go:277.4,278.14 2 0
github.com/h0rn3t/gopolars/pkg/exec/engine.go:279.32,281.18 2 0
github.com/h0rn3t/gopolars/pkg/exec/engine.go:281.18,283.5 1 0
github.com/h0rn3t/gopolars/pkg/exec/engine.go:284.4,285.14 2 0
github.com/h0rn3t/gopolars/pkg/exec/engine.go:286.29,287.26 1 1
github.com/h0rn3t/gopolars/pkg/exec/engine.go:287.26,289.5 1 0
github.com/h0rn3t/gopolars/pkg/exec/engine.go:290.4,291.18 2 1
github.com/h0rn3t/gopolars/pkg/exec/engine.go:291.18,293.5 1 0
github.com/h0rn3t/gopolars/pkg/exec/engine.go:294.4,295.14 2 1
github.com/h0rn3t/gopolars/pkg/exec/engine.go:296.27,297.24 1 0
github.com/h0rn3t/gopolars/pkg/exec/engine.go:297.24,299.5 1 0
github.com/h0rn3t/gopolars/pkg/exec/engine.go:300.4,301.18 2 0
github.com/h0rn3t/gopolars/pkg/exec/engine.go:301.18,303.5 1 0
github.com/h0rn3t/gopolars/pkg/exec/engine.go:304.4,305.18 2 0
github.com/h0rn3t/gopolars/pkg/exec/engine.go:305.18,307.5 1 0
github.com/h0rn3t/gopolars/pkg/exec/engine.go:308.4,309.14 2 0
github.com/h0rn3t/gopolars/pkg/exec/engine.go:310.26,311.26 1 0
github.com/h0rn3t/gopolars/pkg/exec/engine.go:311.26,313.5 1 0
github.com/h0rn3t/gopolars/pkg/exec/engine.go:314.4,315.26 2 0
github.com/h0rn3t/gopolars/pkg/exec/engine.go:315.26,317.5 1 0
github.com/h0rn3t/gopolars/pkg/exec/engine.go:318.4,319.18 2 0
github.com/h0rn3t/gopolars/pkg/exec/engine.go:319.18,321.5 1 0
github.com/h0rn3t/gopolars/pkg/exec/engine.go:322.4,323.14 2 0
github.com/h0rn3t/gopolars/pkg/exec/engine.go:324.28,325.48 1 0
github.com/h0rn3t/gopolars/pkg/exec/engine.go:325.48,327.5 1 0
github.com/h0rn3t/gopolars/pkg/exec/engine.go:328.4,329.18 2 0
github.com/h0rn3t/gopolars/pkg/exec/engine.go:329.18,331.5 1 0
github.com/h0rn3t/gopolars/pkg/exec/engine.go:332.4,333.18 2 0
github.com/h0rn3t/gopolars/pkg/exec/engine.go:333.18,335.5 1 0
github.com/h0rn3t/gopolars/pkg/exec/engine.go:336.4,337.26 2 0
github.com/h0rn3t/gopolars/pkg/exec/engine.go:337.26,339.5 1 0
github.com/h0rn3t/gopolars/pkg/exec/engine.go:340.4,341.18 2 0
github.com/h0rn3t/gopolars/pkg/exec/engine.go:341.18,343.5 1 0
github.com/h0rn3t/gopolars/pkg/exec/engine.go:344.4,345.14 2 0
github.com/h0rn3t/gopolars/pkg/exec/engine.go:346.28,347.69 1 0
github.com/h0rn3t/gopolars/pkg/exec/engine.go:347.69,349.5 1 0
github.com/h0rn3t/gopolars/pkg/exec/engine.go:350.4,351.18 2 0
github.com/h0rn3t/gopolars/pkg/exec/engine.go:351.18,353.5 1 0
github.com/h0rn3t/gopolars/pkg/exec/engine.go:354.4,355.18 2 0
github.com/h0rn3t/gopolars/pkg/exec/engine.go:355.18,357.5 1 0
github.com/h0rn3t/gopolars/pkg/exec/engine.go:358.4,359.18 2 0
github.com/h0rn3t/gopolars/pkg/exec/engine.go:359.18,361.5 1 0
github.com/h0rn3t/gopolars/pkg/exec/engine.go:362.4,372.18 2 0
github.com/h0rn3t/gopolars/pkg/exec/engine.go:372.18,374.5 1 0
github.com/h0rn3t/gopolars/pkg/exec/engine.go:375.4,376.14 2 0
github.com/h0rn3t/gopolars/pkg/exec/engine.go:377.30,379.18 2 0
github.com/h0rn3t/gopolars/pkg/exec/engine.go:379.18,381.5 1 0
github.com/h0rn3t/gopolars/pkg/exec/engine.go:382.4,383.14 2 0
github.com/h0rn3t/gopolars/pkg/exec/engine.go:384.25,385.21 1 0
github.com/h0rn3t/gopolars/pkg/exec/engine.go:385.21,387.5 1 0
github.com/h0rn3t/gopolars/pkg/exec/engine.go:388.4,397.18 2 0
github.com/h0rn3t/gopolars/pkg/exec/engine.go:397.18,399.5 1 0
github.com/h0rn3t/gopolars/pkg/exec/engine.go:400.4,401.14 2 0
github.com/h0rn3t/gopolars/pkg/exec/engine.go:402.26,403.27 1 1
github.com/h0rn3t/gopolars/pkg/exec/engine.go:403.27,405.5 1 0
github.com/h0rn3t/gopolars/pkg/exec/engine.go:406.4,407.18 2 1
github.com/h0rn3t/gopolars/pkg/exec/engine.go:407.18,409.5 1 0
github.com/h0rn3t/gopolars/pkg/exec/engine.go:410.4,411.18 2 1
github.com/h0rn3t/gopolars/pkg/exec/engine.go:411.18,413.5 1 0
github.com/h0rn3t/gopolars/pkg/exec/engine.go:414.4,415.14 2 1
github.com/h0rn3t/gopolars/pkg/exec/engine.go:416.11,417.57 1 0
github.com/h0rn3t/gopolars/pkg/exec/engine.go:420.2,420.16 1 1
github.com/h0rn3t/gopolars/pkg/exec/engine.go:420.16,422.3 1 0
github.com/h0rn3t/gopolars/pkg/exec/engine.go:423.2,423.21 1 1
github.com/h0rn3t/gopolars/pkg/exec/engine.go:426.98,427.48 1 1
github.com/h0rn3t/gopolars/pkg/exec/engine.go:428.15,429.41 1 0
github.com/h0rn3t/gopolars/pkg/exec/engine.go:430.19,431.40 1 0
github.com/h0rn3t/gopolars/pkg/exec/engine.go:432.19,433.38 1 1
github.com/h0rn3t/gopolars/pkg/exec/engine.go:434.16,435.35 1 1
github.com/h0rn3t/gopolars/pkg/exec/engine.go:436.10,437.75 1 0
github.com/h0rn3t/gopolars/pkg/exec/engine.go:441.98,443.16 2 0
github.com/h0rn3t/gopolars/pkg/exec/engine.go:443.16,445.3 1 0
github.com/h0rn3t/gopolars/pkg/exec/engine.go:446.2,446.9 1 0
github.com/h0rn3t/gopolars/pkg/exec/engine.go:446.9,448.3 1 0
github.com/h0rn3t/gopolars/pkg/exec/engine.go:449.2,449.24 1 0
github.com/h0rn3t/gopolars/pkg/exec/engine.go:452.92,454.44 2 1
github.com/h0rn3t/gopolars/pkg/exec/engine.go:454.44,456.3 1 1
github.com/h0rn3t/gopolars/pkg/exec/engine.go:457.2,458.43 2 1
github.com/h0rn3t/gopolars/pkg/exec/engine.go:458.43,459.47 1 1
github.com/h0rn3t/gopolars/pkg/exec/engine.go:459.47,461.4 1 1
github.com/h0rn3t/gopolars/pkg/exec/engine.go:463.2,463.30 1 1
github.com/h0rn3t/gopolars/pkg/exec/engine.go:466.89,468.44 2 1
github.com/h0rn3t/gopolars/pkg/exec/engine.go:468.44,470.3 1 1
github.com/h0rn3t/gopolars/pkg/exec/engine.go:471.2,472.43 2 1
github.com/h0rn3t/gopolars/pkg/exec/engine.go:472.43,473.48 1 1
github.com/h0rn3t/gopolars/pkg/exec/engine.go:473.48,475.4 1 1
github.com/h0rn3t/gopolars/pkg/exec/engine.go:477.2,477.30 1 1
github.com/h0rn3t/gopolars/pkg/exec/engine.go:480.73,482.36 2 1
github.com/h0rn3t/gopolars/pkg/exec/engine.go:482.36,485.3 2 1
github.com/h0rn3t/gopolars/pkg/exec/engine.go:486.2,486.47 1 1
github.com/h0rn3t/gopolars/pkg/exec/engine.go:489.49,491.33 2 1
github.com/h0rn3t/gopolars/pkg/exec/engine.go:491.33,494.3 2 1
github.com/h0rn3t/gopolars/pkg/exec/engine.go:495.2,495.12 1 1
github.com/h0rn3t/gopolars/pkg/exec/engine.go:498.49,499.26 1 0
github.com/h0rn3t/gopolars/pkg/exec/engine.go:499.26,500.17 1 0
github.com/h0rn3t/gopolars/pkg/exec/engine.go:501.166,502.15 1 0
github.com/h0rn3t/gopolars/pkg/exec/engine.go:505.2,505.14 1 0
github.com/h0rn3t/gopolars/pkg/exec/engine.go:508.75,509.26 1 0
github.com/h0rn3t/gopolars/pkg/exec/engine.go:509.26,511.3 1 0
github.com/h0rn3t/gopolars/pkg/exec/engine.go:512.2,513.62 2 0
github.com/h0rn3t/gopolars/pkg/exec/engine.go:513.62,515.28 2 0
github.com/h0rn3t/gopolars/pkg/exec/engine.go:515.28,517.4 1 0
github.com/h0rn3t/gopolars/pkg/exec/engine.go:518.3,519.32 2 0
github.com/h0rn3t/gopolars/pkg/exec/engine.go:519.32,521.4 1 0
github.com/h0rn3t/gopolars/pkg/exec/engine.go:522.3,523.41 2 0
github.com/h0rn3t/gopolars/pkg/exec/engine.go:523.41,526.4 2 0
github.com/h0rn3t/gopolars/pkg/exec/engine.go:527.3,528.26 2 0
github.com/h0rn3t/gopolars/pkg/exec/engine.go:530.2,530.12 1 0
github.com/h0rn3t/gopolars/pkg/exec/engine.go:533.69,534.21 1 0
github.com/h0rn3t/gopolars/pkg/exec/engine.go:534.21,536.3 1 0
github.com/h0rn3t/gopolars/pkg/exec/engine.go:537.2,537.21 1 0
github.com/h0rn3t/gopolars/pkg/exec/engine.go:537.21,539.3 1 0
github.com/h0rn3t/gopolars/pkg/exec/engine.go:540.2,542.31 3 0
github.com/h0rn3t/gopolars/pkg/exec/engine.go:542.31,545.27 3 0
github.com/h0rn3t/gopolars/pkg/exec/engine.go:545.27,547.11 2 0
github.com/h0rn3t/gopolars/pkg/exec/engine.go:547.11,549.5 1 0
github.com/h0rn3t/gopolars/pkg/exec/engine.go:550.4,550.14 1 0
github.com/h0rn3t/gopolars/pkg/exec/engine.go:550.14,552.5 1 0
github.com/h0rn3t/gopolars/pkg/exec/engine.go:553.4,553.42 1 0
github.com/h0rn3t/gopolars/pkg/exec/engine.go:553.42,555.5 1 0
github.com/h0rn3t/gopolars/pkg/exec/engine.go:557.3,558.17 2 0
github.com/h0rn3t/gopolars/pkg/exec/engine.go:558.17,560.4 1 0
github.com/h0rn3t/gopolars/pkg/exec/engine.go:561.3,561.39 1 0
github.com/h0rn3t/gopolars/pkg/exec/engine.go:563.2,563.54 1 0
github.com/h0rn3t/gopolars/pkg/exec/engine.go:566.69,569.26 3 0
github.com/h0rn3t/gopolars/pkg/exec/engine.go:569.26,570.34 1 0
github.com/h0rn3t/gopolars/pkg/exec/engine.go:570.34,572.12 2 0
github.com/h0rn3t/gopolars/pkg/exec/engine.go:574.3,574.40 1 0
github.com/h0rn3t/gopolars/pkg/exec/engine.go:574.40,576.4 1 0
github.com/h0rn3t/gopolars/pkg/exec/engine.go:578.2,578.19 1 0
github.com/h0rn3t/gopolars/pkg/exec/engine.go:581.94,583.28 2 0
github.com/h0rn3t/gopolars/pkg/exec/engine.go:583.28,586.41 3 0
github.com/h0rn3t/gopolars/pkg/exec/engine.go:586.41,588.36 2 0
github.com/h0rn3t/gopolars/pkg/exec/engine.go:588.36,590.12 2 0
github.com/h0rn3t/gopolars/pkg/exec/engine.go:590.12,592.6 1 0
github.com/h0rn3t/gopolars/pkg/exec/engine.go:593.5,593.42 1 0
github.com/h0rn3t/gopolars/pkg/exec/engine.go:595.4,595.48 1 0
github.com/h0rn3t/gopolars/pkg/exec/engine.go:597.3,597.35 1 0
github.com/h0rn3t/gopolars/pkg/exec/engine.go:597.35,600.26 3 0
github.com/h0rn3t/gopolars/pkg/exec/engine.go:600.26,601.45 1 0
github.com/h0rn3t/gopolars/pkg/exec/engine.go:601.45,604.36 3 0
github.com/h0rn3t/gopolars/pkg/exec/engine.go:604.36,609.19 5 0
github.com/h0rn3t/gopolars/pkg/exec/engine.go:609.19,610.16 1 0
github.com/h0rn3t/gopolars/pkg/exec/engine.go:612.7,613.15 2 0
github.com/h0rn3t/gopolars/pkg/exec/engine.go:613.15,615.8 1 0
github.com/h0rn3t/gopolars/pkg/exec/engine.go:616.7,616.21 1 0
github.com/h0rn3t/gopolars/pkg/exec/engine.go:618.6,618.20 1 0
github.com/h0rn3t/gopolars/pkg/exec/engine.go:621.4,621.18 1 0
github.com/h0rn3t/gopolars/pkg/exec/engine.go:622.22,623.33 1 0
github.com/h0rn3t/gopolars/pkg/exec/engine.go:623.33,625.6 1 0
github.com/h0rn3t/gopolars/pkg/exec/engine.go:626.12,628.19 2 0
github.com/h0rn3t/gopolars/pkg/exec/engine.go:628.19,630.6 1 0
github.com/h0rn3t/gopolars/pkg/exec/engine.go:631.5,631.33 1 0
github.com/h0rn3t/gopolars/pkg/exec/engine.go:631.33,633.6 1 0
github.com/h0rn3t/gopolars/pkg/exec/engine.go:636.3,637.17 2 0
github.com/h0rn3t/gopolars/pkg/exec/engine.go:638.30,639.21 1 0
github.com/h0rn3t/gopolars/pkg/exec/engine.go:640.28,641.45 1 0
github.com/h0rn3t/gopolars/pkg/exec/engine.go:641.45,643.5 1 0
github.com/h0rn3t/gopolars/pkg/exec/engine.go:645.3,646.17 2 0
github.com/h0rn3t/gopolars/pkg/exec/engine.go:646.17,648.4 1 0
github.com/h0rn3t/gopolars/pkg/exec/engine.go:649.3,650.17 2 0
github.com/h0rn3t/gopolars/pkg/exec/engine.go:650.17,652.4 1 0
github.com/h0rn3t/gopolars/pkg/exec/engine.go:654.2,654.21 1 0
github.com/h0rn3t/gopolars/pkg/exec/engine.go:657.97,658.19 1 0
github.com/h0rn3t/gopolars/pkg/exec/engine.go:658.19,659.36 1 0
github.com/h0rn3t/gopolars/pkg/exec/engine.go:659.36,661.4 1 0
github.com/h0rn3t/gopolars/pkg/exec/engine.go:662.3,663.10 2 0
github.com/h0rn3t/gopolars/pkg/exec/engine.go:663.10,665.4 1 0
github.com/h0rn3t/gopolars/pkg/exec/engine.go:666.3,667.26 2 0
github.com/h0rn3t/gopolars/pkg/exec/engine.go:667.26,668.25 1 0
github.com/h0rn3t/gopolars/pkg/exec/engine.go:668.25,670.5 1 0
github.com/h0rn3t/gopolars/pkg/exec/engine.go:672.3,672.20 1 0
github.com/h0rn3t/gopolars/pkg/exec/engine.go:674.2,675.9 2 0
github.com/h0rn3t/gopolars/pkg/exec/engine.go:675.9,677.3 1 0
github.com/h0rn3t/gopolars/pkg/exec/engine.go:678.2,678.12 1 0
github.com/h0rn3t/gopolars/pkg/exec/engine.go:679.21,682.26 3 0
github.com/h0rn3t/gopolars/pkg/exec/engine.go:682.26,684.16 2 0
github.com/h0rn3t/gopolars/pkg/exec/engine.go:684.16,685.13 1 0
github.com/h0rn3t/gopolars/pkg/exec/engine.go:687.4,688.11 2 0
github.com/h0rn3t/gopolars/pkg/exec/engine.go:688.11,690.5 1 0
github.com/h0rn3t/gopolars/pkg/exec/engine.go:691.4,692.11 2 0
github.com/h0rn3t/gopolars/pkg/exec/engine.go:694.3,694.18 1 0
github.com/h0rn3t/gopolars/pkg/exec/engine.go:694.18,695.36 1 0
github.com/h0rn3t/gopolars/pkg/exec/engine.go:695.36,697.5 1 0
github.com/h0rn3t/gopolars/pkg/exec/engine.go:698.4,698.21 1 0
github.com/h0rn3t/gopolars/pkg/exec/engine.go:700.3,700.17 1 0
github.com/h0rn3t/gopolars/pkg/exec/engine.go:700.17,702.4 1 0
github.com/h0rn3t/gopolars/pkg/exec/engine.go:703.3,703.37 1 0
github.com/h0rn3t/gopolars/pkg/exec/engine.go:704.20,707.26 3 0
github.com/h0rn3t/gopolars/pkg/exec/engine.go:707.26,709.16 2 0
github.com/h0rn3t/gopolars/pkg/exec/engine.go:709.16,710.13 1 0
github.com/h0rn3t/gopolars/pkg/exec/engine.go:712.4,712.13 1 0
github.com/h0rn3t/gopolars/pkg/exec/engine.go:712.13,715.13 3 0
github.com/h0rn3t/gopolars/pkg/exec/engine.go:717.4,718.56 2 0
github.com/h0rn3t/gopolars/pkg/exec/engine.go:718.56,720.5 1 0
github.com/h0rn3t/gopolars/pkg/exec/engine.go:722.3,722.19 1 0
github.com/h0rn3t/gopolars/pkg/exec/engine.go:724.2,724.62 1 0
github.com/h0rn3t/gopolars/pkg/exec/engine.go:727.37,728.23 1 0
github.com/h0rn3t/gopolars/pkg/exec/engine.go:729.13,730.26 1 0
github.com/h0rn3t/gopolars/pkg/exec/engine.go:731.15,732.17 1 0
github.com/h0rn3t/gopolars/pkg/exec/engine.go:733.10,734.18 1 0
github.com/h0rn3t/gopolars/pkg/exec/engine.go:738.47,739.33 1 1
github.com/h0rn3t/gopolars/pkg/exec/engine.go:739.33,741.3 1 0
github.com/h0rn3t/gopolars/pkg/exec/engine.go:742.2,742.17 1 1
github.com/h0rn3t/gopolars/pkg/exec/engine.go:742.17,744.3 1 0
github.com/h0rn3t/gopolars/pkg/exec/engine.go:745.2,745.18 1 1
github.com/h0rn3t/gopolars/pkg/exec/engine.go:745.18,747.3 1 0
github.com/h0rn3t/gopolars/pkg/exec/engine.go:748.2,748.26 1 1
github.com/h0rn3t/gopolars/pkg/exec/engine.go:749.13,751.10 2 0
github.com/h0rn3t/gopolars/pkg/exec/engine.go:751.10,753.4 1 0
github.com/h0rn3t/gopolars/pkg/exec/engine.go:754.3,754.12 1 0
github.com/h0rn3t/gopolars/pkg/exec/engine.go:754.12,756.4 1 0
github.com/h0rn3t/gopolars/pkg/exec/engine.go:757.3,757.12 1 0
github.com/h0rn3t/gopolars/pkg/exec/engine.go:757.12,759.4 1 0
github.com/h0rn3t/gopolars/pkg/exec/engine.go:760.15,762.10 2 0
github.com/h0rn3t/gopolars/pkg/exec/engine.go:762.10,764.4 1 0
github.com/h0rn3t/gopolars/pkg/exec/engine.go:765.3,765.12 1 0
github.com/h0rn3t/gopolars/pkg/exec/engine.go:765.12,767.4 1 0
github.com/h0rn3t/gopolars/pkg/exec/engine.go:768.3,768.12 1 0
github.com/h0rn3t/gopolars/pkg/exec/engine.go:768.12,770.4 1 0
github.com/h0rn3t/gopolars/pkg/exec/engine.go:771.14,773.10 2 1
github.com/h0rn3t/gopolars/pkg/exec/engine.go:773.10,775.4 1 0
github.com/h0rn3t/gopolars/pkg/exec/engine.go:776.3,776.12 1 1
github.com/h0rn3t/gopolars/pkg/exec/engine.go:776.12,778.4 1 1
github.com/h0rn3t/gopolars/pkg/exec/engine.go:779.3,779.12 1 1
github.com/h0rn3t/gopolars/pkg/exec/engine.go:779.12,781.4 1 1
github.com/h0rn3t/gopolars/pkg/exec/engine.go:782.17,784.10 2 1
github.com/h0rn3t/gopolars/pkg/exec/engine.go:784.10,786.4 1 0
github.com/h0rn3t/gopolars/pkg/exec/engine.go:787.3,787.18 1 1
github.com/h0rn3t/gopolars/pkg/exec/engine.go:787.18,789.4 1 0
github.com/h0rn3t/gopolars/pkg/exec/engine.go:790.3,790.17 1 1
github.com/h0rn3t/gopolars/pkg/exec/engine.go:790.17,792.4 1 1
github.com/h0rn3t/gopolars/pkg/exec/engine.go:794.2,794.10 1 0
github.com/h0rn3t/gopolars/pkg/exec/engine.go:797.81,800.36 3 0
github.com/h0rn3t/gopolars/pkg/exec/engine.go:800.36,802.23 2 0
github.com/h0rn3t/gopolars/pkg/exec/engine.go:802.23,805.12 3 0
github.com/h0rn3t/gopolars/pkg/exec/engine.go:807.3,807.35 1 0
github.com/h0rn3t/gopolars/pkg/exec/engine.go:809.2,809.15 1 0
github.com/h0rn3t/gopolars/pkg/exec/engine.go:809.15,811.3 1 0
github.com/h0rn3t/gopolars/pkg/exec/engine.go:812.2,812.48 1 0
github.com/h0rn3t/gopolars/pkg/exec/engine.go:815.92,817.36 2 1
github.com/h0rn3t/gopolars/pkg/exec/engine.go:817.36,821.13 4 1
github.com/h0rn3t/gopolars/pkg/exec/engine.go:822.14,825.33 3 1
github.com/h0rn3t/gopolars/pkg/exec/engine.go:825.33,827.17 2 1
github.com/h0rn3t/gopolars/pkg/exec/engine.go:827.17,828.14 1 0
github.com/h0rn3t/gopolars/pkg/exec/engine.go:830.5,830.45 1 1
github.com/h0rn3t/gopolars/pkg/exec/engine.go:830.45,833.6 2 1
github.com/h0rn3t/gopolars/pkg/exec/engine.go:835.4,836.21 2 1
github.com/h0rn3t/gopolars/pkg/exec/engine.go:837.14,840.33 3 1
github.com/h0rn3t/gopolars/pkg/exec/engine.go:840.33,842.17 2 1
github.com/h0rn3t/gopolars/pkg/exec/engine.go:842.17,843.14 1 0
github.com/h0rn3t/gopolars/pkg/exec/engine.go:845.5,845.45 1 1
github.com/h0rn3t/gopolars/pkg/exec/engine.go:845.45,848.6 2 1
github.com/h0rn3t/gopolars/pkg/exec/engine.go:850.4,851.21 2 1
github.com/h0rn3t/gopolars/pkg/exec/engine.go:852.16,854.33 2 0
github.com/h0rn3t/gopolars/pkg/exec/engine.go:854.33,855.20 1 0
github.com/h0rn3t/gopolars/pkg/exec/engine.go:855.20,857.6 1 0
github.com/h0rn3t/gopolars/pkg/exec/engine.go:859.4,859.21 1 0
github.com/h0rn3t/gopolars/pkg/exec/engine.go:860.21,862.33 2 0
github.com/h0rn3t/gopolars/pkg/exec/engine.go:862.33,863.20 1 0
github.com/h0rn3t/gopolars/pkg/exec/engine.go:863.20,865.6 1 0
github.com/h0rn3t/gopolars/pkg/exec/engine.go:867.4,867.21 1 0
github.com/h0rn3t/gopolars/pkg/exec/engine.go:868.14,873.33 5 0
github.com/h0rn3t/gopolars/pkg/exec/engine.go:873.33,874.20 1 0
github.com/h0rn3t/gopolars/pkg/exec/engine.go:874.20,875.14 1 0
github.com/h0rn3t/gopolars/pkg/exec/engine.go:877.5,879.26 3 0
github.com/h0rn3t/gopolars/pkg/exec/engine.go:880.16,881.23 1 0
github.com/h0rn3t/gopolars/pkg/exec/engine.go:882.18,884.20 2 0
github.com/h0rn3t/gopolars/pkg/exec/engine.go:887.4,887.12 1 0
github.com/h0rn3t/gopolars/pkg/exec/engine.go:887.12,889.5 1 0
github.com/h0rn3t/gopolars/pkg/exec/engine.go:889.10,889.53 1 0
github.com/h0rn3t/gopolars/pkg/exec/engine.go:889.53,892.5 2 0
github.com/h0rn3t/gopolars/pkg/exec/engine.go:892.10,894.5 1 0
github.com/h0rn3t/gopolars/pkg/exec/engine.go:895.15,898.33 3 0
github.com/h0rn3t/gopolars/pkg/exec/engine.go:898.33,899.20 1 0
github.com/h0rn3t/gopolars/pkg/exec/engine.go:899.20,900.14 1 0
github.com/h0rn3t/gopolars/pkg/exec/engine.go:902.5,903.26 2 0
github.com/h0rn3t/gopolars/pkg/exec/engine.go:904.16,906.13 2 0
github.com/h0rn3t/gopolars/pkg/exec/engine.go:907.18,909.13 2 0
github.com/h0rn3t/gopolars/pkg/exec/engine.go:912.4,912.18 1 0
github.com/h0rn3t/gopolars/pkg/exec/engine.go:912.18,914.5 1 0
github.com/h0rn3t/gopolars/pkg/exec/engine.go:914.10,916.5 1 0
github.com/h0rn3t/gopolars/pkg/exec/engine.go:917.17,919.33 2 0
github.com/h0rn3t/gopolars/pkg/exec/engine.go:919.33,920.20 1 0
github.com/h0rn3t/gopolars/pkg/exec/engine.go:920.20,921.14 1 0
github.com/h0rn3t/gopolars/pkg/exec/engine.go:923.5,924.26 2 0
github.com/h0rn3t/gopolars/pkg/exec/engine.go:925.16,926.37 1 0
github.com/h0rn3t/gopolars/pkg/exec/engine.go:927.18,928.28 1 0
github.com/h0rn3t/gopolars/pkg/exec/engine.go:931.4,931.22 1 0
github.com/h0rn3t/gopolars/pkg/exec/engine.go:931.22,933.5 1 0
github.com/h0rn3t/gopolars/pkg/exec/engine.go:933.10,936.25 3 0
github.com/h0rn3t/gopolars/pkg/exec/engine.go:936.25,938.6 1 0
github.com/h0rn3t/gopolars/pkg/exec/engine.go:938.11,940.6 1 0
github.com/h0rn3t/gopolars/pkg/exec/engine.go:942.21,945.33 3 0
github.com/h0rn3t/gopolars/pkg/exec/engine.go:945.33,946.20 1 0
github.com/h0rn3t/gopolars/pkg/exec/engine.go:946.20,947.14 1 0
github.com/h0rn3t/gopolars/pkg/exec/engine.go:949.5,950.26 2 0
github.com/h0rn3t/gopolars/pkg/exec/engine.go:951.16,953.13 2 0
github.com/h0rn3t/gopolars/pkg/exec/engine.go:954.18,956.13 2 0
github.com/h0rn3t/gopolars/pkg/exec/engine.go:959.4,959.18 1 0
github.com/h0rn3t/gopolars/pkg/exec/engine.go:959.18,961.5 1 0
github.com/h0rn3t/gopolars/pkg/exec/engine.go:961.10,964.34 3 0
github.com/h0rn3t/gopolars/pkg/exec/engine.go:964.34,965.21 1 0
github.com/h0rn3t/gopolars/pkg/exec/engine.go:965.21,966.15 1 0
github.com/h0rn3t/gopolars/pkg/exec/engine.go:968.6,970.27 3 0
github.com/h0rn3t/gopolars/pkg/exec/engine.go:971.17,972.31 1 0
github.com/h0rn3t/gopolars/pkg/exec/engine.go:973.19,974.22 1 0
github.com/h0rn3t/gopolars/pkg/exec/engine.go:976.6,976.29 1 0
github.com/h0rn3t/gopolars/pkg/exec/engine.go:978.5,979.20 2 0
github.com/h0rn3t/gopolars/pkg/exec/engine.go:979.20,981.6 1 0
github.com/h0rn3t/gopolars/pkg/exec/engine.go:981.11,983.6 1 0
github.com/h0rn3t/gopolars/pkg/exec/engine.go:985.19,987.21 2 0
github.com/h0rn3t/gopolars/pkg/exec/engine.go:987.21,988.67 1 0
github.com/h0rn3t/gopolars/pkg/exec/engine.go:988.67,990.6 1 0
github.com/h0rn3t/gopolars/pkg/exec/engine.go:992.4,993.33 2 0
github.com/h0rn3t/gopolars/pkg/exec/engine.go:993.33,994.20 1 0
github.com/h0rn3t/gopolars/pkg/exec/engine.go:994.20,995.14 1 0
github.com/h0rn3t/gopolars/pkg/exec/engine.go:997.5,998.26 2 0
github.com/h0rn3t/gopolars/pkg/exec/engine.go:999.16,1000.37 1 0
github.com/h0rn3t/gopolars/pkg/exec/engine.go:1001.18,1002.28 1 0
github.com/h0rn3t/gopolars/pkg/exec/engine.go:1005.4,1005.22 1 0
github.com/h0rn3t/gopolars/pkg/exec/engine.go:1005.22,1007.5 1 0
github.com/h0rn3t/gopolars/pkg/exec/engine.go:1007.10,1012.23 5 0
github.com/h0rn3t/gopolars/pkg/exec/engine.go:1012.23,1014.6 1 0
github.com/h0rn3t/gopolars/pkg/exec/engine.go:1014.11,1017.6 2 0
github.com/h0rn3t/gopolars/pkg/exec/engine.go:1020.3,1021.17 2 1
github.com/h0rn3t/gopolars/pkg/exec/engine.go:1021.17,1023.4 1 0
github.com/h0rn3t/gopolars/pkg/exec/engine.go:1024.3,1024.26 1 1
github.com/h0rn3t/gopolars/pkg/exec/engine.go:1026.2,1026.47 1 1
github.com/h0rn3t/gopolars/pkg/exec/report.go:26.144,35.30 9 0
github.com/h0rn3t/gopolars/pkg/exec/report.go:35.30,36.69 1 0
github.com/h0rn3t/gopolars/pkg/exec/report.go:36.69,38.4 1 0
github.com/h0rn3t/gopolars/pkg/exec/report.go:40.2,51.16 2 0
github.com/h0rn3t/gopolars/pkg/exec/report.go:51.16,53.3 1 0
github.com/h0rn3t/gopolars/pkg/exec/report.go:54.2,54.30 1 0
github.com/h0rn3t/gopolars/pkg/exec/report.go:54.30,56.3 1 0
github.com/h0rn3t/gopolars/pkg/exec/report.go:57.2,57.25 1 0
github.com/h0rn3t/gopolars/pkg/exec/scheduler.go:13.31,15.2 1 1
github.com/h0rn3t/gopolars/pkg/exec/scheduler.go:17.88,18.36 1 1
github.com/h0rn3t/gopolars/pkg/exec/scheduler.go:18.36,20.38 2 1
github.com/h0rn3t/gopolars/pkg/exec/scheduler.go:20.38,22.4 1 1
github.com/h0rn3t/gopolars/pkg/exec/scheduler.go:23.3,23.32 1 1
github.com/h0rn3t/gopolars/pkg/exec/scheduler.go:23.32,25.4 1 0
github.com/h0rn3t/gopolars/pkg/exec/scheduler.go:27.2,27.12 1 1
github.com/h0rn3t/gopolars/pkg/plan/optimizer/adaptive_planning.go:8.60,11.32 3 1
github.com/h0rn3t/gopolars/pkg/plan/optimizer/adaptive_planning.go:11.32,12.66 1 1
github.com/h0rn3t/gopolars/pkg/plan/optimizer/adaptive_planning.go:12.66,13.12 1 0
github.com/h0rn3t/gopolars/pkg/plan/optimizer/adaptive_planning.go:15.3,15.42 1 1
github.com/h0rn3t/gopolars/pkg/plan/optimizer/adaptive_planning.go:15.42,16.12 1 0
github.com/h0rn3t/gopolars/pkg/plan/optimizer/adaptive_planning.go:18.3,18.50 1 1
github.com/h0rn3t/gopolars/pkg/plan/optimizer/adaptive_planning.go:18.50,19.12 1 1
github.com/h0rn3t/gopolars/pkg/plan/optimizer/adaptive_planning.go:21.3,21.38 1 1
github.com/h0rn3t/gopolars/pkg/plan/optimizer/adaptive_planning.go:23.2,23.12 1 1
github.com/h0rn3t/gopolars/pkg/plan/optimizer/adaptive_planning.go:26.80,27.28 1 1
github.com/h0rn3t/gopolars/pkg/plan/optimizer/adaptive_planning.go:27.28,29.3 1 0
github.com/h0rn3t/gopolars/pkg/plan/optimizer/adaptive_planning.go:30.2,31.28 2 1
github.com/h0rn3t/gopolars/pkg/plan/optimizer/adaptive_planning.go:31.28,33.3 1 1
github.com/h0rn3t/gopolars/pkg/plan/optimizer/adaptive_planning.go:34.2,35.25 2 1
github.com/h0rn3t/gopolars/pkg/plan/optimizer/adaptive_planning.go:35.25,36.30 1 1
github.com/h0rn3t/gopolars/pkg/plan/optimizer/adaptive_planning.go:36.30,38.4 1 1
github.com/h0rn3t/gopolars/pkg/plan/optimizer/adaptive_planning.go:40.2,40.14 1 1
github.com/h0rn3t/gopolars/pkg/plan/optimizer/adaptive_planning.go:43.43,46.27 3 1
github.com/h0rn3t/gopolars/pkg/plan/optimizer/adaptive_planning.go:46.27,47.31 1 1
github.com/h0rn3t/gopolars/pkg/plan/optimizer/adaptive_planning.go:47.31,49.4 1 1
github.com/h0rn3t/gopolars/pkg/plan/optimizer/adaptive_planning.go:50.3,50.22 1 1
github.com/h0rn3t/gopolars/pkg/plan/optimizer/adaptive_planning.go:50.22,52.4 1 1
github.com/h0rn3t/gopolars/pkg/plan/optimizer/adaptive_planning.go:53.3,53.23 1 1
github.com/h0rn3t/gopolars/pkg/plan/optimizer/adaptive_planning.go:53.23,55.4 1 1
github.com/h0rn3t/gopolars/pkg/plan/optimizer/adaptive_planning.go:56.3,56.24 1 1
github.com/h0rn3t/gopolars/pkg/plan/optimizer/adaptive_planning.go:56.24,58.4 1 0
github.com/h0rn3t/gopolars/pkg/plan/optimizer/adaptive_planning.go:59.3,59.23 1 1
github.com/h0rn3t/gopolars/pkg/plan/optimizer/adaptive_planning.go:59.23,61.4 1 0
github.com/h0rn3t/gopolars/pkg/plan/optimizer/adaptive_planning.go:63.2,65.21 3 1
github.com/h0rn3t/gopolars/pkg/plan/optimizer/adaptive_planning.go:65.21,67.3 1 1
github.com/h0rn3t/gopolars/pkg/plan/optimizer/adaptive_planning.go:68.2,68.15 1 1
github.com/h0rn3t/gopolars/pkg/plan/optimizer/constant_folding.go:8.59,10.26 2 1
github.com/h0rn3t/gopolars/pkg/plan/optimizer/constant_folding.go:10.26,11.56 1 1
github.com/h0rn3t/gopolars/pkg/plan/optimizer/constant_folding.go:11.56,13.12 2 1
github.com/h0rn3t/gopolars/pkg/plan/optimizer/constant_folding.go:15.3,16.9 2 1
github.com/h0rn3t/gopolars/pkg/plan/optimizer/constant_folding.go:16.9,17.35 1 1
github.com/h0rn3t/gopolars/pkg/plan/optimizer/constant_folding.go:17.35,18.10 1 1
github.com/h0rn3t/gopolars/pkg/plan/optimizer/constant_folding.go:18.10,19.14 1 1
github.com/h0rn3t/gopolars/pkg/plan/optimizer/constant_folding.go:21.5,22.13 2 1
github.com/h0rn3t/gopolars/pkg/plan/optimizer/constant_folding.go:24.4,26.12 3 0
github.com/h0rn3t/gopolars/pkg/plan/optimizer/constant_folding.go:28.3,28.23 1 0
github.com/h0rn3t/gopolars/pkg/plan/optimizer/constant_folding.go:30.2,30.12 1 1
github.com/h0rn3t/gopolars/pkg/plan/optimizer/constant_folding.go:33.51,34.18 1 1
github.com/h0rn3t/gopolars/pkg/plan/optimizer/constant_folding.go:35.20,36.28 1 1
github.com/h0rn3t/gopolars/pkg/plan/optimizer/constant_folding.go:37.20,40.17 3 0
github.com/h0rn3t/gopolars/pkg/plan/optimizer/constant_folding.go:40.17,42.18 2 0
github.com/h0rn3t/gopolars/pkg/plan/optimizer/constant_folding.go:42.18,44.5 1 0
github.com/h0rn3t/gopolars/pkg/plan/optimizer/constant_folding.go:45.4,45.24 1 0
github.com/h0rn3t/gopolars/pkg/plan/optimizer/constant_folding.go:47.3,47.10 1 0
github.com/h0rn3t/gopolars/pkg/plan/optimizer/constant_folding.go:47.10,50.4 2 0
github.com/h0rn3t/gopolars/pkg/plan/optimizer/constant_folding.go:51.3,51.10 1 0
github.com/h0rn3t/gopolars/pkg/plan/optimizer/constant_folding.go:51.10,54.4 2 0
github.com/h0rn3t/gopolars/pkg/plan/optimizer/constant_folding.go:55.3,55.23 1 0
github.com/h0rn3t/gopolars/pkg/plan/optimizer/constant_folding.go:56.22,58.10 2 0
github.com/h0rn3t/gopolars/pkg/plan/optimizer/constant_folding.go:58.10,60.18 2 0
github.com/h0rn3t/gopolars/pkg/plan/optimizer/constant_folding.go:60.18,62.5 1 0
github.com/h0rn3t/gopolars/pkg/plan/optimizer/constant_folding.go:64.3,64.42 1 0
github.com/h0rn3t/gopolars/pkg/plan/optimizer/constant_folding.go:65.10,66.23 1 0
github.com/h0rn3t/gopolars/pkg/plan/optimizer/constant_folding.go:72.55,75.2 2 0
github.com/h0rn3t/gopolars/pkg/plan/optimizer/constant_folding.go:77.71,78.12 1 0
github.com/h0rn3t/gopolars/pkg/plan/optimizer/constant_folding.go:79.12,80.24 1 0
github.com/h0rn3t/gopolars/pkg/plan/optimizer/constant_folding.go:81.12,82.24 1 0
github.com/h0rn3t/gopolars/pkg/plan/optimizer/constant_folding.go:83.12,84.24 1 0
github.com/h0rn3t/gopolars/pkg/plan/optimizer/constant_folding.go:85.12,86.24 1 0
github.com/h0rn3t/gopolars/pkg/plan/optimizer/constant_folding.go:87.12,88.24 1 0
github.com/h0rn3t/gopolars/pkg/plan/optimizer/constant_folding.go:89.12,90.24 1 0
github.com/h0rn3t/gopolars/pkg/plan/optimizer/constant_folding.go:91.13,92.25 1 0
github.com/h0rn3t/gopolars/pkg/plan/optimizer/constant_folding.go:93.13,94.25 1 0
github.com/h0rn3t/gopolars/pkg/plan/optimizer/constant_folding.go:95.13,96.25 1 0
github.com/h0rn3t/gopolars/pkg/plan/optimizer/constant_folding.go:97.13,98.25 1 0
github.com/h0rn3t/gopolars/pkg/plan/optimizer/constant_folding.go:99.13,100.25 1 0
github.com/h0rn3t/gopolars/pkg/plan/optimizer/constant_folding.go:101.12,102.24 1 0
github.com/h0rn3t/gopolars/pkg/plan/optimizer/constant_folding.go:103.10,104.24 1 0
github.com/h0rn3t/gopolars/pkg/plan/optimizer/constant_folding.go:108.50,109.12 1 0
github.com/h0rn3t/gopolars/pkg/plan/optimizer/constant_folding.go:110.13,111.17 1 0
github.com/h0rn3t/gopolars/pkg/plan/optimizer/constant_folding.go:112.17,113.20 1 0
github.com/h0rn3t/gopolars/pkg/plan/optimizer/constant_folding.go:114.21,115.23 1 0
github.com/h0rn3t/gopolars/pkg/plan/optimizer/constant_folding.go:116.10,117.11 1 0
github.com/h0rn3t/gopolars/pkg/plan/optimizer/normalization.go:5.58,6.21 1 1
github.com/h0rn3t/gopolars/pkg/plan/optimizer/normalization.go:6.21,8.3 1 0
github.com/h0rn3t/gopolars/pkg/plan/optimizer/normalization.go:9.2,10.26 2 1
github.com/h0rn3t/gopolars/pkg/plan/optimizer/normalization.go:10.26,11.95 1 1
github.com/h0rn3t/gopolars/pkg/plan/optimizer/normalization.go:11.95,12.45 1 1
github.com/h0rn3t/gopolars/pkg/plan/optimizer/normalization.go:12.45,14.5 1 1
github.com/h0rn3t/gopolars/pkg/plan/optimizer/normalization.go:15.4,15.12 1 1
github.com/h0rn3t/gopolars/pkg/plan/optimizer/normalization.go:17.3,17.23 1 1
github.com/h0rn3t/gopolars/pkg/plan/optimizer/normalization.go:19.2,19.12 1 1
github.com/h0rn3t/gopolars/pkg/plan/optimizer/normalization.go:22.62,23.20 1 1
github.com/h0rn3t/gopolars/pkg/plan/optimizer/normalization.go:23.20,25.3 1 0
github.com/h0rn3t/gopolars/pkg/plan/optimizer/normalization.go:26.2,28.32 3 1
github.com/h0rn3t/gopolars/pkg/plan/optimizer/normalization.go:28.32,29.76 1 1
github.com/h0rn3t/gopolars/pkg/plan/optimizer/normalization.go:29.76,31.4 1 1
github.com/h0rn3t/gopolars/pkg/plan/optimizer/normalization.go:33.2,33.12 1 1
github.com/h0rn3t/gopolars/pkg/plan/optimizer/optimizer.go:5.52,15.2 9 0
github.com/h0rn3t/gopolars/pkg/plan/optimizer/projection_pruning.go:5.61,6.20 1 1
github.com/h0rn3t/gopolars/pkg/plan/optimizer/projection_pruning.go:6.20,8.3 1 0
github.com/h0rn3t/gopolars/pkg/plan/optimizer/projection_pruning.go:9.2,10.34 2 1
github.com/h0rn3t/gopolars/pkg/plan/optimizer/projection_pruning.go:10.34,12.103 2 1
github.com/h0rn3t/gopolars/pkg/plan/optimizer/projection_pruning.go:12.103,14.12 2 1
github.com/h0rn3t/gopolars/pkg/plan/optimizer/projection_pruning.go:16.3,16.68 1 1
github.com/h0rn3t/gopolars/pkg/plan/optimizer/projection_pruning.go:16.68,17.12 1 0
github.com/h0rn3t/gopolars/pkg/plan/optimizer/projection_pruning.go:19.3,19.29 1 1
github.com/h0rn3t/gopolars/pkg/plan/optimizer/projection_pruning.go:21.2,21.12 1 1
github.com/h0rn3t/gopolars/pkg/plan/optimizer/pushdown.go:8.61,11.32 3 1
github.com/h0rn3t/gopolars/pkg/plan/optimizer/pushdown.go:11.32,12.40 1 1
github.com/h0rn3t/gopolars/pkg/plan/optimizer/pushdown.go:12.40,13.12 1 0
github.com/h0rn3t/gopolars/pkg/plan/optimizer/pushdown.go:15.3,16.48 2 1
github.com/h0rn3t/gopolars/pkg/plan/optimizer/pushdown.go:16.48,19.4 2 1
github.com/h0rn3t/gopolars/pkg/plan/optimizer/pushdown.go:21.2,21.12 1 1
github.com/h0rn3t/gopolars/pkg/plan/optimizer/pushdown.go:24.65,25.39 1 1
github.com/h0rn3t/gopolars/pkg/plan/optimizer/pushdown.go:25.39,27.3 1 0
github.com/h0rn3t/gopolars/pkg/plan/optimizer/pushdown.go:28.2,28.35 1 1
github.com/h0rn3t/gopolars/pkg/plan/optimizer/pushdown.go:28.35,30.3 1 1
github.com/h0rn3t/gopolars/pkg/plan/optimizer/pushdown.go:31.2,31.39 1 0
github.com/h0rn3t/gopolars/pkg/plan/optimizer/pushdown.go:31.39,33.3 1 0
github.com/h0rn3t/gopolars/pkg/plan/optimizer/pushdown.go:34.2,34.37 1 0
github.com/h0rn3t/gopolars/pkg/plan/optimizer/pushdown.go:34.37,37.33 3 0
github.com/h0rn3t/gopolars/pkg/plan/optimizer/pushdown.go:37.33,38.33 1 0
github.com/h0rn3t/gopolars/pkg/plan/optimizer/pushdown.go:38.33,40.5 1 0
github.com/h0rn3t/gopolars/pkg/plan/optimizer/pushdown.go:42.3,42.26 1 0
github.com/h0rn3t/gopolars/pkg/plan/optimizer/pushdown.go:42.26,43.33 1 0
github.com/h0rn3t/gopolars/pkg/plan/optimizer/pushdown.go:43.33,45.5 1 0
github.com/h0rn3t/gopolars/pkg/plan/optimizer/pushdown.go:47.3,47.14 1 0
github.com/h0rn3t/gopolars/pkg/plan/optimizer/pushdown.go:49.2,49.14 1 0
github.com/h0rn3t/gopolars/pkg/plan/optimizer/pushdown.go:52.46,55.27 3 0
github.com/h0rn3t/gopolars/pkg/plan/optimizer/pushdown.go:55.27,56.19 1 0
github.com/h0rn3t/gopolars/pkg/plan/optimizer/pushdown.go:57.21,58.26 1 0
github.com/h0rn3t/gopolars/pkg/plan/optimizer/pushdown.go:58.26,60.5 1 0
github.com/h0rn3t/gopolars/pkg/plan/optimizer/pushdown.go:61.21,63.20 2 0
github.com/h0rn3t/gopolars/pkg/plan/optimizer/pushdown.go:64.68,65.25 1 0
github.com/h0rn3t/gopolars/pkg/plan/optimizer/pushdown.go:65.25,67.5 1 0
github.com/h0rn3t/gopolars/pkg/plan/optimizer/pushdown.go:70.2,72.21 3 0
github.com/h0rn3t/gopolars/pkg/plan/optimizer/pushdown.go:72.21,74.3 1 0
github.com/h0rn3t/gopolars/pkg/plan/optimizer/pushdown.go:75.2,75.12 1 0
github.com/h0rn3t/gopolars/pkg/io/parquet/io.go:26.53,28.16 2 1
github.com/h0rn3t/gopolars/pkg/io/parquet/io.go:28.16,30.25 2 1
github.com/h0rn3t/gopolars/pkg/io/parquet/io.go:30.25,32.4 1 0
github.com/h0rn3t/gopolars/pkg/io/parquet/io.go:33.3,34.74 2 1
github.com/h0rn3t/gopolars/pkg/io/parquet/io.go:34.74,36.4 1 0
github.com/h0rn3t/gopolars/pkg/io/parquet/io.go:37.3,37.48 1 1
github.com/h0rn3t/gopolars/pkg/io/parquet/io.go:39.2,39.20 1 1
github.com/h0rn3t/gopolars/pkg/io/parquet/io.go:39.20,41.3 1 0
github.com/h0rn3t/gopolars/pkg/io/parquet/io.go:42.2,43.74 2 1
github.com/h0rn3t/gopolars/pkg/io/parquet/io.go:43.74,45.3 1 0
github.com/h0rn3t/gopolars/pkg/io/parquet/io.go:46.2,46.47 1 1
github.com/h0rn3t/gopolars/pkg/io/parquet/io.go:49.88,51.28 2 1
github.com/h0rn3t/gopolars/pkg/io/parquet/io.go:51.28,53.3 1 1
github.com/h0rn3t/gopolars/pkg/io/parquet/io.go:54.2,55.36 2 1
github.com/h0rn3t/gopolars/pkg/io/parquet/io.go:55.36,56.24 1 1
github.com/h0rn3t/gopolars/pkg/io/parquet/io.go:56.24,57.38 1 1
github.com/h0rn3t/gopolars/pkg/io/parquet/io.go:57.38,58.13 1 1
github.com/h0rn3t/gopolars/pkg/io/parquet/io.go:61.3,62.17 2 1
github.com/h0rn3t/gopolars/pkg/io/parquet/io.go:62.17,64.4 1 0
github.com/h0rn3t/gopolars/pkg/io/parquet/io.go:65.3,65.69 1 1
github.com/h0rn3t/gopolars/pkg/io/parquet/io.go:67.2,67.70 1 1
github.com/h0rn3t/gopolars/pkg/io/parquet/io.go:70.56,74.36 4 1
github.com/h0rn3t/gopolars/pkg/io/parquet/io.go:74.36,77.36 3 1
github.com/h0rn3t/gopolars/pkg/io/parquet/io.go:77.36,79.34 2 1
github.com/h0rn3t/gopolars/pkg/io/parquet/io.go:79.34,81.13 2 1
github.com/h0rn3t/gopolars/pkg/io/parquet/io.go:83.4,83.30 1 1
github.com/h0rn3t/gopolars/pkg/io/parquet/io.go:85.3,89.5 1 1
github.com/h0rn3t/gopolars/pkg/io/parquet/io.go:91.2,92.16 2 1
github.com/h0rn3t/gopolars/pkg/io/parquet/io.go:92.16,94.3 1 0
github.com/h0rn3t/gopolars/pkg/io/parquet/io.go:95.2,95.81 1 1
github.com/h0rn3t/gopolars/pkg/io/parquet/io.go:112.62,114.27 2 1
github.com/h0rn3t/gopolars/pkg/io/parquet/io.go:114.27,115.15 1 1
github.com/h0rn3t/gopolars/pkg/io/parquet/io.go:115.15,117.12 2 0
github.com/h0rn3t/gopolars/pkg/io/parquet/io.go:119.3,119.33 1 1
github.com/h0rn3t/gopolars/pkg/io/parquet/io.go:120.21,122.11 2 1
github.com/h0rn3t/gopolars/pkg/io/parquet/io.go:122.11,124.5 1 0
github.com/h0rn3t/gopolars/pkg/io/parquet/io.go:125.4,125.23 1 1
github.com/h0rn3t/gopolars/pkg/io/parquet/io.go:126.23,128.11 2 1
github.com/h0rn3t/gopolars/pkg/io/parquet/io.go:128.11,130.5 1 0
github.com/h0rn3t/gopolars/pkg/io/parquet/io.go:131.4,131.16 1 1
github.com/h0rn3t/gopolars/pkg/io/parquet/io.go:132.23,134.11 2 1
github.com/h0rn3t/gopolars/pkg/io/parquet/io.go:134.11,136.5 1 1
github.com/h0rn3t/gopolars/pkg/io/parquet/io.go:137.4,137.14 1 1
github.com/h0rn3t/gopolars/pkg/io/parquet/io.go:138.24,140.11 2 1
github.com/h0rn3t/gopolars/pkg/io/parquet/io.go:140.11,142.5 1 0
github.com/h0rn3t/gopolars/pkg/io/parquet/io.go:143.4,144.18 2 1
github.com/h0rn3t/gopolars/pkg/io/parquet/io.go:144.18,146.5 1 1
github.com/h0rn3t/gopolars/pkg/io/parquet/io.go:147.4,147.14 1 1
github.com/h0rn3t/gopolars/pkg/io/parquet/io.go:148.23,150.11 2 1
github.com/h0rn3t/gopolars/pkg/io/parquet/io.go:150.11,152.5 1 0
github.com/h0rn3t/gopolars/pkg/io/parquet/io.go:153.4,153.35 1 1
github.com/h0rn3t/gopolars/pkg/io/parquet/io.go:154.11,156.11 2 1
github.com/h0rn3t/gopolars/pkg/io/parquet/io.go:156.11,158.13 2 0
github.com/h0rn3t/gopolars/pkg/io/parquet/io.go:160.4,160.14 1 1
github.com/h0rn3t/gopolars/pkg/io/parquet/io.go:163.2,163.17 1 1
github.com/h0rn3t/gopolars/pkg/io/arrow/arrow.go:9.40,11.36 2 0
github.com/h0rn3t/gopolars/pkg/io/arrow/arrow.go:11.36,14.36 3 0
github.com/h0rn3t/gopolars/pkg/io/arrow/arrow.go:14.36,16.4 1 0
github.com/h0rn3t/gopolars/pkg/io/arrow/arrow.go:17.3,17.29 1 0
github.com/h0rn3t/gopolars/pkg/io/arrow/arrow.go:19.2,19.12 1 0
github.com/h0rn3t/gopolars/pkg/io/arrow/arrow.go:22.50,24.30 2 0
github.com/h0rn3t/gopolars/pkg/io/arrow/arrow.go:24.30,26.3 1 0
github.com/h0rn3t/gopolars/pkg/io/arrow/arrow.go:27.2,27.78 1 0
github.com/h0rn3t/gopolars/pkg/frame/concat.go:9.77,11.22 2 0
github.com/h0rn3t/gopolars/pkg/frame/concat.go:11.22,13.3 1 0
github.com/h0rn3t/gopolars/pkg/frame/concat.go:14.2,16.28 3 0
github.com/h0rn3t/gopolars/pkg/frame/concat.go:16.28,18.3 1 0
github.com/h0rn3t/gopolars/pkg/frame/concat.go:19.2,19.27 1 0
github.com/h0rn3t/gopolars/pkg/frame/concat.go:19.27,20.39 1 0
github.com/h0rn3t/gopolars/pkg/frame/concat.go:20.39,22.4 1 0
github.com/h0rn3t/gopolars/pkg/frame/concat.go:23.3,23.29 1 0
github.com/h0rn3t/gopolars/pkg/frame/concat.go:23.29,25.11 2 0
github.com/h0rn3t/gopolars/pkg/frame/concat.go:25.11,27.5 1 0
github.com/h0rn3t/gopolars/pkg/frame/concat.go:28.4,28.36 1 0
github.com/h0rn3t/gopolars/pkg/frame/concat.go:28.36,30.5 1 0
github.com/h0rn3t/gopolars/pkg/frame/concat.go:33.2,34.43 2 0
github.com/h0rn3t/gopolars/pkg/frame/concat.go:34.43,36.17 2 0
github.com/h0rn3t/gopolars/pkg/frame/concat.go:36.17,38.4 1 0
github.com/h0rn3t/gopolars/pkg/frame/concat.go:39.3,39.23 1 0
github.com/h0rn3t/gopolars/pkg/frame/concat.go:41.2,41.35 1 0
github.com/h0rn3t/gopolars/pkg/frame/concat.go:44.79,46.22 2 0
github.com/h0rn3t/gopolars/pkg/frame/concat.go:46.22,48.3 1 0
github.com/h0rn3t/gopolars/pkg/frame/concat.go:49.2,52.27 4 0
github.com/h0rn3t/gopolars/pkg/frame/concat.go:52.27,53.27 1 0
github.com/h0rn3t/gopolars/pkg/frame/concat.go:53.27,55.4 1 0
github.com/h0rn3t/gopolars/pkg/frame/concat.go:56.3,56.36 1 0
github.com/h0rn3t/gopolars/pkg/frame/concat.go:56.36,59.34 3 0
github.com/h0rn3t/gopolars/pkg/frame/concat.go:59.34,61.9 2 0
github.com/h0rn3t/gopolars/pkg/frame/concat.go:61.9,63.47 2 0
github.com/h0rn3t/gopolars/pkg/frame/concat.go:63.47,65.12 2 0
github.com/h0rn3t/gopolars/pkg/frame/concat.go:67.6,67.9 1 0
github.com/h0rn3t/gopolars/pkg/frame/concat.go:70.4,71.40 2 0
github.com/h0rn3t/gopolars/pkg/frame/concat.go:74.2,74.35 1 0
github.com/h0rn3t/gopolars/pkg/frame/construct.go:20.67,22.34 2 0
github.com/h0rn3t/gopolars/pkg/frame/construct.go:22.34,24.17 2 0
github.com/h0rn3t/gopolars/pkg/frame/construct.go:24.17,26.4 1 0
github.com/h0rn3t/gopolars/pkg/frame/construct.go:27.3,28.17 2 0
github.com/h0rn3t/gopolars/pkg/frame/construct.go:28.17,30.4 1 0
github.com/h0rn3t/gopolars/pkg/frame/construct.go:31.3,31.23 1 0
github.com/h0rn3t/gopolars/pkg/frame/construct.go:33.2,33.35 1 0
github.com/h0rn3t/gopolars/pkg/frame/construct.go:36.62,37.27 1 0
github.com/h0rn3t/gopolars/pkg/frame/construct.go:37.27,38.15 1 0
github.com/h0rn3t/gopolars/pkg/frame/construct.go:38.15,39.12 1 0
github.com/h0rn3t/gopolars/pkg/frame/construct.go:41.3,41.19 1 0
github.com/h0rn3t/gopolars/pkg/frame/construct.go:42.14,43.28 1 0
github.com/h0rn3t/gopolars/pkg/frame/construct.go:44.16,45.30 1 0
github.com/h0rn3t/gopolars/pkg/frame/construct.go:46.28,47.30 1 0
github.com/h0rn3t/gopolars/pkg/frame/construct.go:48.15,49.29 1 0
github.com/h0rn3t/gopolars/pkg/frame/construct.go:50.13,51.30 1 0
github.com/h0rn3t/gopolars/pkg/frame/construct.go:52.18,53.31 1 0
github.com/h0rn3t/gopolars/pkg/frame/construct.go:54.14,55.27 1 0
github.com/h0rn3t/gopolars/pkg/frame/construct.go:56.23,57.29 1 0
github.com/h0rn3t/gopolars/pkg/frame/construct.go:60.2,60.49 1 0
github.com/h0rn3t/gopolars/pkg/frame/frame.go:28.45,29.28 1 0
github.com/h0rn3t/gopolars/pkg/frame/frame.go:29.28,31.3 1 0
github.com/h0rn3t/gopolars/pkg/frame/frame.go:32.2,36.33 5 0
github.com/h0rn3t/gopolars/pkg/frame/frame.go:36.33,37.24 1 0
github.com/h0rn3t/gopolars/pkg/frame/frame.go:37.24,39.4 1 0
github.com/h0rn3t/gopolars/pkg/frame/frame.go:40.3,42.76 3 0
github.com/h0rn3t/gopolars/pkg/frame/frame.go:44.2,44.81 1 0
github.com/h0rn3t/gopolars/pkg/frame/frame.go:47.43,49.2 1 0
github.com/h0rn3t/gopolars/pkg/frame/frame.go:51.50,55.2 3 0
github.com/h0rn3t/gopolars/pkg/frame/frame.go:57.33,59.2 1 0
github.com/h0rn3t/gopolars/pkg/frame/frame.go:61.35,63.2 1 0
github.com/h0rn3t/gopolars/pkg/frame/frame.go:65.42,67.31 2 0
github.com/h0rn3t/gopolars/pkg/frame/frame.go:67.31,69.23 2 0
github.com/h0rn3t/gopolars/pkg/frame/frame.go:70.54,71.30 1 0
github.com/h0rn3t/gopolars/pkg/frame/frame.go:72.23,73.26 1 0
github.com/h0rn3t/gopolars/pkg/frame/frame.go:74.11,75.33 1 0
github.com/h0rn3t/gopolars/pkg/frame/frame.go:75.33,77.26 2 0
github.com/h0rn3t/gopolars/pkg/frame/frame.go:78.17,79.27 1 0
github.com/h0rn3t/gopolars/pkg/frame/frame.go:80.16,81.31 1 0
github.com/h0rn3t/gopolars/pkg/frame/frame.go:82.25,83.32 1 0
github.com/h0rn3t/gopolars/pkg/frame/frame.go:84.13,85.15 1 0
github.com/h0rn3t/gopolars/pkg/frame/frame.go:90.2,90.13 1 0
github.com/h0rn3t/gopolars/pkg/frame/frame.go:93.32,95.2 1 0
github.com/h0rn3t/gopolars/pkg/frame/frame.go:97.39,101.2 3 0
github.com/h0rn3t/gopolars/pkg/frame/frame.go:103.47,105.29 2 0
github.com/h0rn3t/gopolars/pkg/frame/frame.go:105.29,107.3 1 0
github.com/h0rn3t/gopolars/pkg/frame/frame.go:108.2,108.12 1 0
github.com/h0rn3t/gopolars/pkg/frame/frame.go:111.47,113.38 2 0
github.com/h0rn3t/gopolars/pkg/frame/frame.go:113.38,115.32 2 0
github.com/h0rn3t/gopolars/pkg/frame/frame.go:115.32,117.4 1 0
github.com/h0rn3t/gopolars/pkg/frame/frame.go:118.3,118.28 1 0
github.com/h0rn3t/gopolars/pkg/frame/frame.go:120.2,120.12 1 0
github.com/h0rn3t/gopolars/pkg/frame/frame.go:123.47,125.31 2 0
github.com/h0rn3t/gopolars/pkg/frame/frame.go:125.31,128.33 3 0
github.com/h0rn3t/gopolars/pkg/frame/frame.go:128.33,129.19 1 0
github.com/h0rn3t/gopolars/pkg/frame/frame.go:129.19,131.5 1 0
github.com/h0rn3t/gopolars/pkg/frame/frame.go:133.3,133.16 1 0
github.com/h0rn3t/gopolars/pkg/frame/frame.go:135.2,135.12 1 0
github.com/h0rn3t/gopolars/pkg/frame/frame.go:138.43,140.31 2 0
github.com/h0rn3t/gopolars/pkg/frame/frame.go:140.31,143.33 3 0
github.com/h0rn3t/gopolars/pkg/frame/frame.go:143.33,144.20 1 0
github.com/h0rn3t/gopolars/pkg/frame/frame.go:144.20,146.5 1 0
github.com/h0rn3t/gopolars/pkg/frame/frame.go:148.3,148.16 1 0
github.com/h0rn3t/gopolars/pkg/frame/frame.go:150.2,150.12 1 0
github.com/h0rn3t/gopolars/pkg/frame/frame.go:153.60,155.20 2 0
github.com/h0rn3t/gopolars/pkg/frame/frame.go:155.20,157.3 1 0
github.com/h0rn3t/gopolars/pkg/frame/frame.go:158.2,159.38 2 0
github.com/h0rn3t/gopolars/pkg/frame/frame.go:159.38,161.26 2 0
github.com/h0rn3t/gopolars/pkg/frame/frame.go:161.26,163.11 2 0
github.com/h0rn3t/gopolars/pkg/frame/frame.go:163.11,165.5 1 0
github.com/h0rn3t/gopolars/pkg/frame/frame.go:166.4,166.43 1 0
github.com/h0rn3t/gopolars/pkg/frame/frame.go:168.3,168.25 1 0
github.com/h0rn3t/gopolars/pkg/frame/frame.go:170.2,170.23 1 0
github.com/h0rn3t/gopolars/pkg/frame/frame.go:173.66,175.2 1 0
github.com/h0rn3t/gopolars/pkg/frame/frame.go:177.62,180.2 2 0
github.com/h0rn3t/gopolars/pkg/frame/frame.go:182.66,184.9 2 0
github.com/h0rn3t/gopolars/pkg/frame/frame.go:184.9,186.3 1 0
github.com/h0rn3t/gopolars/pkg/frame/frame.go:187.2,187.23 1 0
github.com/h0rn3t/gopolars/pkg/frame/frame.go:190.52,191.30 1 0
github.com/h0rn3t/gopolars/pkg/frame/frame.go:191.30,192.18 1 0
github.com/h0rn3t/gopolars/pkg/frame/frame.go:192.18,194.4 1 0
github.com/h0rn3t/gopolars/pkg/frame/frame.go:196.2,196.11 1 0
github.com/h0rn3t/gopolars/pkg/frame/frame.go:199.49,201.31 2 0
github.com/h0rn3t/gopolars/pkg/frame/frame.go:201.31,203.3 1 0
github.com/h0rn3t/gopolars/pkg/frame/frame.go:204.2,204.12 1 0
github.com/h0rn3t/gopolars/pkg/frame/frame.go:207.55,209.31 2 0
github.com/h0rn3t/gopolars/pkg/frame/frame.go:209.31,216.3 1 0
github.com/h0rn3t/gopolars/pkg/frame/frame.go:217.2,217.12 1 0
github.com/h0rn3t/gopolars/pkg/frame/frame.go:220.48,221.18 1 0
github.com/h0rn3t/gopolars/pkg/frame/frame.go:221.18,223.3 1 0
github.com/h0rn3t/gopolars/pkg/frame/frame.go:224.2,224.24 1 0
github.com/h0rn3t/gopolars/pkg/frame/frame.go:224.24,226.3 1 0
github.com/h0rn3t/gopolars/pkg/frame/frame.go:227.2,229.29 3 0
github.com/h0rn3t/gopolars/pkg/frame/frame.go:229.29,231.3 1 0
github.com/h0rn3t/gopolars/pkg/frame/frame.go:232.2,233.37 2 0
github.com/h0rn3t/gopolars/pkg/frame/frame.go:233.37,235.31 2 0
github.com/h0rn3t/gopolars/pkg/frame/frame.go:235.31,237.4 1 0
github.com/h0rn3t/gopolars/pkg/frame/frame.go:238.3,238.22 1 0
github.com/h0rn3t/gopolars/pkg/frame/frame.go:240.2,240.38 1 0
github.com/h0rn3t/gopolars/pkg/frame/frame.go:243.66,244.21 1 0
github.com/h0rn3t/gopolars/pkg/frame/frame.go:244.21,246.3 1 0
github.com/h0rn3t/gopolars/pkg/frame/frame.go:247.2,248.27 2 0
github.com/h0rn3t/gopolars/pkg/frame/frame.go:248.27,250.17 2 0
github.com/h0rn3t/gopolars/pkg/frame/frame.go:250.17,252.4 1 0
github.com/h0rn3t/gopolars/pkg/frame/frame.go:253.3,253.37 1 0
github.com/h0rn3t/gopolars/pkg/frame/frame.go:255.2,255.41 1 0
github.com/h0rn3t/gopolars/pkg/frame/frame.go:258.67,260.61 2 0
github.com/h0rn3t/gopolars/pkg/frame/frame.go:260.61,261.32 1 0
github.com/h0rn3t/gopolars/pkg/frame/frame.go:261.32,263.18 2 0
github.com/h0rn3t/gopolars/pkg/frame/frame.go:263.18,265.5 1 0
github.com/h0rn3t/gopolars/pkg/frame/frame.go:266.4,267.11 2 0
github.com/h0rn3t/gopolars/pkg/frame/frame.go:267.11,269.5 1 0
github.com/h0rn3t/gopolars/pkg/frame/frame.go:270.4,270.15 1 0
github.com/h0rn3t/gopolars/pkg/frame/frame.go:272.3,272.13 1 0
github.com/h0rn3t/gopolars/pkg/frame/frame.go:273.17,275.3 1 0
github.com/h0rn3t/gopolars/pkg/frame/frame.go:276.2,277.31 2 0
github.com/h0rn3t/gopolars/pkg/frame/frame.go:277.31,278.14 1 0
github.com/h0rn3t/gopolars/pkg/frame/frame.go:278.14,280.4 1 0
github.com/h0rn3t/gopolars/pkg/frame/frame.go:282.2,283.31 2 0
github.com/h0rn3t/gopolars/pkg/frame/frame.go:283.31,285.3 1 0
github.com/h0rn3t/gopolars/pkg/frame/frame.go:286.2,286.35 1 0
github.com/h0rn3t/gopolars/pkg/frame/frame.go:289.71,291.27 2 0
github.com/h0rn3t/gopolars/pkg/frame/frame.go:291.27,293.17 2 0
github.com/h0rn3t/gopolars/pkg/frame/frame.go:293.17,295.4 1 0
github.com/h0rn3t/gopolars/pkg/frame/frame.go:296.3,296.41 1 0
github.com/h0rn3t/gopolars/pkg/frame/frame.go:296.41,299.4 2 0
github.com/h0rn3t/gopolars/pkg/frame/frame.go:300.3,300.29 1 0
github.com/h0rn3t/gopolars/pkg/frame/frame.go:302.2,302.17 1 0
github.com/h0rn3t/gopolars/pkg/frame/frame.go:305.79,306.16 1 0
github.com/h0rn3t/gopolars/pkg/frame/frame.go:306.16,308.3 1 0
github.com/h0rn3t/gopolars/pkg/frame/frame.go:309.2,310.32 2 0
github.com/h0rn3t/gopolars/pkg/frame/frame.go:310.32,312.3 1 0
github.com/h0rn3t/gopolars/pkg/frame/frame.go:313.2,314.16 2 0
github.com/h0rn3t/gopolars/pkg/frame/frame.go:314.16,316.3 1 0
github.com/h0rn3t/gopolars/pkg/frame/frame.go:317.2,319.30 3 0
github.com/h0rn3t/gopolars/pkg/frame/frame.go:319.30,321.3 1 0
github.com/h0rn3t/gopolars/pkg/frame/frame.go:322.2,322.35 1 0
github.com/h0rn3t/gopolars/pkg/frame/frame.go:325.61,326.24 1 0
github.com/h0rn3t/gopolars/pkg/frame/frame.go:326.24,328.3 1 0
github.com/h0rn3t/gopolars/pkg/frame/frame.go:329.2,330.25 2 0
github.com/h0rn3t/gopolars/pkg/frame/frame.go:330.25,332.3 1 0
github.com/h0rn3t/gopolars/pkg/frame/frame.go:333.2,334.30 2 0
github.com/h0rn3t/gopolars/pkg/frame/frame.go:334.30,336.10 2 0
github.com/h0rn3t/gopolars/pkg/frame/frame.go:336.10,338.4 1 0
github.com/h0rn3t/gopolars/pkg/frame/frame.go:339.3,339.37 1 0
github.com/h0rn3t/gopolars/pkg/frame/frame.go:341.2,341.42 1 0
github.com/h0rn3t/gopolars/pkg/frame/frame.go:341.42,342.37 1 0
github.com/h0rn3t/gopolars/pkg/frame/frame.go:342.37,346.16 4 0
github.com/h0rn3t/gopolars/pkg/frame/frame.go:346.16,347.13 1 0
github.com/h0rn3t/gopolars/pkg/frame/frame.go:349.4,350.12 2 0
github.com/h0rn3t/gopolars/pkg/frame/frame.go:350.12,352.5 1 0
github.com/h0rn3t/gopolars/pkg/frame/frame.go:353.4,353.18 1 0
github.com/h0rn3t/gopolars/pkg/frame/frame.go:355.3,355.15 1 0
github.com/h0rn3t/gopolars/pkg/frame/frame.go:357.2,358.31 2 0
github.com/h0rn3t/gopolars/pkg/frame/frame.go:358.31,360.3 1 0
github.com/h0rn3t/gopolars/pkg/frame/frame.go:361.2,361.35 1 0
github.com/h0rn3t/gopolars/pkg/frame/frame.go:364.43,365.19 1 0
github.com/h0rn3t/gopolars/pkg/frame/frame.go:365.19,367.3 1 0
github.com/h0rn3t/gopolars/pkg/frame/frame.go:368.2,368.11 1 0
github.com/h0rn3t/gopolars/pkg/frame/frame.go:368.11,370.3 1 0
github.com/h0rn3t/gopolars/pkg/frame/frame.go:371.2,372.25 2 0
github.com/h0rn3t/gopolars/pkg/frame/frame.go:372.25,374.3 1 0
github.com/h0rn3t/gopolars/pkg/frame/frame.go:375.2,376.31 2 0
github.com/h0rn3t/gopolars/pkg/frame/frame.go:376.31,378.3 1 0
github.com/h0rn3t/gopolars/pkg/frame/frame.go:379.2,380.11 2 0
github.com/h0rn3t/gopolars/pkg/frame/frame.go:383.42,384.19 1 0
github.com/h0rn3t/gopolars/pkg/frame/frame.go:384.19,386.3 1 0
github.com/h0rn3t/gopolars/pkg/frame/frame.go:387.2,387.11 1 0
github.com/h0rn3t/gopolars/pkg/frame/frame.go:387.11,389.3 1 0
github.com/h0rn3t/gopolars/pkg/frame/frame.go:390.2,392.25 3 0
github.com/h0rn3t/gopolars/pkg/frame/frame.go:392.25,394.3 1 0
github.com/h0rn3t/gopolars/pkg/frame/frame.go:395.2,396.31 2 0
github.com/h0rn3t/gopolars/pkg/frame/frame.go:396.31,398.3 1 0
github.com/h0rn3t/gopolars/pkg/frame/frame.go:399.2,400.11 2 0
github.com/h0rn3t/gopolars/pkg/frame/frame.go:403.60,404.16 1 0
github.com/h0rn3t/gopolars/pkg/frame/frame.go:404.16,406.3 1 0
github.com/h0rn3t/gopolars/pkg/frame/frame.go:407.2,407.16 1 0
github.com/h0rn3t/gopolars/pkg/frame/frame.go:407.16,409.3 1 0
github.com/h0rn3t/gopolars/pkg/frame/frame.go:410.2,410.24 1 0
github.com/h0rn3t/gopolars/pkg/frame/frame.go:410.24,412.3 1 0
github.com/h0rn3t/gopolars/pkg/frame/frame.go:413.2,414.20 2 0
github.com/h0rn3t/gopolars/pkg/frame/frame.go:414.20,416.3 1 0
github.com/h0rn3t/gopolars/pkg/frame/frame.go:417.2,418.32 2 0
github.com/h0rn3t/gopolars/pkg/frame/frame.go:418.32,420.3 1 0
github.com/h0rn3t/gopolars/pkg/frame/frame.go:421.2,422.31 2 0
github.com/h0rn3t/gopolars/pkg/frame/frame.go:422.31,424.3 1 0
github.com/h0rn3t/gopolars/pkg/frame/frame.go:425.2,426.11 2 0
github.com/h0rn3t/gopolars/pkg/frame/frame.go:429.63,431.28 2 0
github.com/h0rn3t/gopolars/pkg/frame/frame.go:431.28,433.3 1 0
github.com/h0rn3t/gopolars/pkg/frame/frame.go:434.2,435.31 2 0
github.com/h0rn3t/gopolars/pkg/frame/frame.go:435.31,436.33 1 0
github.com/h0rn3t/gopolars/pkg/frame/frame.go:436.33,437.12 1 0
github.com/h0rn3t/gopolars/pkg/frame/frame.go:439.3,439.54 1 0
github.com/h0rn3t/gopolars/pkg/frame/frame.go:441.2,441.41 1 0
github.com/h0rn3t/gopolars/pkg/frame/frame.go:444.40,446.32 2 0
github.com/h0rn3t/gopolars/pkg/frame/frame.go:446.32,448.3 1 0
github.com/h0rn3t/gopolars/pkg/frame/frame.go:449.2,450.31 2 0
github.com/h0rn3t/gopolars/pkg/frame/frame.go:450.31,452.3 1 0
github.com/h0rn3t/gopolars/pkg/frame/frame.go:453.2,454.11 2 0
github.com/h0rn3t/gopolars/pkg/frame/frame.go:457.73,458.23 1 0
github.com/h0rn3t/gopolars/pkg/frame/frame.go:458.23,460.3 1 0
github.com/h0rn3t/gopolars/pkg/frame/frame.go:461.2,462.31 2 0
github.com/h0rn3t/gopolars/pkg/frame/frame.go:462.31,463.39 1 0
github.com/h0rn3t/gopolars/pkg/frame/frame.go:463.39,465.4 1 0
github.com/h0rn3t/gopolars/pkg/frame/frame.go:465.9,467.4 1 0
github.com/h0rn3t/gopolars/pkg/frame/frame.go:469.2,469.35 1 0
github.com/h0rn3t/gopolars/pkg/frame/frame.go:472.64,473.15 1 0
github.com/h0rn3t/gopolars/pkg/frame/frame.go:473.15,475.3 1 0
github.com/h0rn3t/gopolars/pkg/frame/frame.go:476.2,476.16 1 0
github.com/h0rn3t/gopolars/pkg/frame/frame.go:476.16,478.3 1 0
github.com/h0rn3t/gopolars/pkg/frame/frame.go:479.2,480.43 2 0
github.com/h0rn3t/gopolars/pkg/frame/frame.go:480.43,482.3 1 0
github.com/h0rn3t/gopolars/pkg/frame/frame.go:483.2,484.31 2 0
github.com/h0rn3t/gopolars/pkg/frame/frame.go:484.31,486.3 1 0
github.com/h0rn3t/gopolars/pkg/frame/frame.go:487.2,488.11 2 0
github.com/h0rn3t/gopolars/pkg/frame/frame.go:491.65,492.12 1 0
github.com/h0rn3t/gopolars/pkg/frame/frame.go:492.12,494.3 1 0
github.com/h0rn3t/gopolars/pkg/frame/frame.go:495.2,496.16 2 0
github.com/h0rn3t/gopolars/pkg/frame/frame.go:496.16,498.3 1 0
github.com/h0rn3t/gopolars/pkg/frame/frame.go:499.2,499.29 1 0
github.com/h0rn3t/gopolars/pkg/frame/frame.go:502.38,504.29 2 0
github.com/h0rn3t/gopolars/pkg/frame/frame.go:504.29,507.3 2 0
github.com/h0rn3t/gopolars/pkg/frame/frame.go:508.2,509.11 2 0
github.com/h0rn3t/gopolars/pkg/frame/frame.go:512.38,514.2 1 0
github.com/h0rn3t/gopolars/pkg/frame/frame.go:516.66,517.34 1 0
github.com/h0rn3t/gopolars/pkg/frame/frame.go:517.34,519.3 1 0
github.com/h0rn3t/gopolars/pkg/frame/frame.go:520.2,521.31 2 0
github.com/h0rn3t/gopolars/pkg/frame/frame.go:521.31,522.21 1 0
github.com/h0rn3t/gopolars/pkg/frame/frame.go:522.21,523.12 1 0
github.com/h0rn3t/gopolars/pkg/frame/frame.go:525.3,525.42 1 0
github.com/h0rn3t/gopolars/pkg/frame/frame.go:527.2,527.35 1 0
github.com/h0rn3t/gopolars/pkg/frame/frame.go:530.63,532.2 1 0
github.com/h0rn3t/gopolars/pkg/frame/frame.go:534.72,535.23 1 0
github.com/h0rn3t/gopolars/pkg/frame/frame.go:535.23,537.3 1 0
github.com/h0rn3t/gopolars/pkg/frame/frame.go:538.2,539.28 2 0
github.com/h0rn3t/gopolars/pkg/frame/frame.go:539.28,540.28 1 0
github.com/h0rn3t/gopolars/pkg/frame/frame.go:540.28,542.4 1 0
github.com/h0rn3t/gopolars/pkg/frame/frame.go:543.3,543.47 1 0
github.com/h0rn3t/gopolars/pkg/frame/frame.go:543.47,546.4 2 0
github.com/h0rn3t/gopolars/pkg/frame/frame.go:547.3,547.33 1 0
github.com/h0rn3t/gopolars/pkg/frame/frame.go:549.2,549.17 1 0
github.com/h0rn3t/gopolars/pkg/frame/frame.go:552.85,553.30 1 0
github.com/h0rn3t/gopolars/pkg/frame/frame.go:553.30,555.3 1 0
github.com/h0rn3t/gopolars/pkg/frame/frame.go:556.2,556.15 1 0
github.com/h0rn3t/gopolars/pkg/frame/frame.go:556.15,558.3 1 0
github.com/h0rn3t/gopolars/pkg/frame/frame.go:559.2,559.26 1 0
github.com/h0rn3t/gopolars/pkg/frame/frame.go:559.26,561.3 1 0
github.com/h0rn3t/gopolars/pkg/frame/frame.go:562.2,563.71 2 0
github.com/h0rn3t/gopolars/pkg/frame/frame.go:563.71,564.34 1 0
github.com/h0rn3t/gopolars/pkg/frame/frame.go:564.34,565.29 1 0
github.com/h0rn3t/gopolars/pkg/frame/frame.go:565.29,567.10 2 0
github.com/h0rn3t/gopolars/pkg/frame/frame.go:570.3,570.32 1 0
github.com/h0rn3t/gopolars/pkg/frame/frame.go:570.32,571.31 1 0
github.com/h0rn3t/gopolars/pkg/frame/frame.go:571.31,573.10 2 0
github.com/h0rn3t/gopolars/pkg/frame/frame.go:577.2,580.17 4 0
github.com/h0rn3t/gopolars/pkg/frame/frame.go:583.56,584.29 1 0
github.com/h0rn3t/gopolars/pkg/frame/frame.go:584.29,586.3 1 0
github.com/h0rn3t/gopolars/pkg/frame/frame.go:587.2,587.18 1 0
github.com/h0rn3t/gopolars/pkg/frame/frame.go:587.18,589.3 1 0
github.com/h0rn3t/gopolars/pkg/frame/frame.go:590.2,591.32 2 0
github.com/h0rn3t/gopolars/pkg/frame/frame.go:591.32,593.3 1 0
github.com/h0rn3t/gopolars/pkg/frame/frame.go:594.2,595.37 2 0
github.com/h0rn3t/gopolars/pkg/frame/frame.go:595.37,597.3 1 0
github.com/h0rn3t/gopolars/pkg/frame/frame.go:598.2,600.31 3 0
github.com/h0rn3t/gopolars/pkg/frame/frame.go:600.31,602.3 1 0
github.com/h0rn3t/gopolars/pkg/frame/frame.go:603.2,604.11 2 0
github.com/h0rn3t/gopolars/pkg/frame/frame.go:607.80,608.23 1 0
github.com/h0rn3t/gopolars/pkg/frame/frame.go:608.23,610.3 1 0
github.com/h0rn3t/gopolars/pkg/frame/frame.go:611.2,612.32 2 0
github.com/h0rn3t/gopolars/pkg/frame/frame.go:612.32,614.10 2 0
github.com/h0rn3t/gopolars/pkg/frame/frame.go:614.10,616.4 1 0
github.com/h0rn3t/gopolars/pkg/frame/frame.go:617.3,618.32 2 0
github.com/h0rn3t/gopolars/pkg/frame/frame.go:618.32,619.19 1 0
github.com/h0rn3t/gopolars/pkg/frame/frame.go:619.19,621.13 2 0
github.com/h0rn3t/gopolars/pkg/frame/frame.go:623.4,624.18 2 0
github.com/h0rn3t/gopolars/pkg/frame/frame.go:624.18,626.5 1 0
github.com/h0rn3t/gopolars/pkg/frame/frame.go:627.4,627.17 1 0
github.com/h0rn3t/gopolars/pkg/frame/frame.go:629.3,630.17 2 0
github.com/h0rn3t/gopolars/pkg/frame/frame.go:630.17,632.4 1 0
github.com/h0rn3t/gopolars/pkg/frame/frame.go:633.3,634.29 2 0
github.com/h0rn3t/gopolars/pkg/frame/frame.go:634.29,635.34 1 0
github.com/h0rn3t/gopolars/pkg/frame/frame.go:635.34,637.5 1 0
github.com/h0rn3t/gopolars/pkg/frame/frame.go:640.2,640.17 1 0
github.com/h0rn3t/gopolars/pkg/frame/frame.go:643.59,645.29 2 0
github.com/h0rn3t/gopolars/pkg/frame/frame.go:645.29,648.33 3 0
github.com/h0rn3t/gopolars/pkg/frame/frame.go:648.33,649.19 1 0
github.com/h0rn3t/gopolars/pkg/frame/frame.go:649.19,651.13 2 0
github.com/h0rn3t/gopolars/pkg/frame/frame.go:653.4,653.39 1 0
github.com/h0rn3t/gopolars/pkg/frame/frame.go:655.3,656.17 2 0
github.com/h0rn3t/gopolars/pkg/frame/frame.go:656.17,658.4 1 0
github.com/h0rn3t/gopolars/pkg/frame/frame.go:659.3,659.25 1 0
github.com/h0rn3t/gopolars/pkg/frame/frame.go:661.2,661.35 1 0
github.com/h0rn3t/gopolars/pkg/frame/frame.go:664.62,666.29 2 0
github.com/h0rn3t/gopolars/pkg/frame/frame.go:666.29,669.33 3 0
github.com/h0rn3t/gopolars/pkg/frame/frame.go:669.33,671.51 2 0
github.com/h0rn3t/gopolars/pkg/frame/frame.go:671.51,673.13 2 0
github.com/h0rn3t/gopolars/pkg/frame/frame.go:675.4,675.30 1 0
github.com/h0rn3t/gopolars/pkg/frame/frame.go:677.3,678.17 2 0
github.com/h0rn3t/gopolars/pkg/frame/frame.go:678.17,680.4 1 0
github.com/h0rn3t/gopolars/pkg/frame/frame.go:681.3,681.25 1 0
github.com/h0rn3t/gopolars/pkg/frame/frame.go:683.2,683.35 1 0
github.com/h0rn3t/gopolars/pkg/frame/frame.go:686.70,688.23 2 0
github.com/h0rn3t/gopolars/pkg/frame/frame.go:688.23,689.32 1 0
github.com/h0rn3t/gopolars/pkg/frame/frame.go:689.32,691.4 1 0
github.com/h0rn3t/gopolars/pkg/frame/frame.go:692.8,693.32 1 0
github.com/h0rn3t/gopolars/pkg/frame/frame.go:693.32,695.4 1 0
github.com/h0rn3t/gopolars/pkg/frame/frame.go:697.2,698.28 2 0
github.com/h0rn3t/gopolars/pkg/frame/frame.go:698.28,700.10 2 0
github.com/h0rn3t/gopolars/pkg/frame/frame.go:700.10,702.4 1 0
github.com/h0rn3t/gopolars/pkg/frame/frame.go:703.3,703.69 1 0
github.com/h0rn3t/gopolars/pkg/frame/frame.go:703.69,704.12 1 0
github.com/h0rn3t/gopolars/pkg/frame/frame.go:706.3,707.32 2 0
github.com/h0rn3t/gopolars/pkg/frame/frame.go:707.32,709.4 1 0
github.com/h0rn3t/gopolars/pkg/frame/frame.go:710.3,710.36 1 0
github.com/h0rn3t/gopolars/pkg/frame/frame.go:710.36,711.24 1 0
github.com/h0rn3t/gopolars/pkg/frame/frame.go:711.24,712.13 1 0
github.com/h0rn3t/gopolars/pkg/frame/frame.go:714.4,715.32 2 0
github.com/h0rn3t/gopolars/pkg/frame/frame.go:715.32,716.25 1 0
github.com/h0rn3t/gopolars/pkg/frame/frame.go:716.25,718.11 2 0
github.com/h0rn3t/gopolars/pkg/frame/frame.go:721.4,722.41 2 0
github.com/h0rn3t/gopolars/pkg/frame/frame.go:722.41,723.25 1 0
github.com/h0rn3t/gopolars/pkg/frame/frame.go:723.25,725.11 2 0
github.com/h0rn3t/gopolars/pkg/frame/frame.go:728.4,728.11 1 0
github.com/h0rn3t/gopolars/pkg/frame/frame.go:729.33,732.19 3 0
github.com/h0rn3t/gopolars/pkg/frame/frame.go:732.19,735.6 2 0
github.com/h0rn3t/gopolars/pkg/frame/frame.go:736.19,737.29 1 0
github.com/h0rn3t/gopolars/pkg/frame/frame.go:738.20,739.30 1 0
github.com/h0rn3t/gopolars/pkg/frame/frame.go:742.3,743.17 2 0
github.com/h0rn3t/gopolars/pkg/frame/frame.go:743.17,745.4 1 0
github.com/h0rn3t/gopolars/pkg/frame/frame.go:746.3,746.29 1 0
github.com/h0rn3t/gopolars/pkg/frame/frame.go:748.2,748.17 1 0
github.com/h0rn3t/gopolars/pkg/frame/frame.go:751.58,753.28 2 0
github.com/h0rn3t/gopolars/pkg/frame/frame.go:753.28,755.3 1 0
github.com/h0rn3t/gopolars/pkg/frame/frame.go:756.2,757.38 2 0
github.com/h0rn3t/gopolars/pkg/frame/frame.go:757.38,759.32 2 0
github.com/h0rn3t/gopolars/pkg/frame/frame.go:759.32,760.24 1 0
github.com/h0rn3t/gopolars/pkg/frame/frame.go:760.24,761.36 1 0
github.com/h0rn3t/gopolars/pkg/frame/frame.go:761.36,762.14 1 0
github.com/h0rn3t/gopolars/pkg/frame/frame.go:765.4,766.51 2 0
github.com/h0rn3t/gopolars/pkg/frame/frame.go:766.51,768.10 2 0
github.com/h0rn3t/gopolars/pkg/frame/frame.go:771.3,771.12 1 0
github.com/h0rn3t/gopolars/pkg/frame/frame.go:771.12,773.4 1 0
github.com/h0rn3t/gopolars/pkg/frame/frame.go:775.2,776.31 2 0
github.com/h0rn3t/gopolars/pkg/frame/frame.go:776.31,778.3 1 0
github.com/h0rn3t/gopolars/pkg/frame/frame.go:779.2,780.11 2 0
github.com/h0rn3t/gopolars/pkg/frame/frame.go:783.59,785.28 2 0
github.com/h0rn3t/gopolars/pkg/frame/frame.go:785.28,787.3 1 0
github.com/h0rn3t/gopolars/pkg/frame/frame.go:788.2,789.38 2 0
github.com/h0rn3t/gopolars/pkg/frame/frame.go:789.38,791.32 2 0
github.com/h0rn3t/gopolars/pkg/frame/frame.go:791.32,792.24 1 0
github.com/h0rn3t/gopolars/pkg/frame/frame.go:792.24,793.36 1 0
github.com/h0rn3t/gopolars/pkg/frame/frame.go:793.36,794.14 1 0
github.com/h0rn3t/gopolars/pkg/frame/frame.go:797.4,797.32 1 0
github.com/h0rn3t/gopolars/pkg/frame/frame.go:797.32,799.10 2 0
github.com/h0rn3t/gopolars/pkg/frame/frame.go:802.3,802.12 1 0
github.com/h0rn3t/gopolars/pkg/frame/frame.go:802.12,804.4 1 0
github.com/h0rn3t/gopolars/pkg/frame/frame.go:806.2,807.31 2 0
github.com/h0rn3t/gopolars/pkg/frame/frame.go:807.31,809.3 1 0
github.com/h0rn3t/gopolars/pkg/frame/frame.go:810.2,811.11 2 0
github.com/h0rn3t/gopolars/pkg/frame/frame.go:814.65,816.20 2 0
github.com/h0rn3t/gopolars/pkg/frame/frame.go:816.20,818.3 1 0
github.com/h0rn3t/gopolars/pkg/frame/frame.go:819.2,821.38 3 0
github.com/h0rn3t/gopolars/pkg/frame/frame.go:821.38,823.26 2 0
github.com/h0rn3t/gopolars/pkg/frame/frame.go:823.26,825.11 2 0
github.com/h0rn3t/gopolars/pkg/frame/frame.go:825.11,827.5 1 0
github.com/h0rn3t/gopolars/pkg/frame/frame.go:828.4,828.43 1 0
github.com/h0rn3t/gopolars/pkg/frame/frame.go:830.3,830.29 1 0
github.com/h0rn3t/gopolars/pkg/frame/frame.go:830.29,831.12 1 0
github.com/h0rn3t/gopolars/pkg/frame/frame.go:833.3,834.27 2 0
github.com/h0rn3t/gopolars/pkg/frame/frame.go:836.2,837.31 2 0
github.com/h0rn3t/gopolars/pkg/frame/frame.go:837.31,839.3 1 0
github.com/h0rn3t/gopolars/pkg/frame/frame.go:840.2,840.35 1 0
github.com/h0rn3t/gopolars/pkg/frame/frame.go:843.58,844.30 1 0
github.com/h0rn3t/gopolars/pkg/frame/frame.go:844.30,846.3 1 0
github.com/h0rn3t/gopolars/pkg/frame/frame.go:847.2,847.38 1 0
github.com/h0rn3t/gopolars/pkg/frame/frame.go:847.38,849.3 1 0
github.com/h0rn3t/gopolars/pkg/frame/frame.go:850.2,850.31 1 0
github.com/h0rn3t/gopolars/pkg/frame/frame.go:850.31,851.29 1 0
github.com/h0rn3t/gopolars/pkg/frame/frame.go:851.29,853.4 1 0
github.com/h0rn3t/gopolars/pkg/frame/frame.go:854.3,856.49 3 0
github.com/h0rn3t/gopolars/pkg/frame/frame.go:856.49,858.4 1 0
github.com/h0rn3t/gopolars/pkg/frame/frame.go:859.3,859.39 1 0
github.com/h0rn3t/gopolars/pkg/frame/frame.go:859.39,862.28 3 0
github.com/h0rn3t/gopolars/pkg/frame/frame.go:862.28,864.5 1 0
github.com/h0rn3t/gopolars/pkg/frame/frame.go:867.2,867.18 1 0
github.com/h0rn3t/gopolars/pkg/frame/frame.go:870.87,871.23 1 0
github.com/h0rn3t/gopolars/pkg/frame/frame.go:871.23,873.3 1 0
github.com/h0rn3t/gopolars/pkg/frame/frame.go:874.2,874.17 1 0
github.com/h0rn3t/gopolars/pkg/frame/frame.go:874.17,876.3 1 0
github.com/h0rn3t/gopolars/pkg/frame/frame.go:877.2,878.38 2 0
github.com/h0rn3t/gopolars/pkg/frame/frame.go:878.38,881.31 3 0
github.com/h0rn3t/gopolars/pkg/frame/frame.go:881.31,883.11 2 0
github.com/h0rn3t/gopolars/pkg/frame/frame.go:883.11,885.5 1 0
github.com/h0rn3t/gopolars/pkg/frame/frame.go:886.4,888.11 3 0
github.com/h0rn3t/gopolars/pkg/frame/frame.go:888.11,889.13 1 0
github.com/h0rn3t/gopolars/pkg/frame/frame.go:891.4,891.15 1 0
github.com/h0rn3t/gopolars/pkg/frame/frame.go:891.15,894.13 3 0
github.com/h0rn3t/gopolars/pkg/frame/frame.go:896.4,896.14 1 0
github.com/h0rn3t/gopolars/pkg/frame/frame.go:897.15,898.15 1 0
github.com/h0rn3t/gopolars/pkg/frame/frame.go:899.15,900.18 1 0
github.com/h0rn3t/gopolars/pkg/frame/frame.go:900.18,902.6 1 0
github.com/h0rn3t/gopolars/pkg/frame/frame.go:903.15,904.18 1 0
github.com/h0rn3t/gopolars/pkg/frame/frame.go:904.18,906.6 1 0
github.com/h0rn3t/gopolars/pkg/frame/frame.go:907.12,908.15 1 0
github.com/h0rn3t/gopolars/pkg/frame/frame.go:911.3,911.14 1 0
github.com/h0rn3t/gopolars/pkg/frame/frame.go:911.14,913.4 1 0
github.com/h0rn3t/gopolars/pkg/frame/frame.go:913.9,915.4 1 0
github.com/h0rn3t/gopolars/pkg/frame/frame.go:917.2,918.16 2 0
github.com/h0rn3t/gopolars/pkg/frame/frame.go:918.16,920.3 1 0
github.com/h0rn3t/gopolars/pkg/frame/frame.go:921.2,925.17 5 0
github.com/h0rn3t/gopolars/pkg/frame/frame.go:928.60,930.38 2 0
github.com/h0rn3t/gopolars/pkg/frame/frame.go:930.38,933.31 3 0
github.com/h0rn3t/gopolars/pkg/frame/frame.go:933.31,935.4 1 0
github.com/h0rn3t/gopolars/pkg/frame/frame.go:936.3,936.23 1 0
github.com/h0rn3t/gopolars/pkg/frame/frame.go:938.2,938.17 1 0
github.com/h0rn3t/gopolars/pkg/frame/frame.go:941.74,943.9 2 0
github.com/h0rn3t/gopolars/pkg/frame/frame.go:943.9,945.3 1 0
github.com/h0rn3t/gopolars/pkg/frame/frame.go:946.2,947.9 2 0
github.com/h0rn3t/gopolars/pkg/frame/frame.go:947.9,949.3 1 0
github.com/h0rn3t/gopolars/pkg/frame/frame.go:950.2,952.32 3 0
github.com/h0rn3t/gopolars/pkg/frame/frame.go:952.32,955.17 3 0
github.com/h0rn3t/gopolars/pkg/frame/frame.go:955.17,958.4 2 0
github.com/h0rn3t/gopolars/pkg/frame/frame.go:960.2,960.17 1 0
github.com/h0rn3t/gopolars/pkg/frame/frame.go:960.17,962.3 1 0
github.com/h0rn3t/gopolars/pkg/frame/frame.go:963.2,963.29 1 0
github.com/h0rn3t/gopolars/pkg/frame/frame.go:966.50,970.26 4 0
github.com/h0rn3t/gopolars/pkg/frame/frame.go:970.26,972.3 1 0
github.com/h0rn3t/gopolars/pkg/frame/frame.go:973.2,975.31 3 0
github.com/h0rn3t/gopolars/pkg/frame/frame.go:975.31,980.33 5 0
github.com/h0rn3t/gopolars/pkg/frame/frame.go:980.33,982.16 2 0
github.com/h0rn3t/gopolars/pkg/frame/frame.go:982.16,984.13 2 0
github.com/h0rn3t/gopolars/pkg/frame/frame.go:986.4,986.31 1 0
github.com/h0rn3t/gopolars/pkg/frame/frame.go:986.31,988.5 1 0
github.com/h0rn3t/gopolars/pkg/frame/frame.go:990.3,992.23 3 0
github.com/h0rn3t/gopolars/pkg/frame/frame.go:992.23,994.30 2 0
github.com/h0rn3t/gopolars/pkg/frame/frame.go:994.30,996.5 1 0
github.com/h0rn3t/gopolars/pkg/frame/frame.go:997.4,1001.30 5 0
github.com/h0rn3t/gopolars/pkg/frame/frame.go:1001.30,1004.19 3 0
github.com/h0rn3t/gopolars/pkg/frame/frame.go:1004.19,1006.6 1 0
github.com/h0rn3t/gopolars/pkg/frame/frame.go:1007.5,1007.19 1 0
github.com/h0rn3t/gopolars/pkg/frame/frame.go:1007.19,1009.6 1 0
github.com/h0rn3t/gopolars/pkg/frame/frame.go:1011.4,1014.22 4 0
github.com/h0rn3t/gopolars/pkg/frame/frame.go:1016.3,1017.17 2 0
github.com/h0rn3t/gopolars/pkg/frame/frame.go:1017.17,1019.4 1 0
github.com/h0rn3t/gopolars/pkg/frame/frame.go:1020.3,1020.34 1 0
github.com/h0rn3t/gopolars/pkg/frame/frame.go:1022.2,1022.36 1 0
github.com/h0rn3t/gopolars/pkg/frame/frame.go:1025.67,1027.58 2 0
github.com/h0rn3t/gopolars/pkg/frame/frame.go:1027.58,1029.3 1 0
github.com/h0rn3t/gopolars/pkg/frame/frame.go:1030.2,1030.23 1 0
github.com/h0rn3t/gopolars/pkg/frame/frame.go:1030.23,1032.3 1 0
github.com/h0rn3t/gopolars/pkg/frame/frame.go:1033.2,1034.28 2 0
github.com/h0rn3t/gopolars/pkg/frame/frame.go:1034.28,1036.3 1 0
github.com/h0rn3t/gopolars/pkg/frame/frame.go:1037.2,1039.28 3 0
github.com/h0rn3t/gopolars/pkg/frame/frame.go:1039.28,1041.31 2 0
github.com/h0rn3t/gopolars/pkg/frame/frame.go:1041.31,1043.4 1 0
github.com/h0rn3t/gopolars/pkg/frame/frame.go:1044.3,1045.17 2 0
github.com/h0rn3t/gopolars/pkg/frame/frame.go:1045.17,1047.4 1 0
github.com/h0rn3t/gopolars/pkg/frame/frame.go:1048.3,1049.17 2 0
github.com/h0rn3t/gopolars/pkg/frame/frame.go:1049.17,1051.4 1 0
github.com/h0rn3t/gopolars/pkg/frame/frame.go:1052.3,1052.35 1 0
github.com/h0rn3t/gopolars/pkg/frame/frame.go:1054.2,1054.41 1 0
github.com/h0rn3t/gopolars/pkg/frame/frame.go:1057.66,1058.23 1 0
github.com/h0rn3t/gopolars/pkg/frame/frame.go:1058.23,1060.3 1 0
github.com/h0rn3t/gopolars/pkg/frame/frame.go:1061.2,1062.28 2 0
github.com/h0rn3t/gopolars/pkg/frame/frame.go:1062.28,1064.30 2 0
github.com/h0rn3t/gopolars/pkg/frame/frame.go:1064.30,1066.4 1 0
github.com/h0rn3t/gopolars/pkg/frame/frame.go:1068.2,1069.38 2 0
github.com/h0rn3t/gopolars/pkg/frame/frame.go:1069.38,1071.28 2 0
github.com/h0rn3t/gopolars/pkg/frame/frame.go:1071.28,1073.16 2 0
github.com/h0rn3t/gopolars/pkg/frame/frame.go:1073.16,1074.13 1 0
github.com/h0rn3t/gopolars/pkg/frame/frame.go:1076.4,1077.11 2 0
github.com/h0rn3t/gopolars/pkg/frame/frame.go:1077.11,1079.5 1 0
github.com/h0rn3t/gopolars/pkg/frame/frame.go:1080.4,1080.26 1 0
github.com/h0rn3t/gopolars/pkg/frame/frame.go:1080.26,1082.5 1 0
github.com/h0rn3t/gopolars/pkg/frame/frame.go:1084.3,1084.31 1 0
github.com/h0rn3t/gopolars/pkg/frame/frame.go:1084.31,1086.33 2 0
github.com/h0rn3t/gopolars/pkg/frame/frame.go:1086.33,1087.38 1 0
github.com/h0rn3t/gopolars/pkg/frame/frame.go:1087.38,1089.14 2 0
github.com/h0rn3t/gopolars/pkg/frame/frame.go:1091.5,1092.17 2 0
github.com/h0rn3t/gopolars/pkg/frame/frame.go:1092.17,1094.14 2 0
github.com/h0rn3t/gopolars/pkg/frame/frame.go:1096.5,1097.23 2 0
github.com/h0rn3t/gopolars/pkg/frame/frame.go:1097.23,1099.14 2 0
github.com/h0rn3t/gopolars/pkg/frame/frame.go:1101.5,1101.22 1 0
github.com/h0rn3t/gopolars/pkg/frame/frame.go:1103.4,1103.32 1 0
github.com/h0rn3t/gopolars/pkg/frame/frame.go:1106.2,1107.29 2 0
github.com/h0rn3t/gopolars/pkg/frame/frame.go:1107.29,1110.37 3 0
github.com/h0rn3t/gopolars/pkg/frame/frame.go:1110.37,1111.30 1 0
github.com/h0rn3t/gopolars/pkg/frame/frame.go:1111.30,1113.5 1 0
github.com/h0rn3t/gopolars/pkg/frame/frame.go:1114.4,1114.58 1 0
github.com/h0rn3t/gopolars/pkg/frame/frame.go:1114.58,1116.5 1 0
github.com/h0rn3t/gopolars/pkg/frame/frame.go:1117.9,1118.30 1 0
github.com/h0rn3t/gopolars/pkg/frame/frame.go:1118.30,1120.5 1 0
github.com/h0rn3t/gopolars/pkg/frame/frame.go:1122.3,1123.17 2 0
github.com/h0rn3t/gopolars/pkg/frame/frame.go:1123.17,1125.4 1 0
github.com/h0rn3t/gopolars/pkg/frame/frame.go:1126.3,1126.35 1 0
github.com/h0rn3t/gopolars/pkg/frame/frame.go:1128.2,1128.41 1 0
github.com/h0rn3t/gopolars/pkg/frame/frame.go:1131.83,1133.9 2 0
github.com/h0rn3t/gopolars/pkg/frame/frame.go:1133.9,1135.3 1 0
github.com/h0rn3t/gopolars/pkg/frame/frame.go:1136.2,1137.32 2 0
github.com/h0rn3t/gopolars/pkg/frame/frame.go:1137.32,1139.15 2 0
github.com/h0rn3t/gopolars/pkg/frame/frame.go:1139.15,1140.12 1 0
github.com/h0rn3t/gopolars/pkg/frame/frame.go:1142.3,1143.10 2 0
github.com/h0rn3t/gopolars/pkg/frame/frame.go:1143.10,1145.4 1 0
github.com/h0rn3t/gopolars/pkg/frame/frame.go:1146.3,1146.20 1 0
github.com/h0rn3t/gopolars/pkg/frame/frame.go:1146.20,1148.4 1 0
github.com/h0rn3t/gopolars/pkg/frame/frame.go:1150.2,1151.31 2 0
github.com/h0rn3t/gopolars/pkg/frame/frame.go:1151.31,1152.21 1 0
github.com/h0rn3t/gopolars/pkg/frame/frame.go:1152.21,1153.12 1 0
github.com/h0rn3t/gopolars/pkg/frame/frame.go:1155.3,1156.31 2 0
github.com/h0rn3t/gopolars/pkg/frame/frame.go:1158.2,1158.24 1 0
github.com/h0rn3t/gopolars/pkg/frame/frame.go:1158.24,1160.33 2 0
github.com/h0rn3t/gopolars/pkg/frame/frame.go:1160.33,1162.16 2 0
github.com/h0rn3t/gopolars/pkg/frame/frame.go:1162.16,1164.13 2 0
github.com/h0rn3t/gopolars/pkg/frame/frame.go:1166.4,1166.39 1 0
github.com/h0rn3t/gopolars/pkg/frame/frame.go:1168.3,1169.17 2 0
github.com/h0rn3t/gopolars/pkg/frame/frame.go:1169.17,1171.4 1 0
github.com/h0rn3t/gopolars/pkg/frame/frame.go:1172.3,1173.19 2 0
github.com/h0rn3t/gopolars/pkg/frame/frame.go:1173.19,1175.4 1 0
github.com/h0rn3t/gopolars/pkg/frame/frame.go:1176.3,1177.17 2 0
github.com/h0rn3t/gopolars/pkg/frame/frame.go:1177.17,1179.4 1 0
github.com/h0rn3t/gopolars/pkg/frame/frame.go:1180.3,1180.23 1 0
github.com/h0rn3t/gopolars/pkg/frame/frame.go:1182.2,1182.35 1 0
github.com/h0rn3t/gopolars/pkg/frame/frame.go:1185.79,1187.2 1 0
github.com/h0rn3t/gopolars/pkg/frame/frame.go:1189.58,1190.18 1 0
github.com/h0rn3t/gopolars/pkg/frame/frame.go:1190.18,1192.3 1 0
github.com/h0rn3t/gopolars/pkg/frame/frame.go:1193.2,1194.31 2 0
github.com/h0rn3t/gopolars/pkg/frame/frame.go:1194.31,1196.3 1 0
github.com/h0rn3t/gopolars/pkg/frame/frame.go:1197.2,1197.35 1 0
github.com/h0rn3t/gopolars/pkg/frame/frame.go:1200.60,1202.2 1 0
github.com/h0rn3t/gopolars/pkg/frame/frame.go:1204.65,1206.2 1 0
github.com/h0rn3t/gopolars/pkg/frame/frame.go:1208.121,1210.2 1 0
github.com/h0rn3t/gopolars/pkg/frame/frame.go:1212.63,1215.39 2 0
github.com/h0rn3t/gopolars/pkg/frame/frame.go:1215.39,1216.34 1 0
github.com/h0rn3t/gopolars/pkg/frame/frame.go:1216.34,1218.4 1 0
github.com/h0rn3t/gopolars/pkg/frame/frame.go:1220.2,1220.17 1 0
github.com/h0rn3t/gopolars/pkg/frame/frame.go:1223.52,1225.2 1 0
github.com/h0rn3t/gopolars/pkg/frame/frame.go:1227.61,1229.2 1 0
github.com/h0rn3t/gopolars/pkg/frame/frame.go:1231.141,1232.18 1 0
github.com/h0rn3t/gopolars/pkg/frame/frame.go:1232.18,1234.3 1 0
github.com/h0rn3t/gopolars/pkg/frame/frame.go:1235.2,1235.18 1 0
github.com/h0rn3t/gopolars/pkg/frame/frame.go:1235.18,1237.3 1 0
github.com/h0rn3t/gopolars/pkg/frame/frame.go:1238.2,1238.17 1 0
github.com/h0rn3t/gopolars/pkg/frame/frame.go:1238.17,1240.3 1 0
github.com/h0rn3t/gopolars/pkg/frame/frame.go:1241.2,1242.9 2 0
github.com/h0rn3t/gopolars/pkg/frame/frame.go:1242.9,1244.3 1 0
github.com/h0rn3t/gopolars/pkg/frame/frame.go:1245.2,1246.9 2 0
github.com/h0rn3t/gopolars/pkg/frame/frame.go:1246.9,1248.3 1 0
github.com/h0rn3t/gopolars/pkg/frame/frame.go:1249.2,1250.32 2 0
github.com/h0rn3t/gopolars/pkg/frame/frame.go:1250.32,1252.10 2 0
github.com/h0rn3t/gopolars/pkg/frame/frame.go:1252.10,1254.4 1 0
github.com/h0rn3t/gopolars/pkg/frame/frame.go:1255.3,1258.27 4 0
github.com/h0rn3t/gopolars/pkg/frame/frame.go:1258.27,1260.11 2 0
github.com/h0rn3t/gopolars/pkg/frame/frame.go:1260.11,1262.5 1 0
github.com/h0rn3t/gopolars/pkg/frame/frame.go:1263.4,1263.49 1 0
github.com/h0rn3t/gopolars/pkg/frame/frame.go:1263.49,1264.13 1 0
github.com/h0rn3t/gopolars/pkg/frame/frame.go:1266.4,1266.44 1 0
github.com/h0rn3t/gopolars/pkg/frame/frame.go:1267.15,1269.10 2 0
github.com/h0rn3t/gopolars/pkg/frame/frame.go:1270.17,1272.10 2 0
github.com/h0rn3t/gopolars/pkg/frame/frame.go:1275.3,1275.32 1 0
github.com/h0rn3t/gopolars/pkg/frame/frame.go:1275.32,1277.12 2 0
github.com/h0rn3t/gopolars/pkg/frame/frame.go:1279.3,1279.36 1 0
github.com/h0rn3t/gopolars/pkg/frame/frame.go:1281.2,1282.31 2 0
github.com/h0rn3t/gopolars/pkg/frame/frame.go:1282.31,1284.3 1 0
github.com/h0rn3t/gopolars/pkg/frame/frame.go:1285.2,1286.16 2 0
github.com/h0rn3t/gopolars/pkg/frame/frame.go:1286.16,1288.3 1 0
github.com/h0rn3t/gopolars/pkg/frame/frame.go:1289.2,1290.41 2 0
github.com/h0rn3t/gopolars/pkg/frame/frame.go:1293.199,1294.14 1 0
github.com/h0rn3t/gopolars/pkg/frame/frame.go:1294.14,1296.3 1 0
github.com/h0rn3t/gopolars/pkg/frame/frame.go:1297.2,1297.16 1 0
github.com/h0rn3t/gopolars/pkg/frame/frame.go:1297.16,1299.3 1 0
github.com/h0rn3t/gopolars/pkg/frame/frame.go:1300.2,1300.17 1 0
github.com/h0rn3t/gopolars/pkg/frame/frame.go:1300.17,1302.3 1 0
github.com/h0rn3t/gopolars/pkg/frame/frame.go:1303.2,1303.24 1 0
github.com/h0rn3t/gopolars/pkg/frame/frame.go:1303.24,1305.3 1 0
github.com/h0rn3t/gopolars/pkg/frame/frame.go:1306.2,1307.9 2 0
github.com/h0rn3t/gopolars/pkg/frame/frame.go:1307.9,1309.3 1 0
github.com/h0rn3t/gopolars/pkg/frame/frame.go:1310.2,1311.32 2 0
github.com/h0rn3t/gopolars/pkg/frame/frame.go:1311.32,1313.10 2 0
github.com/h0rn3t/gopolars/pkg/frame/frame.go:1313.10,1315.4 1 0
github.com/h0rn3t/gopolars/pkg/frame/frame.go:1316.3,1317.22 2 0
github.com/h0rn3t/gopolars/pkg/frame/frame.go:1317.22,1319.4 1 0
github.com/h0rn3t/gopolars/pkg/frame/frame.go:1320.3,1321.47 2 0
github.com/h0rn3t/gopolars/pkg/frame/frame.go:1321.47,1322.23 1 0
github.com/h0rn3t/gopolars/pkg/frame/frame.go:1322.23,1325.5 2 0
github.com/h0rn3t/gopolars/pkg/frame/frame.go:1325.10,1328.5 2 0
github.com/h0rn3t/gopolars/pkg/frame/frame.go:1330.3,1330.23 1 0
github.com/h0rn3t/gopolars/pkg/frame/frame.go:1330.23,1332.4 1 0
github.com/h0rn3t/gopolars/pkg/frame/frame.go:1332.9,1334.4 1 0
github.com/h0rn3t/gopolars/pkg/frame/frame.go:1336.2,1337.31 2 0
github.com/h0rn3t/gopolars/pkg/frame/frame.go:1337.31,1339.3 1 0
github.com/h0rn3t/gopolars/pkg/frame/frame.go:1340.2,1341.16 2 0
github.com/h0rn3t/gopolars/pkg/frame/frame.go:1341.16,1343.3 1 0
github.com/h0rn3t/gopolars/pkg/frame/frame.go:1344.2,1346.16 3 0
github.com/h0rn3t/gopolars/pkg/frame/frame.go:1346.16,1348.3 1 0
github.com/h0rn3t/gopolars/pkg/frame/frame.go:1349.2,1349.52 1 0
github.com/h0rn3t/gopolars/pkg/frame/frame.go:1352.118,1353.23 1 0
github.com/h0rn3t/gopolars/pkg/frame/frame.go:1353.23,1355.3 1 0
github.com/h0rn3t/gopolars/pkg/frame/frame.go:1356.2,1356.20 1 0
github.com/h0rn3t/gopolars/pkg/frame/frame.go:1356.20,1358.3 1 0
github.com/h0rn3t/gopolars/pkg/frame/frame.go:1359.2,1359.25 1 0
github.com/h0rn3t/gopolars/pkg/frame/frame.go:1359.25,1360.29 1 0
github.com/h0rn3t/gopolars/pkg/frame/frame.go:1360.29,1362.30 2 0
github.com/h0rn3t/gopolars/pkg/frame/frame.go:1362.30,1363.16 1 0
github.com/h0rn3t/gopolars/pkg/frame/frame.go:1363.16,1365.11 2 0
github.com/h0rn3t/gopolars/pkg/frame/frame.go:1368.4,1368.14 1 0
github.com/h0rn3t/gopolars/pkg/frame/frame.go:1368.14,1370.5 1 0
github.com/h0rn3t/gopolars/pkg/frame/frame.go:1373.2,1375.28 3 0
github.com/h0rn3t/gopolars/pkg/frame/frame.go:1375.28,1376.31 1 0
github.com/h0rn3t/gopolars/pkg/frame/frame.go:1376.31,1378.4 1 0
github.com/h0rn3t/gopolars/pkg/frame/frame.go:1379.3,1380.56 2 0
github.com/h0rn3t/gopolars/pkg/frame/frame.go:1382.2,1385.38 4 0
github.com/h0rn3t/gopolars/pkg/frame/frame.go:1385.38,1386.36 1 0
github.com/h0rn3t/gopolars/pkg/frame/frame.go:1386.36,1388.11 2 0
github.com/h0rn3t/gopolars/pkg/frame/frame.go:1388.11,1390.5 1 0
github.com/h0rn3t/gopolars/pkg/frame/frame.go:1391.4,1391.30 1 0
github.com/h0rn3t/gopolars/pkg/frame/frame.go:1391.30,1393.5 1 0
github.com/h0rn3t/gopolars/pkg/frame/frame.go:1394.4,1395.63 2 0
github.com/h0rn3t/gopolars/pkg/frame/frame.go:1398.2,1399.32 2 0
github.com/h0rn3t/gopolars/pkg/frame/frame.go:1399.32,1401.23 2 0
github.com/h0rn3t/gopolars/pkg/frame/frame.go:1401.23,1402.65 1 0
github.com/h0rn3t/gopolars/pkg/frame/frame.go:1402.65,1404.5 1 0
github.com/h0rn3t/gopolars/pkg/frame/frame.go:1405.9,1405.39 1 0
github.com/h0rn3t/gopolars/pkg/frame/frame.go:1405.39,1407.4 1 0
github.com/h0rn3t/gopolars/pkg/frame/frame.go:1408.3,1409.17 2 0
github.com/h0rn3t/gopolars/pkg/frame/frame.go:1409.17,1411.4 1 0
github.com/h0rn3t/gopolars/pkg/frame/frame.go:1412.3,1412.35 1 0
github.com/h0rn3t/gopolars/pkg/frame/frame.go:1414.2,1414.41 1 0
github.com/h0rn3t/gopolars/pkg/frame/frame.go:1417.104,1418.21 1 0
github.com/h0rn3t/gopolars/pkg/frame/frame.go:1418.21,1420.3 1 0
github.com/h0rn3t/gopolars/pkg/frame/frame.go:1421.2,1423.9 3 0
github.com/h0rn3t/gopolars/pkg/frame/frame.go:1423.9,1425.3 1 0
github.com/h0rn3t/gopolars/pkg/frame/frame.go:1426.2,1427.9 2 0
github.com/h0rn3t/gopolars/pkg/frame/frame.go:1427.9,1429.3 1 0
github.com/h0rn3t/gopolars/pkg/frame/frame.go:1430.2,1438.38 6 0
github.com/h0rn3t/gopolars/pkg/frame/frame.go:1438.38,1441.27 3 0
github.com/h0rn3t/gopolars/pkg/frame/frame.go:1441.27,1443.11 2 0
github.com/h0rn3t/gopolars/pkg/frame/frame.go:1443.11,1445.5 1 0
github.com/h0rn3t/gopolars/pkg/frame/frame.go:1446.4,1448.32 3 0
github.com/h0rn3t/gopolars/pkg/frame/frame.go:1450.3,1452.33 3 0
github.com/h0rn3t/gopolars/pkg/frame/frame.go:1452.33,1455.4 2 0
github.com/h0rn3t/gopolars/pkg/frame/frame.go:1456.3,1456.32 1 0
github.com/h0rn3t/gopolars/pkg/frame/frame.go:1456.32,1459.4 2 0
github.com/h0rn3t/gopolars/pkg/frame/frame.go:1460.3,1460.76 1 0
github.com/h0rn3t/gopolars/pkg/frame/frame.go:1462.2,1464.26 3 0
github.com/h0rn3t/gopolars/pkg/frame/frame.go:1464.26,1467.3 2 0
github.com/h0rn3t/gopolars/pkg/frame/frame.go:1468.2,1468.30 1 0
github.com/h0rn3t/gopolars/pkg/frame/frame.go:1468.30,1471.3 2 0
github.com/h0rn3t/gopolars/pkg/frame/frame.go:1472.2,1472.31 1 0
github.com/h0rn3t/gopolars/pkg/frame/frame.go:1472.31,1474.27 2 0
github.com/h0rn3t/gopolars/pkg/frame/frame.go:1474.27,1476.4 1 0
github.com/h0rn3t/gopolars/pkg/frame/frame.go:1477.3,1477.31 1 0
github.com/h0rn3t/gopolars/pkg/frame/frame.go:1477.31,1480.4 2 0
github.com/h0rn3t/gopolars/pkg/frame/frame.go:1482.2,1483.29 2 0
github.com/h0rn3t/gopolars/pkg/frame/frame.go:1483.29,1485.31 2 0
github.com/h0rn3t/gopolars/pkg/frame/frame.go:1485.31,1487.4 1 0
github.com/h0rn3t/gopolars/pkg/frame/frame.go:1487.9,1487.68 1 0
github.com/h0rn3t/gopolars/pkg/frame/frame.go:1487.68,1489.4 1 0
github.com/h0rn3t/gopolars/pkg/frame/frame.go:1490.3,1491.17 2 0
github.com/h0rn3t/gopolars/pkg/frame/frame.go:1491.17,1493.4 1 0
github.com/h0rn3t/gopolars/pkg/frame/frame.go:1494.3,1494.35 1 0
github.com/h0rn3t/gopolars/pkg/frame/frame.go:1496.2,1496.41 1 0
github.com/h0rn3t/gopolars/pkg/frame/frame.go:1499.38,1508.27 4 0
github.com/h0rn3t/gopolars/pkg/frame/frame.go:1508.27,1510.3 1 0
github.com/h0rn3t/gopolars/pkg/frame/frame.go:1511.2,1511.12 1 0
github.com/h0rn3t/gopolars/pkg/frame/frame.go:1514.73,1515.30 1 0
github.com/h0rn3t/gopolars/pkg/frame/frame.go:1515.30,1517.10 2 0
github.com/h0rn3t/gopolars/pkg/frame/frame.go:1517.10,1519.4 1 0
github.com/h0rn3t/gopolars/pkg/frame/frame.go:1520.3,1520.33 1 0
github.com/h0rn3t/gopolars/pkg/frame/frame.go:1522.2,1523.32 2 0
github.com/h0rn3t/gopolars/pkg/frame/frame.go:1523.32,1525.17 2 0
github.com/h0rn3t/gopolars/pkg/frame/frame.go:1525.17,1527.4 1 0
github.com/h0rn3t/gopolars/pkg/frame/frame.go:1528.3,1528.16 1 0
github.com/h0rn3t/gopolars/pkg/frame/frame.go:1530.2,1531.16 2 0
github.com/h0rn3t/gopolars/pkg/frame/frame.go:1531.16,1533.3 1 0
github.com/h0rn3t/gopolars/pkg/frame/frame.go:1534.2,1534.41 1 0
github.com/h0rn3t/gopolars/pkg/frame/frame.go:1537.83,1538.30 1 0
github.com/h0rn3t/gopolars/pkg/frame/frame.go:1538.30,1540.3 1 0
github.com/h0rn3t/gopolars/pkg/frame/frame.go:1541.2,1541.53 1 0
github.com/h0rn3t/gopolars/pkg/frame/frame.go:1541.53,1542.10 1 0
github.com/h0rn3t/gopolars/pkg/frame/frame.go:1543.28,1544.57 1 0
github.com/h0rn3t/gopolars/pkg/frame/frame.go:1545.30,1546.59 1 0
github.com/h0rn3t/gopolars/pkg/frame/frame.go:1547.25,1548.44 1 0
github.com/h0rn3t/gopolars/pkg/frame/frame.go:1549.28,1550.47 1 0
github.com/h0rn3t/gopolars/pkg/frame/frame.go:1551.46,1552.55 1 0
github.com/h0rn3t/gopolars/pkg/frame/frame.go:1553.43,1554.81 1 0
github.com/h0rn3t/gopolars/pkg/frame/frame.go:1557.2,1558.61 2 0
github.com/h0rn3t/gopolars/pkg/frame/frame.go:1558.61,1559.32 1 0
github.com/h0rn3t/gopolars/pkg/frame/frame.go:1559.32,1561.18 2 0
github.com/h0rn3t/gopolars/pkg/frame/frame.go:1561.18,1563.5 1 0
github.com/h0rn3t/gopolars/pkg/frame/frame.go:1564.4,1564.17 1 0
github.com/h0rn3t/gopolars/pkg/frame/frame.go:1566.3,1566.13 1 0
github.com/h0rn3t/gopolars/pkg/frame/frame.go:1567.17,1569.3 1 0
github.com/h0rn3t/gopolars/pkg/frame/frame.go:1570.2,1571.16 2 0
github.com/h0rn3t/gopolars/pkg/frame/frame.go:1571.16,1573.3 1 0
github.com/h0rn3t/gopolars/pkg/frame/frame.go:1574.2,1574.41 1 0
github.com/h0rn3t/gopolars/pkg/frame/frame.go:1577.102,1579.16 2 0
github.com/h0rn3t/gopolars/pkg/frame/frame.go:1579.16,1581.3 1 0
github.com/h0rn3t/gopolars/pkg/frame/frame.go:1582.2,1585.32 4 0
github.com/h0rn3t/gopolars/pkg/frame/frame.go:1585.32,1587.22 2 0
github.com/h0rn3t/gopolars/pkg/frame/frame.go:1587.22,1588.16 1 0
github.com/h0rn3t/gopolars/pkg/frame/frame.go:1588.16,1590.5 1 0
github.com/h0rn3t/gopolars/pkg/frame/frame.go:1591.4,1592.12 2 0
github.com/h0rn3t/gopolars/pkg/frame/frame.go:1594.3,1594.24 1 0
github.com/h0rn3t/gopolars/pkg/frame/frame.go:1595.14,1596.21 1 0
github.com/h0rn3t/gopolars/pkg/frame/frame.go:1597.16,1598.12 1 0
github.com/h0rn3t/gopolars/pkg/frame/frame.go:1600.3,1600.18 1 0
github.com/h0rn3t/gopolars/pkg/frame/frame.go:1602.2,1602.21 1 0
github.com/h0rn3t/gopolars/pkg/frame/frame.go:1602.21,1604.3 1 0
github.com/h0rn3t/gopolars/pkg/frame/frame.go:1605.2,1605.49 1 0
github.com/h0rn3t/gopolars/pkg/frame/frame.go:1608.83,1610.16 2 0
github.com/h0rn3t/gopolars/pkg/frame/frame.go:1610.16,1612.3 1 0
github.com/h0rn3t/gopolars/pkg/frame/frame.go:1613.2,1614.32 2 0
github.com/h0rn3t/gopolars/pkg/frame/frame.go:1614.32,1616.3 1 0
github.com/h0rn3t/gopolars/pkg/frame/frame.go:1617.2,1617.48 1 0
github.com/h0rn3t/gopolars/pkg/frame/frame.go:1617.48,1619.3 1 0
github.com/h0rn3t/gopolars/pkg/frame/frame.go:1620.2,1621.33 2 0
github.com/h0rn3t/gopolars/pkg/frame/frame.go:1621.33,1623.3 1 0
github.com/h0rn3t/gopolars/pkg/frame/frame.go:1624.2,1624.44 1 0
github.com/h0rn3t/gopolars/pkg/frame/frame.go:1627.86,1629.16 2 0
github.com/h0rn3t/gopolars/pkg/frame/frame.go:1629.16,1631.3 1 0
github.com/h0rn3t/gopolars/pkg/frame/frame.go:1632.2,1633.32 2 0
github.com/h0rn3t/gopolars/pkg/frame/frame.go:1633.32,1635.3 1 0
github.com/h0rn3t/gopolars/pkg/frame/frame.go:1636.2,1636.47 1 0
github.com/h0rn3t/gopolars/pkg/frame/frame.go:1639.97,1641.16 2 0
github.com/h0rn3t/gopolars/pkg/frame/frame.go:1641.16,1643.3 1 0
github.com/h0rn3t/gopolars/pkg/frame/frame.go:1644.2,1645.64 2 0
github.com/h0rn3t/gopolars/pkg/frame/frame.go:1645.64,1646.72 1 0
github.com/h0rn3t/gopolars/pkg/frame/frame.go:1646.72,1648.4 1 0
github.com/h0rn3t/gopolars/pkg/frame/frame.go:1650.2,1651.47 2 0
github.com/h0rn3t/gopolars/pkg/frame/frame.go:1651.47,1653.3 1 0
github.com/h0rn3t/gopolars/pkg/frame/frame.go:1654.2,1655.32 2 0
github.com/h0rn3t/gopolars/pkg/frame/frame.go:1655.32,1657.16 2 0
github.com/h0rn3t/gopolars/pkg/frame/frame.go:1657.16,1659.4 1 0
github.com/h0rn3t/gopolars/pkg/frame/frame.go:1660.3,1661.31 2 0
github.com/h0rn3t/gopolars/pkg/frame/frame.go:1661.31,1662.37 1 0
github.com/h0rn3t/gopolars/pkg/frame/frame.go:1663.15,1664.36 1 0
github.com/h0rn3t/gopolars/pkg/frame/frame.go:1665.17,1666.27 1 0
github.com/h0rn3t/gopolars/pkg/frame/frame.go:1669.3,1669.21 1 0
github.com/h0rn3t/gopolars/pkg/frame/frame.go:1669.21,1671.12 2 0
github.com/h0rn3t/gopolars/pkg/frame/frame.go:1673.3,1673.15 1 0
github.com/h0rn3t/gopolars/pkg/frame/frame.go:1674.22,1676.27 2 0
github.com/h0rn3t/gopolars/pkg/frame/frame.go:1676.27,1678.5 1 0
github.com/h0rn3t/gopolars/pkg/frame/frame.go:1679.4,1679.16 1 0
github.com/h0rn3t/gopolars/pkg/frame/frame.go:1680.23,1682.27 2 0
github.com/h0rn3t/gopolars/pkg/frame/frame.go:1682.27,1684.5 1 0
github.com/h0rn3t/gopolars/pkg/frame/frame.go:1685.4,1685.37 1 0
github.com/h0rn3t/gopolars/pkg/frame/frame.go:1686.22,1688.31 2 0
github.com/h0rn3t/gopolars/pkg/frame/frame.go:1688.31,1689.16 1 0
github.com/h0rn3t/gopolars/pkg/frame/frame.go:1689.16,1691.6 1 0
github.com/h0rn3t/gopolars/pkg/frame/frame.go:1693.4,1693.16 1 0
github.com/h0rn3t/gopolars/pkg/frame/frame.go:1694.22,1696.31 2 0
github.com/h0rn3t/gopolars/pkg/frame/frame.go:1696.31,1697.16 1 0
github.com/h0rn3t/gopolars/pkg/frame/frame.go:1697.16,1699.6 1 0
github.com/h0rn3t/gopolars/pkg/frame/frame.go:1701.4,1701.16 1 0
github.com/h0rn3t/gopolars/pkg/frame/frame.go:1702.22,1704.27 2 0
github.com/h0rn3t/gopolars/pkg/frame/frame.go:1704.27,1706.5 1 0
github.com/h0rn3t/gopolars/pkg/frame/frame.go:1707.4,1709.27 3 0
github.com/h0rn3t/gopolars/pkg/frame/frame.go:1709.27,1712.5 2 0
github.com/h0rn3t/gopolars/pkg/frame/frame.go:1713.4,1714.32 2 0
github.com/h0rn3t/gopolars/pkg/frame/frame.go:1715.22,1717.27 2 0
github.com/h0rn3t/gopolars/pkg/frame/frame.go:1717.27,1719.5 1 0
github.com/h0rn3t/gopolars/pkg/frame/frame.go:1720.4,1722.27 3 0
github.com/h0rn3t/gopolars/pkg/frame/frame.go:1722.27,1725.5 2 0
github.com/h0rn3t/gopolars/pkg/frame/frame.go:1726.4,1726.42 1 0
github.com/h0rn3t/gopolars/pkg/frame/frame.go:1727.11,1728.30 1 0
github.com/h0rn3t/gopolars/pkg/frame/frame.go:1731.2,1731.46 1 0
github.com/h0rn3t/gopolars/pkg/frame/frame.go:1734.105,1736.44 2 0
github.com/h0rn3t/gopolars/pkg/frame/frame.go:1736.44,1738.3 1 0
github.com/h0rn3t/gopolars/pkg/frame/frame.go:1739.2,1740.31 2 0
github.com/h0rn3t/gopolars/pkg/frame/frame.go:1740.31,1742.14 2 0
github.com/h0rn3t/gopolars/pkg/frame/frame.go:1742.14,1744.4 1 0
github.com/h0rn3t/gopolars/pkg/frame/frame.go:1746.2,1748.16 3 0
github.com/h0rn3t/gopolars/pkg/frame/frame.go:1748.16,1750.3 1 0
github.com/h0rn3t/gopolars/pkg/frame/frame.go:1751.2,1751.26 1 0
github.com/h0rn3t/gopolars/pkg/frame/frame.go:1751.26,1753.3 1 0
github.com/h0rn3t/gopolars/pkg/frame/frame.go:1754.2,1755.38 2 0
github.com/h0rn3t/gopolars/pkg/frame/frame.go:1755.38,1757.32 2 0
github.com/h0rn3t/gopolars/pkg/frame/frame.go:1757.32,1759.11 2 0
github.com/h0rn3t/gopolars/pkg/frame/frame.go:1759.11,1761.5 1 0
github.com/h0rn3t/gopolars/pkg/frame/frame.go:1762.4,1762.43 1 0
github.com/h0rn3t/gopolars/pkg/frame/frame.go:1764.3,1764.41 1 0
github.com/h0rn3t/gopolars/pkg/frame/frame.go:1766.2,1767.65 2 0
github.com/h0rn3t/gopolars/pkg/frame/frame.go:1767.65,1768.31 1 0
github.com/h0rn3t/gopolars/pkg/frame/frame.go:1768.31,1770.29 2 0
github.com/h0rn3t/gopolars/pkg/frame/frame.go:1770.29,1771.40 1 0
github.com/h0rn3t/gopolars/pkg/frame/frame.go:1772.16,1773.23 1 0
github.com/h0rn3t/gopolars/pkg/frame/frame.go:1774.18,1775.14 1 0
github.com/h0rn3t/gopolars/pkg/frame/frame.go:1777.5,1777.19 1 0
github.com/h0rn3t/gopolars/pkg/frame/frame.go:1780.3,1780.47 1 0
github.com/h0rn3t/gopolars/pkg/frame/frame.go:1782.2,1782.67 1 0
github.com/h0rn3t/gopolars/pkg/frame/frame.go:1782.67,1783.31 1 0
github.com/h0rn3t/gopolars/pkg/frame/frame.go:1783.31,1785.29 2 0
github.com/h0rn3t/gopolars/pkg/frame/frame.go:1785.29,1786.31 1 0
github.com/h0rn3t/gopolars/pkg/frame/frame.go:1786.31,1788.6 1 0
github.com/h0rn3t/gopolars/pkg/frame/frame.go:1789.5,1789.21 1 0
github.com/h0rn3t/gopolars/pkg/frame/frame.go:1792.3,1792.45 1 0
github.com/h0rn3t/gopolars/pkg/frame/frame.go:1794.2,1794.62 1 0
github.com/h0rn3t/gopolars/pkg/frame/frame.go:1794.62,1795.31 1 0
github.com/h0rn3t/gopolars/pkg/frame/frame.go:1795.31,1796.47 1 0
github.com/h0rn3t/gopolars/pkg/frame/frame.go:1796.47,1798.5 1 0
github.com/h0rn3t/gopolars/pkg/frame/frame.go:1799.4,1799.32 1 0
github.com/h0rn3t/gopolars/pkg/frame/frame.go:1799.32,1801.5 1 0
github.com/h0rn3t/gopolars/pkg/frame/frame.go:1803.3,1803.45 1 0
github.com/h0rn3t/gopolars/pkg/frame/frame.go:1805.2,1805.47 1 0
github.com/h0rn3t/gopolars/pkg/frame/frame.go:1808.49,1810.31 2 0
github.com/h0rn3t/gopolars/pkg/frame/frame.go:1810.31,1812.3 1 0
github.com/h0rn3t/gopolars/pkg/frame/frame.go:1813.2,1813.12 1 0
github.com/h0rn3t/gopolars/pkg/frame/frame.go:1816.78,1817.19 1 0
github.com/h0rn3t/gopolars/pkg/frame/frame.go:1817.19,1819.3 1 0
github.com/h0rn3t/gopolars/pkg/frame/frame.go:1820.2,1821.17 2 0
github.com/h0rn3t/gopolars/pkg/frame/frame.go:1821.17,1823.3 1 0
github.com/h0rn3t/gopolars/pkg/frame/frame.go:1824.2,1824.24 1 0
github.com/h0rn3t/gopolars/pkg/frame/frame.go:1824.24,1826.3 1 0
github.com/h0rn3t/gopolars/pkg/frame/frame.go:1827.2,1830.51 4 0
github.com/h0rn3t/gopolars/pkg/frame/frame.go:1830.51,1832.21 2 0
github.com/h0rn3t/gopolars/pkg/frame/frame.go:1832.21,1834.4 1 0
github.com/h0rn3t/gopolars/pkg/frame/frame.go:1835.3,1836.25 2 0
github.com/h0rn3t/gopolars/pkg/frame/frame.go:1836.25,1838.36 2 0
github.com/h0rn3t/gopolars/pkg/frame/frame.go:1838.36,1840.5 1 0
github.com/h0rn3t/gopolars/pkg/frame/frame.go:1843.2,1844.9 2 0
github.com/h0rn3t/gopolars/pkg/frame/frame.go:1845.22,1846.13 1 0
github.com/h0rn3t/gopolars/pkg/frame/frame.go:1847.10,1848.13 1 0
github.com/h0rn3t/gopolars/pkg/frame/frame.go:1852.59,1853.27 1 0
github.com/h0rn3t/gopolars/pkg/frame/frame.go:1853.27,1854.15 1 0
github.com/h0rn3t/gopolars/pkg/frame/frame.go:1854.15,1855.12 1 0
github.com/h0rn3t/gopolars/pkg/frame/frame.go:1857.3,1857.19 1 0
github.com/h0rn3t/gopolars/pkg/frame/frame.go:1858.14,1859.28 1 0
github.com/h0rn3t/gopolars/pkg/frame/frame.go:1860.16,1861.30 1 0
github.com/h0rn3t/gopolars/pkg/frame/frame.go:1862.28,1863.30 1 0
github.com/h0rn3t/gopolars/pkg/frame/frame.go:1864.15,1865.29 1 0
github.com/h0rn3t/gopolars/pkg/frame/frame.go:1866.13,1867.30 1 0
github.com/h0rn3t/gopolars/pkg/frame/frame.go:1868.18,1869.31 1 0
github.com/h0rn3t/gopolars/pkg/frame/frame.go:1870.14,1871.27 1 0
github.com/h0rn3t/gopolars/pkg/frame/frame.go:1872.23,1873.29 1 0
github.com/h0rn3t/gopolars/pkg/frame/frame.go:1876.2,1876.49 1 0
github.com/h0rn3t/gopolars/pkg/frame/frame.go:1879.52,1880.22 1 0
github.com/h0rn3t/gopolars/pkg/frame/frame.go:1880.22,1882.3 1 0
github.com/h0rn3t/gopolars/pkg/frame/frame.go:1883.2,1883.13 1 0
github.com/h0rn3t/gopolars/pkg/frame/frame.go:1884.19,1885.19 1 0
github.com/h0rn3t/gopolars/pkg/frame/frame.go:1886.21,1890.28 4 0
github.com/h0rn3t/gopolars/pkg/frame/frame.go:1890.28,1891.25 1 0
github.com/h0rn3t/gopolars/pkg/frame/frame.go:1892.15,1894.12 2 0
github.com/h0rn3t/gopolars/pkg/frame/frame.go:1895.17,1898.19 3 0
github.com/h0rn3t/gopolars/pkg/frame/frame.go:1901.3,1901.17 1 0
github.com/h0rn3t/gopolars/pkg/frame/frame.go:1901.17,1903.4 1 0
github.com/h0rn3t/gopolars/pkg/frame/frame.go:1904.3,1904.20 1 0
github.com/h0rn3t/gopolars/pkg/frame/frame.go:1904.20,1906.4 1 0
github.com/h0rn3t/gopolars/pkg/frame/frame.go:1907.3,1907.13 1 0
github.com/h0rn3t/gopolars/pkg/frame/frame.go:1907.13,1909.4 1 0
github.com/h0rn3t/gopolars/pkg/frame/frame.go:1910.3,1910.15 1 0
github.com/h0rn3t/gopolars/pkg/frame/frame.go:1911.15,1912.28 1 0
github.com/h0rn3t/gopolars/pkg/frame/frame.go:1913.20,1915.36 2 0
github.com/h0rn3t/gopolars/pkg/frame/frame.go:1915.36,1916.55 1 0
github.com/h0rn3t/gopolars/pkg/frame/frame.go:1916.55,1918.5 1 0
github.com/h0rn3t/gopolars/pkg/frame/frame.go:1919.4,1919.55 1 0
github.com/h0rn3t/gopolars/pkg/frame/frame.go:1919.55,1921.5 1 0
github.com/h0rn3t/gopolars/pkg/frame/frame.go:1923.3,1923.14 1 0
github.com/h0rn3t/gopolars/pkg/frame/frame.go:1924.10,1925.19 1 0
github.com/h0rn3t/gopolars/pkg/frame/frame.go:1929.46,1930.31 1 0
github.com/h0rn3t/gopolars/pkg/frame/frame.go:1930.31,1931.47 1 0
github.com/h0rn3t/gopolars/pkg/frame/frame.go:1931.47,1933.4 1 0
github.com/h0rn3t/gopolars/pkg/frame/frame.go:1935.2,1935.13 1 0
github.com/h0rn3t/gopolars/pkg/frame/frame.go:1938.43,1939.31 1 0
github.com/h0rn3t/gopolars/pkg/frame/frame.go:1939.31,1940.18 1 0
github.com/h0rn3t/gopolars/pkg/frame/frame.go:1940.18,1942.4 1 0
github.com/h0rn3t/gopolars/pkg/frame/frame.go:1944.2,1944.14 1 0
github.com/h0rn3t/gopolars/pkg/frame/frame.go:1947.41,1948.31 1 0
github.com/h0rn3t/gopolars/pkg/frame/frame.go:1948.31,1950.48 2 0
github.com/h0rn3t/gopolars/pkg/frame/frame.go:1950.48,1952.4 1 0
github.com/h0rn3t/gopolars/pkg/frame/frame.go:1954.2,1954.14 1 0
github.com/h0rn3t/gopolars/pkg/frame/frame.go:1957.37,1958.23 1 0
github.com/h0rn3t/gopolars/pkg/frame/frame.go:1959.13,1960.26 1 0
github.com/h0rn3t/gopolars/pkg/frame/frame.go:1961.15,1962.17 1 0
github.com/h0rn3t/gopolars/pkg/frame/frame.go:1963.10,1964.18 1 0
github.com/h0rn3t/gopolars/pkg/frame/frame.go:1968.62,1969.14 1 0
github.com/h0rn3t/gopolars/pkg/frame/frame.go:1969.14,1971.3 1 0
github.com/h0rn3t/gopolars/pkg/frame/frame.go:1972.2,1972.12 1 0
github.com/h0rn3t/gopolars/pkg/frame/frame.go:1973.20,1974.24 1 0
github.com/h0rn3t/gopolars/pkg/frame/frame.go:1975.14,1976.17 1 0
github.com/h0rn3t/gopolars/pkg/frame/frame.go:1977.16,1978.24 1 0
github.com/h0rn3t/gopolars/pkg/frame/frame.go:1979.15,1981.18 2 0
github.com/h0rn3t/gopolars/pkg/frame/frame.go:1981.18,1983.5 1 0
github.com/h0rn3t/gopolars/pkg/frame/frame.go:1984.4,1984.17 1 0
github.com/h0rn3t/gopolars/pkg/frame/frame.go:1986.22,1987.24 1 0
github.com/h0rn3t/gopolars/pkg/frame/frame.go:1988.14,1989.26 1 0
github.com/h0rn3t/gopolars/pkg/frame/frame.go:1990.16,1991.17 1 0
github.com/h0rn3t/gopolars/pkg/frame/frame.go:1992.15,1994.18 2 0
github.com/h0rn3t/gopolars/pkg/frame/frame.go:1994.18,1996.5 1 0
github.com/h0rn3t/gopolars/pkg/frame/frame.go:1997.4,1997.17 1 0
github.com/h0rn3t/gopolars/pkg/frame/frame.go:1999.21,2000.35 1 0
github.com/h0rn3t/gopolars/pkg/frame/frame.go:2001.22,2002.24 1 0
github.com/h0rn3t/gopolars/pkg/frame/frame.go:2003.13,2004.17 1 0
github.com/h0rn3t/gopolars/pkg/frame/frame.go:2005.15,2006.19 1 0
github.com/h0rn3t/gopolars/pkg/frame/frame.go:2006.19,2008.5 1 0
github.com/h0rn3t/gopolars/pkg/frame/frame.go:2009.4,2009.20 1 0
github.com/h0rn3t/gopolars/pkg/frame/frame.go:2009.20,2011.5 1 0
github.com/h0rn3t/gopolars/pkg/frame/frame.go:2014.2,2014.55 1 0
github.com/h0rn3t/gopolars/pkg/frame/frame.go:2017.44,2018.33 1 0
github.com/h0rn3t/gopolars/pkg/frame/frame.go:2018.33,2020.3 1 0
github.com/h0rn3t/gopolars/pkg/frame/frame.go:2021.2,2021.34 1 0
github.com/h0rn3t/gopolars/pkg/frame/frame.go:2021.34,2023.11 2 0
github.com/h0rn3t/gopolars/pkg/frame/frame.go:2023.11,2025.4 1 0
github.com/h0rn3t/gopolars/pkg/frame/frame.go:2026.3,2026.39 1 0
github.com/h0rn3t/gopolars/pkg/frame/frame.go:2026.39,2028.4 1 0
github.com/h0rn3t/gopolars/pkg/frame/frame.go:2029.3,2029.18 1 0
github.com/h0rn3t/gopolars/pkg/frame/frame.go:2031.2,2031.60 1 0
github.com/h0rn3t/gopolars/pkg/frame/frame.go:2034.50,2035.40 1 0
github.com/h0rn3t/gopolars/pkg/frame/frame.go:2035.40,2037.3 1 0
github.com/h0rn3t/gopolars/pkg/frame/frame.go:2038.2,2040.20 3 0
github.com/h0rn3t/gopolars/pkg/frame/frame.go:2040.20,2043.3 2 0
github.com/h0rn3t/gopolars/pkg/frame/frame.go:2044.2,2049.20 6 0
github.com/h0rn3t/gopolars/pkg/frame/frame.go:2049.20,2055.3 5 0
github.com/h0rn3t/gopolars/pkg/frame/frame.go:2056.2,2056.32 1 0
github.com/h0rn3t/gopolars/pkg/frame/frame.go:2056.32,2058.3 1 0
github.com/h0rn3t/gopolars/pkg/frame/frame.go:2059.2,2059.45 1 0
github.com/h0rn3t/gopolars/pkg/frame/frame.go:2062.42,2063.26 1 0
github.com/h0rn3t/gopolars/pkg/frame/frame.go:2064.13,2066.10 2 0
github.com/h0rn3t/gopolars/pkg/frame/frame.go:2066.10,2068.4 1 0
github.com/h0rn3t/gopolars/pkg/frame/frame.go:2069.3,2069.12 1 0
github.com/h0rn3t/gopolars/pkg/frame/frame.go:2069.12,2071.4 1 0
github.com/h0rn3t/gopolars/pkg/frame/frame.go:2072.3,2072.12 1 0
github.com/h0rn3t/gopolars/pkg/frame/frame.go:2072.12,2074.4 1 0
github.com/h0rn3t/gopolars/pkg/frame/frame.go:2075.15,2077.10 2 0
github.com/h0rn3t/gopolars/pkg/frame/frame.go:2077.10,2079.4 1 0
github.com/h0rn3t/gopolars/pkg/frame/frame.go:2080.3,2080.12 1 0
github.com/h0rn3t/gopolars/pkg/frame/frame.go:2080.12,2082.4 1 0
github.com/h0rn3t/gopolars/pkg/frame/frame.go:2083.3,2083.12 1 0
github.com/h0rn3t/gopolars/pkg/frame/frame.go:2083.12,2085.4 1 0
github.com/h0rn3t/gopolars/pkg/frame/frame.go:2086.14,2088.10 2 0
github.com/h0rn3t/gopolars/pkg/frame/frame.go:2088.10,2090.4 1 0
github.com/h0rn3t/gopolars/pkg/frame/frame.go:2091.3,2091.12 1 0
github.com/h0rn3t/gopolars/pkg/frame/frame.go:2091.12,2093.4 1 0
github.com/h0rn3t/gopolars/pkg/frame/frame.go:2094.3,2094.12 1 0
github.com/h0rn3t/gopolars/pkg/frame/frame.go:2094.12,2096.4 1 0
github.com/h0rn3t/gopolars/pkg/frame/frame.go:2098.2,2098.10 1 0
github.com/h0rn3t/gopolars/pkg/frame/frame.go:2101.89,2102.16 1 0
github.com/h0rn3t/gopolars/pkg/frame/frame.go:2103.18,2104.64 1 0
github.com/h0rn3t/gopolars/pkg/frame/frame.go:2105.15,2106.62 1 0
github.com/h0rn3t/gopolars/pkg/frame/frame.go:2107.14,2108.83 1 0
github.com/h0rn3t/gopolars/pkg/frame/frame.go:2109.14,2110.43 1 0
github.com/h0rn3t/gopolars/pkg/frame/frame.go:2111.10,2112.64 1 0
github.com/h0rn3t/gopolars/pkg/frame/frame.go:2121.59,2123.9 2 0
github.com/h0rn3t/gopolars/pkg/frame/frame.go:2123.9,2125.3 1 0
github.com/h0rn3t/gopolars/pkg/frame/frame.go:2126.2,2126.29 1 0
github.com/h0rn3t/gopolars/pkg/frame/frame.go:2129.37,2129.53 1 0
github.com/h0rn3t/gopolars/pkg/frame/frame.go:2131.36,2131.58 1 0
github.com/h0rn3t/gopolars/pkg/frame/frame.go:2133.66,2135.42 2 0
github.com/h0rn3t/gopolars/pkg/frame/frame.go:2135.42,2137.3 1 0
github.com/h0rn3t/gopolars/pkg/frame/frame.go:2138.2,2138.27 1 0
github.com/h0rn3t/gopolars/pkg/frame/frame.go:2141.40,2142.26 1 0
github.com/h0rn3t/gopolars/pkg/frame/frame.go:2143.13,2145.10 2 0
github.com/h0rn3t/gopolars/pkg/frame/frame.go:2145.10,2147.4 1 0
github.com/h0rn3t/gopolars/pkg/frame/frame.go:2148.3,2148.15 1 0
github.com/h0rn3t/gopolars/pkg/frame/frame.go:2149.15,2151.10 2 0
github.com/h0rn3t/gopolars/pkg/frame/frame.go:2151.10,2153.4 1 0
github.com/h0rn3t/gopolars/pkg/frame/frame.go:2154.3,2154.15 1 0
github.com/h0rn3t/gopolars/pkg/frame/frame.go:2155.14,2157.10 2 0
github.com/h0rn3t/gopolars/pkg/frame/frame.go:2157.10,2159.4 1 0
github.com/h0rn3t/gopolars/pkg/frame/frame.go:2160.3,2160.15 1 0
github.com/h0rn3t/gopolars/pkg/frame/frame.go:2161.12,2163.10 2 0
github.com/h0rn3t/gopolars/pkg/frame/frame.go:2163.10,2165.4 1 0
github.com/h0rn3t/gopolars/pkg/frame/frame.go:2166.3,2166.17 1 0
github.com/h0rn3t/gopolars/pkg/frame/frame.go:2167.10,2168.15 1 0
github.com/h0rn3t/gopolars/pkg/frame/frame.go:2172.65,2173.33 1 0
github.com/h0rn3t/gopolars/pkg/frame/frame.go:2173.33,2175.3 1 0
github.com/h0rn3t/gopolars/pkg/frame/frame.go:2176.2,2176.17 1 0
github.com/h0rn3t/gopolars/pkg/frame/frame.go:2176.17,2177.16 1 0
github.com/h0rn3t/gopolars/pkg/frame/frame.go:2177.16,2179.4 1 0
github.com/h0rn3t/gopolars/pkg/frame/frame.go:2180.3,2180.12 1 0
github.com/h0rn3t/gopolars/pkg/frame/frame.go:2182.2,2182.18 1 0
github.com/h0rn3t/gopolars/pkg/frame/frame.go:2182.18,2183.16 1 0
github.com/h0rn3t/gopolars/pkg/frame/frame.go:2183.16,2185.4 1 0
github.com/h0rn3t/gopolars/pkg/frame/frame.go:2186.3,2186.11 1 0
github.com/h0rn3t/gopolars/pkg/frame/frame.go:2188.2,2190.16 3 0
github.com/h0rn3t/gopolars/pkg/frame/frame.go:2190.16,2193.19 3 0
github.com/h0rn3t/gopolars/pkg/frame/frame.go:2193.19,2195.4 1 0
github.com/h0rn3t/gopolars/pkg/frame/frame.go:2196.3,2196.11 1 0
github.com/h0rn3t/gopolars/pkg/frame/frame.go:2196.11,2198.4 1 0
github.com/h0rn3t/gopolars/pkg/frame/frame.go:2199.3,2199.11 1 0
github.com/h0rn3t/gopolars/pkg/frame/frame.go:2199.11,2201.4 1 0
github.com/h0rn3t/gopolars/pkg/frame/frame.go:2203.2,2203.19 1 0
github.com/h0rn3t/gopolars/pkg/frame/frame.go:2203.19,2205.3 1 0
github.com/h0rn3t/gopolars/pkg/frame/frame.go:2206.2,2206.26 1 0
github.com/h0rn3t/gopolars/pkg/frame/frame.go:2206.26,2208.3 1 0
github.com/h0rn3t/gopolars/pkg/frame/frame.go:2209.2,2209.26 1 0
github.com/h0rn3t/gopolars/pkg/frame/frame.go:2209.26,2211.3 1 0
github.com/h0rn3t/gopolars/pkg/frame/frame.go:2212.2,2212.10 1 0
github.com/h0rn3t/gopolars/pkg/frame/groupby.go:18.61,19.22 1 0
github.com/h0rn3t/gopolars/pkg/frame/groupby.go:19.22,21.3 1 0
github.com/h0rn3t/gopolars/pkg/frame/groupby.go:22.2,23.35 2 0
github.com/h0rn3t/gopolars/pkg/frame/groupby.go:23.35,25.30 2 0
github.com/h0rn3t/gopolars/pkg/frame/groupby.go:25.30,27.11 2 0
github.com/h0rn3t/gopolars/pkg/frame/groupby.go:27.11,29.5 1 0
github.com/h0rn3t/gopolars/pkg/frame/groupby.go:30.4,30.44 1 0
github.com/h0rn3t/gopolars/pkg/frame/groupby.go:32.3,33.43 2 0
github.com/h0rn3t/gopolars/pkg/frame/groupby.go:35.2,37.31 3 0
github.com/h0rn3t/gopolars/pkg/frame/groupby.go:37.31,38.30 1 0
github.com/h0rn3t/gopolars/pkg/frame/groupby.go:38.30,40.4 1 0
github.com/h0rn3t/gopolars/pkg/frame/groupby.go:41.3,41.33 1 0
github.com/h0rn3t/gopolars/pkg/frame/groupby.go:41.33,43.18 2 0
github.com/h0rn3t/gopolars/pkg/frame/groupby.go:43.18,45.5 1 0
github.com/h0rn3t/gopolars/pkg/frame/groupby.go:46.4,46.38 1 0
github.com/h0rn3t/gopolars/pkg/frame/groupby.go:49.2,50.29 2 0
github.com/h0rn3t/gopolars/pkg/frame/groupby.go:50.29,53.17 3 0
github.com/h0rn3t/gopolars/pkg/frame/groupby.go:53.17,55.4 1 0
github.com/h0rn3t/gopolars/pkg/frame/groupby.go:56.3,56.23 1 0
github.com/h0rn3t/gopolars/pkg/frame/groupby.go:58.2,58.32 1 0
github.com/h0rn3t/gopolars/pkg/frame/groupby.go:58.32,60.17 2 0
github.com/h0rn3t/gopolars/pkg/frame/groupby.go:60.17,62.4 1 0
github.com/h0rn3t/gopolars/pkg/frame/groupby.go:63.3,64.17 2 0
github.com/h0rn3t/gopolars/pkg/frame/groupby.go:64.17,66.4 1 0
github.com/h0rn3t/gopolars/pkg/frame/groupby.go:67.3,67.23 1 0
github.com/h0rn3t/gopolars/pkg/frame/groupby.go:69.2,69.35 1 0
github.com/h0rn3t/gopolars/pkg/frame/groupby.go:72.70,73.36 1 0
github.com/h0rn3t/gopolars/pkg/frame/groupby.go:73.36,75.3 1 0
github.com/h0rn3t/gopolars/pkg/frame/groupby.go:76.2,76.22 1 0
github.com/h0rn3t/gopolars/pkg/frame/groupby.go:77.15,78.31 1 0
github.com/h0rn3t/gopolars/pkg/frame/groupby.go:79.13,81.20 2 0
github.com/h0rn3t/gopolars/pkg/frame/groupby.go:81.20,83.4 1 0
github.com/h0rn3t/gopolars/pkg/frame/groupby.go:84.3,84.30 1 0
github.com/h0rn3t/gopolars/pkg/frame/groupby.go:85.14,87.20 2 0
github.com/h0rn3t/gopolars/pkg/frame/groupby.go:87.20,89.4 1 0
github.com/h0rn3t/gopolars/pkg/frame/groupby.go:90.3,91.17 2 0
github.com/h0rn3t/gopolars/pkg/frame/groupby.go:91.17,93.4 1 0
github.com/h0rn3t/gopolars/pkg/frame/groupby.go:94.3,94.17 1 0
github.com/h0rn3t/gopolars/pkg/frame/groupby.go:94.17,96.4 1 0
github.com/h0rn3t/gopolars/pkg/frame/groupby.go:97.3,97.26 1 0
github.com/h0rn3t/gopolars/pkg/frame/groupby.go:98.14,99.43 1 0
github.com/h0rn3t/gopolars/pkg/frame/groupby.go:100.16,101.34 1 0
github.com/h0rn3t/gopolars/pkg/frame/groupby.go:103.13,104.40 1 0
github.com/h0rn3t/gopolars/pkg/frame/groupby.go:105.13,106.41 1 0
github.com/h0rn3t/gopolars/pkg/frame/groupby.go:107.18,109.20 2 0
github.com/h0rn3t/gopolars/pkg/frame/groupby.go:109.20,111.4 1 0
github.com/h0rn3t/gopolars/pkg/frame/groupby.go:112.3,113.28 2 0
github.com/h0rn3t/gopolars/pkg/frame/groupby.go:113.28,115.18 2 0
github.com/h0rn3t/gopolars/pkg/frame/groupby.go:115.18,117.5 1 0
github.com/h0rn3t/gopolars/pkg/frame/groupby.go:118.4,118.43 1 0
github.com/h0rn3t/gopolars/pkg/frame/groupby.go:120.3,120.31 1 0
github.com/h0rn3t/gopolars/pkg/frame/groupby.go:122.2,122.66 1 0
github.com/h0rn3t/gopolars/pkg/frame/groupby.go:125.65,128.2 2 0
github.com/h0rn3t/gopolars/pkg/frame/groupby.go:130.78,135.27 5 0
github.com/h0rn3t/gopolars/pkg/frame/groupby.go:135.27,137.17 2 0
github.com/h0rn3t/gopolars/pkg/frame/groupby.go:137.17,139.4 1 0
github.com/h0rn3t/gopolars/pkg/frame/groupby.go:140.3,140.15 1 0
github.com/h0rn3t/gopolars/pkg/frame/groupby.go:140.15,141.12 1 0
github.com/h0rn3t/gopolars/pkg/frame/groupby.go:143.3,143.24 1 0
github.com/h0rn3t/gopolars/pkg/frame/groupby.go:144.14,146.11 2 0
github.com/h0rn3t/gopolars/pkg/frame/groupby.go:147.16,148.21 1 0
github.com/h0rn3t/gopolars/pkg/frame/groupby.go:148.21,149.13 1 0
github.com/h0rn3t/gopolars/pkg/frame/groupby.go:151.4,153.11 3 0
github.com/h0rn3t/gopolars/pkg/frame/groupby.go:154.11,155.59 1 0
github.com/h0rn3t/gopolars/pkg/frame/groupby.go:158.2,158.16 1 0
github.com/h0rn3t/gopolars/pkg/frame/groupby.go:158.16,160.3 1 0
github.com/h0rn3t/gopolars/pkg/frame/groupby.go:161.2,161.13 1 0
github.com/h0rn3t/gopolars/pkg/frame/groupby.go:161.13,163.3 1 0
github.com/h0rn3t/gopolars/pkg/frame/groupby.go:164.2,164.27 1 0
github.com/h0rn3t/gopolars/pkg/frame/groupby.go:167.82,169.19 2 0
github.com/h0rn3t/gopolars/pkg/frame/groupby.go:169.19,171.3 1 0
github.com/h0rn3t/gopolars/pkg/frame/groupby.go:172.2,174.27 3 0
github.com/h0rn3t/gopolars/pkg/frame/groupby.go:174.27,176.17 2 0
github.com/h0rn3t/gopolars/pkg/frame/groupby.go:176.17,178.4 1 0
github.com/h0rn3t/gopolars/pkg/frame/groupby.go:179.3,179.15 1 0
github.com/h0rn3t/gopolars/pkg/frame/groupby.go:179.15,180.12 1 0
github.com/h0rn3t/gopolars/pkg/frame/groupby.go:182.3,182.50 1 0
github.com/h0rn3t/gopolars/pkg/frame/groupby.go:182.50,183.12 1 0
github.com/h0rn3t/gopolars/pkg/frame/groupby.go:185.3,185.15 1 0
github.com/h0rn3t/gopolars/pkg/frame/groupby.go:185.15,188.12 3 0
github.com/h0rn3t/gopolars/pkg/frame/groupby.go:190.3,190.32 1 0
github.com/h0rn3t/gopolars/pkg/frame/groupby.go:190.32,192.4 1 0
github.com/h0rn3t/gopolars/pkg/frame/groupby.go:193.3,193.33 1 0
github.com/h0rn3t/gopolars/pkg/frame/groupby.go:193.33,195.4 1 0
github.com/h0rn3t/gopolars/pkg/frame/groupby.go:197.2,197.14 1 0
github.com/h0rn3t/gopolars/pkg/frame/groupby.go:197.14,199.3 1 0
github.com/h0rn3t/gopolars/pkg/frame/groupby.go:200.2,200.18 1 0
github.com/h0rn3t/gopolars/pkg/frame/groupby.go:203.70,204.59 1 0
github.com/h0rn3t/gopolars/pkg/frame/groupby.go:204.59,206.3 1 0
github.com/h0rn3t/gopolars/pkg/frame/groupby.go:207.2,207.28 1 0
github.com/h0rn3t/gopolars/pkg/frame/groupby.go:207.28,209.3 1 0
github.com/h0rn3t/gopolars/pkg/frame/groupby.go:210.2,211.19 2 0
github.com/h0rn3t/gopolars/pkg/frame/groupby.go:211.19,213.3 1 0
github.com/h0rn3t/gopolars/pkg/frame/groupby.go:214.2,214.35 1 0
github.com/h0rn3t/gopolars/pkg/frame/groupby.go:214.35,216.3 1 0
github.com/h0rn3t/gopolars/pkg/frame/groupby.go:217.2,217.28 1 0
github.com/h0rn3t/gopolars/pkg/frame/join.go:12.63,13.32 1 0
github.com/h0rn3t/gopolars/pkg/frame/join.go:13.32,15.3 1 0
github.com/h0rn3t/gopolars/pkg/frame/join.go:16.2,16.55 1 0
github.com/h0rn3t/gopolars/pkg/frame/join.go:16.55,18.3 1 0
github.com/h0rn3t/gopolars/pkg/frame/join.go:19.2,19.45 1 0
github.com/h0rn3t/gopolars/pkg/frame/join.go:19.45,21.3 1 0
github.com/h0rn3t/gopolars/pkg/frame/join.go:22.2,22.21 1 0
github.com/h0rn3t/gopolars/pkg/frame/join.go:22.21,24.3 1 0
github.com/h0rn3t/gopolars/pkg/frame/join.go:25.2,25.24 1 0
github.com/h0rn3t/gopolars/pkg/frame/join.go:25.24,27.3 1 0
github.com/h0rn3t/gopolars/pkg/frame/join.go:28.2,28.31 1 0
github.com/h0rn3t/gopolars/pkg/frame/join.go:28.31,30.3 1 0
github.com/h0rn3t/gopolars/pkg/frame/join.go:32.2,33.42 2 0
github.com/h0rn3t/gopolars/pkg/frame/join.go:33.42,35.17 2 0
github.com/h0rn3t/gopolars/pkg/frame/join.go:35.17,37.4 1 0
github.com/h0rn3t/gopolars/pkg/frame/join.go:38.3,38.43 1 0
github.com/h0rn3t/gopolars/pkg/frame/join.go:41.2,43.35 3 0
github.com/h0rn3t/gopolars/pkg/frame/join.go:43.35,45.17 2 0
github.com/h0rn3t/gopolars/pkg/frame/join.go:45.17,47.4 1 0
github.com/h0rn3t/gopolars/pkg/frame/join.go:48.3,49.26 2 0
github.com/h0rn3t/gopolars/pkg/frame/join.go:49.26,50.33 1 0
github.com/h0rn3t/gopolars/pkg/frame/join.go:50.33,52.13 2 0
github.com/h0rn3t/gopolars/pkg/frame/join.go:54.4,54.62 1 0
github.com/h0rn3t/gopolars/pkg/frame/join.go:54.62,56.5 1 0
github.com/h0rn3t/gopolars/pkg/frame/join.go:57.4,57.12 1 0
github.com/h0rn3t/gopolars/pkg/frame/join.go:59.3,59.32 1 0
github.com/h0rn3t/gopolars/pkg/frame/join.go:59.32,61.33 2 0
github.com/h0rn3t/gopolars/pkg/frame/join.go:61.33,63.5 1 0
github.com/h0rn3t/gopolars/pkg/frame/join.go:64.4,64.12 1 0
github.com/h0rn3t/gopolars/pkg/frame/join.go:66.3,66.32 1 0
github.com/h0rn3t/gopolars/pkg/frame/join.go:66.32,67.12 1 0
github.com/h0rn3t/gopolars/pkg/frame/join.go:69.3,69.32 1 0
github.com/h0rn3t/gopolars/pkg/frame/join.go:69.32,72.4 2 0
github.com/h0rn3t/gopolars/pkg/frame/join.go:74.2,74.61 1 0
github.com/h0rn3t/gopolars/pkg/frame/join.go:74.61,75.46 1 0
github.com/h0rn3t/gopolars/pkg/frame/join.go:75.46,76.37 1 0
github.com/h0rn3t/gopolars/pkg/frame/join.go:76.37,77.13 1 0
github.com/h0rn3t/gopolars/pkg/frame/join.go:79.4,79.52 1 0
github.com/h0rn3t/gopolars/pkg/frame/join.go:83.2,88.34 5 0
github.com/h0rn3t/gopolars/pkg/frame/join.go:88.34,92.3 3 0
github.com/h0rn3t/gopolars/pkg/frame/join.go:93.2,93.19 1 0
github.com/h0rn3t/gopolars/pkg/frame/join.go:93.19,94.42 1 0
github.com/h0rn3t/gopolars/pkg/frame/join.go:94.42,96.44 2 0
github.com/h0rn3t/gopolars/pkg/frame/join.go:96.44,98.5 1 0
github.com/h0rn3t/gopolars/pkg/frame/join.go:99.4,101.49 3 0
github.com/h0rn3t/gopolars/pkg/frame/join.go:105.2,105.26 1 0
github.com/h0rn3t/gopolars/pkg/frame/join.go:105.26,106.35 1 0
github.com/h0rn3t/gopolars/pkg/frame/join.go:106.35,107.20 1 0
github.com/h0rn3t/gopolars/pkg/frame/join.go:107.20,109.13 2 0
github.com/h0rn3t/gopolars/pkg/frame/join.go:111.4,111.72 1 0
github.com/h0rn3t/gopolars/pkg/frame/join.go:113.3,113.20 1 0
github.com/h0rn3t/gopolars/pkg/frame/join.go:113.20,114.43 1 0
github.com/h0rn3t/gopolars/pkg/frame/join.go:114.43,116.45 2 0
github.com/h0rn3t/gopolars/pkg/frame/join.go:116.45,118.6 1 0
github.com/h0rn3t/gopolars/pkg/frame/join.go:119.5,119.22 1 0
github.com/h0rn3t/gopolars/pkg/frame/join.go:119.22,121.14 2 0
github.com/h0rn3t/gopolars/pkg/frame/join.go:123.5,123.87 1 0
github.com/h0rn3t/gopolars/pkg/frame/join.go:128.2,129.30 2 0
github.com/h0rn3t/gopolars/pkg/frame/join.go:129.30,131.17 2 0
github.com/h0rn3t/gopolars/pkg/frame/join.go:131.17,133.4 1 0
github.com/h0rn3t/gopolars/pkg/frame/join.go:134.3,134.35 1 0
github.com/h0rn3t/gopolars/pkg/frame/join.go:136.2,136.41 1 0
github.com/h0rn3t/gopolars/pkg/frame/join.go:144.68,145.24 1 0
github.com/h0rn3t/gopolars/pkg/frame/join.go:145.24,147.3 1 0
github.com/h0rn3t/gopolars/pkg/frame/join.go:148.2,148.49 1 0
github.com/h0rn3t/gopolars/pkg/frame/join.go:148.49,150.3 1 0
github.com/h0rn3t/gopolars/pkg/frame/join.go:151.2,152.35 2 0
github.com/h0rn3t/gopolars/pkg/frame/join.go:152.35,153.43 1 0
github.com/h0rn3t/gopolars/pkg/frame/join.go:153.43,155.4 1 0
github.com/h0rn3t/gopolars/pkg/frame/join.go:157.2,161.51 5 0
github.com/h0rn3t/gopolars/pkg/frame/join.go:164.67,165.55 1 0
github.com/h0rn3t/gopolars/pkg/frame/join.go:165.55,167.3 1 0
github.com/h0rn3t/gopolars/pkg/frame/join.go:168.2,169.9 2 0
github.com/h0rn3t/gopolars/pkg/frame/join.go:169.9,171.3 1 0
github.com/h0rn3t/gopolars/pkg/frame/join.go:172.2,173.9 2 0
github.com/h0rn3t/gopolars/pkg/frame/join.go:173.9,175.3 1 0
github.com/h0rn3t/gopolars/pkg/frame/join.go:176.2,177.21 2 0
github.com/h0rn3t/gopolars/pkg/frame/join.go:177.21,179.3 1 0
github.com/h0rn3t/gopolars/pkg/frame/join.go:180.2,181.35 2 0
github.com/h0rn3t/gopolars/pkg/frame/join.go:181.35,185.43 4 0
github.com/h0rn3t/gopolars/pkg/frame/join.go:185.43,188.11 3 0
github.com/h0rn3t/gopolars/pkg/frame/join.go:188.11,189.13 1 0
github.com/h0rn3t/gopolars/pkg/frame/join.go:191.4,191.68 1 0
github.com/h0rn3t/gopolars/pkg/frame/join.go:191.68,192.13 1 0
github.com/h0rn3t/gopolars/pkg/frame/join.go:194.4,194.43 1 0
github.com/h0rn3t/gopolars/pkg/frame/join.go:194.43,195.13 1 0
github.com/h0rn3t/gopolars/pkg/frame/join.go:197.4,197.42 1 0
github.com/h0rn3t/gopolars/pkg/frame/join.go:197.42,198.13 1 0
github.com/h0rn3t/gopolars/pkg/frame/join.go:200.4,201.21 2 0
github.com/h0rn3t/gopolars/pkg/frame/join.go:201.21,204.13 3 0
github.com/h0rn3t/gopolars/pkg/frame/join.go:206.4,206.73 1 0
github.com/h0rn3t/gopolars/pkg/frame/join.go:206.73,208.5 1 0
github.com/h0rn3t/gopolars/pkg/frame/join.go:210.3,210.52 1 0
github.com/h0rn3t/gopolars/pkg/frame/join.go:212.2,212.51 1 0
github.com/h0rn3t/gopolars/pkg/frame/join.go:215.109,219.34 4 0
github.com/h0rn3t/gopolars/pkg/frame/join.go:219.34,223.3 3 0
github.com/h0rn3t/gopolars/pkg/frame/join.go:224.2,224.19 1 0
github.com/h0rn3t/gopolars/pkg/frame/join.go:224.19,225.42 1 0
github.com/h0rn3t/gopolars/pkg/frame/join.go:225.42,227.44 2 0
github.com/h0rn3t/gopolars/pkg/frame/join.go:227.44,229.5 1 0
github.com/h0rn3t/gopolars/pkg/frame/join.go:230.4,232.49 3 0
github.com/h0rn3t/gopolars/pkg/frame/join.go:235.2,235.26 1 0
github.com/h0rn3t/gopolars/pkg/frame/join.go:235.26,236.35 1 0
github.com/h0rn3t/gopolars/pkg/frame/join.go:236.35,237.20 1 0
github.com/h0rn3t/gopolars/pkg/frame/join.go:237.20,239.13 2 0
github.com/h0rn3t/gopolars/pkg/frame/join.go:241.4,241.72 1 0
github.com/h0rn3t/gopolars/pkg/frame/join.go:243.3,243.20 1 0
github.com/h0rn3t/gopolars/pkg/frame/join.go:243.20,244.43 1 0
github.com/h0rn3t/gopolars/pkg/frame/join.go:244.43,246.45 2 0
github.com/h0rn3t/gopolars/pkg/frame/join.go:246.45,248.6 1 0
github.com/h0rn3t/gopolars/pkg/frame/join.go:249.5,249.22 1 0
github.com/h0rn3t/gopolars/pkg/frame/join.go:249.22,251.14 2 0
github.com/h0rn3t/gopolars/pkg/frame/join.go:253.5,253.87 1 0
github.com/h0rn3t/gopolars/pkg/frame/join.go:257.2,258.30 2 0
github.com/h0rn3t/gopolars/pkg/frame/join.go:258.30,260.17 2 0
github.com/h0rn3t/gopolars/pkg/frame/join.go:260.17,262.4 1 0
github.com/h0rn3t/gopolars/pkg/frame/join.go:263.3,263.35 1 0
github.com/h0rn3t/gopolars/pkg/frame/join.go:265.2,265.41 1 0
github.com/h0rn3t/gopolars/pkg/frame/join.go:268.50,269.27 1 0
github.com/h0rn3t/gopolars/pkg/frame/join.go:270.13,272.10 2 0
github.com/h0rn3t/gopolars/pkg/frame/join.go:272.10,274.4 1 0
github.com/h0rn3t/gopolars/pkg/frame/join.go:275.3,275.23 1 0
github.com/h0rn3t/gopolars/pkg/frame/join.go:276.15,278.10 2 0
github.com/h0rn3t/gopolars/pkg/frame/join.go:278.10,280.4 1 0
github.com/h0rn3t/gopolars/pkg/frame/join.go:281.3,281.30 1 0
github.com/h0rn3t/gopolars/pkg/frame/join.go:282.17,284.10 2 0
github.com/h0rn3t/gopolars/pkg/frame/join.go:284.10,286.4 1 0
github.com/h0rn3t/gopolars/pkg/frame/join.go:287.3,287.40 1 0
github.com/h0rn3t/gopolars/pkg/frame/join.go:289.2,289.17 1 0
github.com/h0rn3t/gopolars/pkg/frame/join.go:292.27,293.11 1 0
github.com/h0rn3t/gopolars/pkg/frame/join.go:293.11,295.3 1 0
github.com/h0rn3t/gopolars/pkg/frame/join.go:296.2,296.10 1 0
github.com/h0rn3t/gopolars/pkg/frame/join.go:299.72,301.25 2 0
github.com/h0rn3t/gopolars/pkg/frame/join.go:301.25,303.10 2 0
github.com/h0rn3t/gopolars/pkg/frame/join.go:303.10,305.4 1 0
github.com/h0rn3t/gopolars/pkg/frame/join.go:306.3,306.42 1 0
github.com/h0rn3t/gopolars/pkg/frame/join.go:308.2,308.17 1 0
github.com/h0rn3t/gopolars/pkg/plan/physical/plan.go:13.39,15.26 2 0
github.com/h0rn3t/gopolars/pkg/plan/physical/plan.go:15.26,17.3 1 0
github.com/h0rn3t/gopolars/pkg/plan/physical/plan.go:18.2,18.29 1 0
github.com/h0rn3t/gopolars/pkg/sql/binder.go:10.51,11.37 1 0
github.com/h0rn3t/gopolars/pkg/sql/binder.go:11.37,12.25 1 0
github.com/h0rn3t/gopolars/pkg/sql/binder.go:12.25,13.12 1 0
github.com/h0rn3t/gopolars/pkg/sql/binder.go:15.3,15.73 1 0
github.com/h0rn3t/gopolars/pkg/sql/binder.go:15.73,17.4 1 0
github.com/h0rn3t/gopolars/pkg/sql/binder.go:19.2,22.8 1 0
github.com/h0rn3t/gopolars/pkg/sql/parser.go:46.47,48.15 2 0
github.com/h0rn3t/gopolars/pkg/sql/parser.go:48.15,50.3 1 0
github.com/h0rn3t/gopolars/pkg/sql/parser.go:51.2,52.39 2 0
github.com/h0rn3t/gopolars/pkg/sql/parser.go:52.39,54.3 1 0
github.com/h0rn3t/gopolars/pkg/sql/parser.go:55.2,55.56 1 0
github.com/h0rn3t/gopolars/pkg/sql/parser.go:55.56,57.17 2 0
github.com/h0rn3t/gopolars/pkg/sql/parser.go:57.17,59.4 1 0
github.com/h0rn3t/gopolars/pkg/sql/parser.go:60.3,61.17 2 0
github.com/h0rn3t/gopolars/pkg/sql/parser.go:61.17,63.4 1 0
github.com/h0rn3t/gopolars/pkg/sql/parser.go:64.3,66.17 3 0
github.com/h0rn3t/gopolars/pkg/sql/parser.go:68.2,68.30 1 0
github.com/h0rn3t/gopolars/pkg/sql/parser.go:71.54,74.17 3 0
github.com/h0rn3t/gopolars/pkg/sql/parser.go:74.17,76.3 1 0
github.com/h0rn3t/gopolars/pkg/sql/parser.go:77.2,79.35 3 0
github.com/h0rn3t/gopolars/pkg/sql/parser.go:79.35,81.3 1 0
github.com/h0rn3t/gopolars/pkg/sql/parser.go:82.2,84.26 3 0
github.com/h0rn3t/gopolars/pkg/sql/parser.go:84.26,85.16 1 0
github.com/h0rn3t/gopolars/pkg/sql/parser.go:85.16,87.4 1 0
github.com/h0rn3t/gopolars/pkg/sql/parser.go:88.3,88.16 1 0
github.com/h0rn3t/gopolars/pkg/sql/parser.go:88.16,90.18 2 0
github.com/h0rn3t/gopolars/pkg/sql/parser.go:90.18,92.10 2 0
github.com/h0rn3t/gopolars/pkg/sql/parser.go:96.2,96.15 1 0
github.com/h0rn3t/gopolars/pkg/sql/parser.go:96.15,98.3 1 0
github.com/h0rn3t/gopolars/pkg/sql/parser.go:99.2,102.16 4 0
github.com/h0rn3t/gopolars/pkg/sql/parser.go:102.16,104.3 1 0
github.com/h0rn3t/gopolars/pkg/sql/parser.go:105.2,106.16 2 0
github.com/h0rn3t/gopolars/pkg/sql/parser.go:106.16,108.3 1 0
github.com/h0rn3t/gopolars/pkg/sql/parser.go:109.2,111.19 3 0
github.com/h0rn3t/gopolars/pkg/sql/parser.go:114.56,117.42 3 0
github.com/h0rn3t/gopolars/pkg/sql/parser.go:117.42,119.3 1 0
github.com/h0rn3t/gopolars/pkg/sql/parser.go:120.2,121.19 2 0
github.com/h0rn3t/gopolars/pkg/sql/parser.go:121.19,123.3 1 0
github.com/h0rn3t/gopolars/pkg/sql/parser.go:124.2,130.34 6 0
github.com/h0rn3t/gopolars/pkg/sql/parser.go:130.34,132.10 2 0
github.com/h0rn3t/gopolars/pkg/sql/parser.go:132.10,134.4 1 0
github.com/h0rn3t/gopolars/pkg/sql/parser.go:135.3,137.17 3 0
github.com/h0rn3t/gopolars/pkg/sql/parser.go:137.17,139.4 1 0
github.com/h0rn3t/gopolars/pkg/sql/parser.go:140.3,143.18 4 0
github.com/h0rn3t/gopolars/pkg/sql/parser.go:143.18,146.4 2 0
github.com/h0rn3t/gopolars/pkg/sql/parser.go:147.8,149.18 2 0
github.com/h0rn3t/gopolars/pkg/sql/parser.go:149.18,151.4 1 0
github.com/h0rn3t/gopolars/pkg/sql/parser.go:153.2,160.16 3 0
github.com/h0rn3t/gopolars/pkg/sql/parser.go:160.16,162.3 1 0
github.com/h0rn3t/gopolars/pkg/sql/parser.go:163.2,166.22 3 0
github.com/h0rn3t/gopolars/pkg/sql/parser.go:166.22,168.10 2 0
github.com/h0rn3t/gopolars/pkg/sql/parser.go:169.39,172.18 3 0
github.com/h0rn3t/gopolars/pkg/sql/parser.go:172.18,174.5 1 0
github.com/h0rn3t/gopolars/pkg/sql/parser.go:175.4,177.39 3 0
github.com/h0rn3t/gopolars/pkg/sql/parser.go:178.42,181.28 3 0
github.com/h0rn3t/gopolars/pkg/sql/parser.go:181.28,183.18 2 0
github.com/h0rn3t/gopolars/pkg/sql/parser.go:183.18,185.6 1 0
github.com/h0rn3t/gopolars/pkg/sql/parser.go:187.4,187.39 1 0
github.com/h0rn3t/gopolars/pkg/sql/parser.go:188.40,191.18 3 0
github.com/h0rn3t/gopolars/pkg/sql/parser.go:191.18,193.5 1 0
github.com/h0rn3t/gopolars/pkg/sql/parser.go:194.4,195.39 2 0
github.com/h0rn3t/gopolars/pkg/sql/parser.go:196.42,199.36 3 0
github.com/h0rn3t/gopolars/pkg/sql/parser.go:199.36,201.25 2 0
github.com/h0rn3t/gopolars/pkg/sql/parser.go:201.25,202.14 1 0
github.com/h0rn3t/gopolars/pkg/sql/parser.go:204.5,205.64 2 0
github.com/h0rn3t/gopolars/pkg/sql/parser.go:205.64,207.6 1 0
github.com/h0rn3t/gopolars/pkg/sql/parser.go:208.5,208.41 1 0
github.com/h0rn3t/gopolars/pkg/sql/parser.go:210.4,210.39 1 0
github.com/h0rn3t/gopolars/pkg/sql/parser.go:211.39,214.18 3 0
github.com/h0rn3t/gopolars/pkg/sql/parser.go:214.18,216.5 1 0
github.com/h0rn3t/gopolars/pkg/sql/parser.go:217.4,218.39 2 0
github.com/h0rn3t/gopolars/pkg/sql/parser.go:219.11,220.76 1 0
github.com/h0rn3t/gopolars/pkg/sql/parser.go:223.2,223.15 1 0
github.com/h0rn3t/gopolars/pkg/sql/parser.go:226.58,229.26 3 0
github.com/h0rn3t/gopolars/pkg/sql/parser.go:229.26,231.17 2 0
github.com/h0rn3t/gopolars/pkg/sql/parser.go:231.17,232.12 1 0
github.com/h0rn3t/gopolars/pkg/sql/parser.go:234.3,235.17 2 0
github.com/h0rn3t/gopolars/pkg/sql/parser.go:235.17,237.4 1 0
github.com/h0rn3t/gopolars/pkg/sql/parser.go:238.3,238.24 1 0
github.com/h0rn3t/gopolars/pkg/sql/parser.go:240.2,240.19 1 0
github.com/h0rn3t/gopolars/pkg/sql/parser.go:240.19,242.3 1 0
github.com/h0rn3t/gopolars/pkg/sql/parser.go:243.2,243.17 1 0
github.com/h0rn3t/gopolars/pkg/sql/parser.go:246.55,250.23 4 0
github.com/h0rn3t/gopolars/pkg/sql/parser.go:250.23,254.3 3 0
github.com/h0rn3t/gopolars/pkg/sql/parser.go:255.2,256.58 2 0
github.com/h0rn3t/gopolars/pkg/sql/parser.go:256.58,258.17 2 0
github.com/h0rn3t/gopolars/pkg/sql/parser.go:258.17,260.4 1 0
github.com/h0rn3t/gopolars/pkg/sql/parser.go:261.3,261.62 1 0
github.com/h0rn3t/gopolars/pkg/sql/parser.go:263.2,264.16 2 0
github.com/h0rn3t/gopolars/pkg/sql/parser.go:264.16,266.3 1 0
github.com/h0rn3t/gopolars/pkg/sql/parser.go:267.2,267.17 1 0
github.com/h0rn3t/gopolars/pkg/sql/parser.go:267.17,269.3 1 0
github.com/h0rn3t/gopolars/pkg/sql/parser.go:270.2,270.33 1 0
github.com/h0rn3t/gopolars/pkg/sql/parser.go:273.68,276.19 3 0
github.com/h0rn3t/gopolars/pkg/sql/parser.go:276.19,278.3 1 0
github.com/h0rn3t/gopolars/pkg/sql/parser.go:279.2,281.76 3 0
github.com/h0rn3t/gopolars/pkg/sql/parser.go:281.76,283.3 1 0
github.com/h0rn3t/gopolars/pkg/sql/parser.go:284.2,287.9 4 0
github.com/h0rn3t/gopolars/pkg/sql/parser.go:288.42,290.10 2 0
github.com/h0rn3t/gopolars/pkg/sql/parser.go:290.10,292.4 1 0
github.com/h0rn3t/gopolars/pkg/sql/parser.go:293.3,294.23 2 0
github.com/h0rn3t/gopolars/pkg/sql/parser.go:295.90,297.10 2 0
github.com/h0rn3t/gopolars/pkg/sql/parser.go:297.10,299.4 1 0
github.com/h0rn3t/gopolars/pkg/sql/parser.go:300.3,301.23 2 0
github.com/h0rn3t/gopolars/pkg/sql/parser.go:302.42,304.10 2 0
github.com/h0rn3t/gopolars/pkg/sql/parser.go:304.10,306.4 1 0
github.com/h0rn3t/gopolars/pkg/sql/parser.go:307.3,308.23 2 0
github.com/h0rn3t/gopolars/pkg/sql/parser.go:309.42,311.10 2 0
github.com/h0rn3t/gopolars/pkg/sql/parser.go:311.10,313.4 1 0
github.com/h0rn3t/gopolars/pkg/sql/parser.go:314.3,315.23 2 0
github.com/h0rn3t/gopolars/pkg/sql/parser.go:316.44,318.10 2 0
github.com/h0rn3t/gopolars/pkg/sql/parser.go:318.10,320.4 1 0
github.com/h0rn3t/gopolars/pkg/sql/parser.go:321.3,322.23 2 0
github.com/h0rn3t/gopolars/pkg/sql/parser.go:323.33,324.27 1 0
github.com/h0rn3t/gopolars/pkg/sql/parser.go:325.10,326.65 1 0
github.com/h0rn3t/gopolars/pkg/sql/parser.go:328.2,328.17 1 0
github.com/h0rn3t/gopolars/pkg/sql/parser.go:328.17,330.3 1 0
github.com/h0rn3t/gopolars/pkg/sql/parser.go:331.2,333.18 3 0
github.com/h0rn3t/gopolars/pkg/sql/parser.go:336.61,340.60 4 0
github.com/h0rn3t/gopolars/pkg/sql/parser.go:340.60,342.75 2 0
github.com/h0rn3t/gopolars/pkg/sql/parser.go:342.75,344.4 1 0
github.com/h0rn3t/gopolars/pkg/sql/parser.go:345.3,345.49 1 0
github.com/h0rn3t/gopolars/pkg/sql/parser.go:345.49,347.15 2 0
github.com/h0rn3t/gopolars/pkg/sql/parser.go:347.15,349.5 1 0
github.com/h0rn3t/gopolars/pkg/sql/parser.go:352.2,352.56 1 0
github.com/h0rn3t/gopolars/pkg/sql/parser.go:352.56,354.52 2 0
github.com/h0rn3t/gopolars/pkg/sql/parser.go:354.52,356.24 2 0
github.com/h0rn3t/gopolars/pkg/sql/parser.go:356.24,357.13 1 0
github.com/h0rn3t/gopolars/pkg/sql/parser.go:359.4,360.63 2 0
github.com/h0rn3t/gopolars/pkg/sql/parser.go:360.63,362.5 1 0
github.com/h0rn3t/gopolars/pkg/sql/parser.go:363.4,363.28 1 0
github.com/h0rn3t/gopolars/pkg/sql/parser.go:366.2,366.20 1 0
github.com/h0rn3t/gopolars/pkg/sql/parser.go:369.53,373.27 4 0
github.com/h0rn3t/gopolars/pkg/sql/parser.go:373.27,374.16 1 0
github.com/h0rn3t/gopolars/pkg/sql/parser.go:374.16,376.4 1 0
github.com/h0rn3t/gopolars/pkg/sql/parser.go:376.9,376.23 1 0
github.com/h0rn3t/gopolars/pkg/sql/parser.go:376.23,378.4 1 0
github.com/h0rn3t/gopolars/pkg/sql/parser.go:378.9,378.37 1 0
github.com/h0rn3t/gopolars/pkg/sql/parser.go:378.37,381.4 2 0
github.com/h0rn3t/gopolars/pkg/sql/parser.go:383.2,384.14 2 0
github.com/h0rn3t/gopolars/pkg/sql/parser.go:387.68,391.34 4 0
github.com/h0rn3t/gopolars/pkg/sql/parser.go:391.34,393.16 2 0
github.com/h0rn3t/gopolars/pkg/sql/parser.go:393.16,395.12 2 0
github.com/h0rn3t/gopolars/pkg/sql/parser.go:397.3,397.16 1 0
github.com/h0rn3t/gopolars/pkg/sql/parser.go:397.16,399.12 2 0
github.com/h0rn3t/gopolars/pkg/sql/parser.go:401.3,401.17 1 0
github.com/h0rn3t/gopolars/pkg/sql/parser.go:401.17,402.12 1 0
github.com/h0rn3t/gopolars/pkg/sql/parser.go:404.3,404.69 1 0
github.com/h0rn3t/gopolars/pkg/sql/parser.go:404.69,405.59 1 0
github.com/h0rn3t/gopolars/pkg/sql/parser.go:405.59,408.34 3 0
github.com/h0rn3t/gopolars/pkg/sql/parser.go:408.34,410.6 1 0
github.com/h0rn3t/gopolars/pkg/sql/parser.go:411.5,411.52 1 0
github.com/h0rn3t/gopolars/pkg/sql/parser.go:415.2,415.26 1 0
github.com/h0rn3t/gopolars/pkg/sql/parser.go:418.46,420.23 2 0
github.com/h0rn3t/gopolars/pkg/sql/parser.go:420.23,421.16 1 0
github.com/h0rn3t/gopolars/pkg/sql/parser.go:421.16,423.4 1 0
github.com/h0rn3t/gopolars/pkg/sql/parser.go:424.3,424.16 1 0
github.com/h0rn3t/gopolars/pkg/sql/parser.go:424.16,426.18 2 0
github.com/h0rn3t/gopolars/pkg/sql/parser.go:426.18,428.5 1 0
github.com/h0rn3t/gopolars/pkg/sql/parser.go:431.2,431.18 1 0
github.com/h0rn3t/gopolars/pkg/sql/parser.go:434.45,436.9 2 0
github.com/h0rn3t/gopolars/pkg/sql/parser.go:437.17,438.28 1 0
github.com/h0rn3t/gopolars/pkg/sql/parser.go:439.37,441.10 2 0
github.com/h0rn3t/gopolars/pkg/sql/parser.go:441.10,443.4 1 0
github.com/h0rn3t/gopolars/pkg/sql/parser.go:444.3,444.38 1 0
github.com/h0rn3t/gopolars/pkg/sql/parser.go:445.37,447.10 2 0
github.com/h0rn3t/gopolars/pkg/sql/parser.go:447.10,449.4 1 0
github.com/h0rn3t/gopolars/pkg/sql/parser.go:450.3,450.38 1 0
github.com/h0rn3t/gopolars/pkg/sql/parser.go:451.37,453.10 2 0
github.com/h0rn3t/gopolars/pkg/sql/parser.go:453.10,455.4 1 0
github.com/h0rn3t/gopolars/pkg/sql/parser.go:456.3,456.38 1 0
github.com/h0rn3t/gopolars/pkg/sql/parser.go:457.80,459.10 2 0
github.com/h0rn3t/gopolars/pkg/sql/parser.go:459.10,461.4 1 0
github.com/h0rn3t/gopolars/pkg/sql/parser.go:462.3,462.39 1 0
github.com/h0rn3t/gopolars/pkg/sql/parser.go:463.42,465.10 2 0
github.com/h0rn3t/gopolars/pkg/sql/parser.go:465.10,467.4 1 0
github.com/h0rn3t/gopolars/pkg/sql/parser.go:468.3,468.42 1 0
github.com/h0rn3t/gopolars/pkg/sql/parser.go:469.43,470.27 1 0
github.com/h0rn3t/gopolars/pkg/sql/parser.go:471.10,472.45 1 0
github.com/h0rn3t/gopolars/pkg/sql/parser.go:476.54,479.25 3 0
github.com/h0rn3t/gopolars/pkg/sql/parser.go:479.25,480.44 1 0
github.com/h0rn3t/gopolars/pkg/sql/parser.go:480.44,485.14 5 0
github.com/h0rn3t/gopolars/pkg/sql/parser.go:486.13,487.24 1 0
github.com/h0rn3t/gopolars/pkg/sql/parser.go:488.14,489.24 1 0
github.com/h0rn3t/gopolars/pkg/sql/parser.go:490.13,491.24 1 0
github.com/h0rn3t/gopolars/pkg/sql/parser.go:492.14,493.24 1 0
github.com/h0rn3t/gopolars/pkg/sql/parser.go:494.13,495.24 1 0
github.com/h0rn3t/gopolars/pkg/sql/parser.go:496.14,497.24 1 0
github.com/h0rn3t/gopolars/pkg/sql/parser.go:501.2,501.68 1 0
github.com/h0rn3t/gopolars/pkg/sql/parser.go:504.39,506.99 2 0
github.com/h0rn3t/gopolars/pkg/sql/parser.go:506.99,508.3 1 0
github.com/h0rn3t/gopolars/pkg/sql/parser.go:509.2,509.67 1 0
github.com/h0rn3t/gopolars/pkg/sql/parser.go:509.67,511.3 1 0
github.com/h0rn3t/gopolars/pkg/sql/parser.go:512.2,512.30 1 0
github.com/h0rn3t/gopolars/pkg/sql/parser.go:512.30,513.54 1 0
github.com/h0rn3t/gopolars/pkg/sql/parser.go:513.54,515.4 1 0
github.com/h0rn3t/gopolars/pkg/sql/parser.go:517.2,517.55 1 0
github.com/h0rn3t/gopolars/pkg/sql/parser.go:517.55,519.3 1 0
github.com/h0rn3t/gopolars/pkg/sql/parser.go:520.2,520.20 1 0
github.com/h0rn3t/gopolars/pkg/sql/parser.go:523.43,526.36 3 0
github.com/h0rn3t/gopolars/pkg/sql/parser.go:526.36,528.3 1 0
github.com/h0rn3t/gopolars/pkg/sql/parser.go:529.2,529.46 1 0
github.com/h0rn3t/gopolars/pkg/sql/parser.go:532.48,534.13 2 0
github.com/h0rn3t/gopolars/pkg/sql/parser.go:534.13,536.3 1 0
github.com/h0rn3t/gopolars/pkg/sql/parser.go:537.2,538.22 2 0
github.com/h0rn3t/gopolars/pkg/sql/parser.go:538.22,540.3 1 0
github.com/h0rn3t/gopolars/pkg/sql/parser.go:541.2,543.53 3 0
github.com/h0rn3t/gopolars/pkg/sql/parser.go:546.45,550.33 4 0
github.com/h0rn3t/gopolars/pkg/sql/parser.go:550.33,551.48 1 0
github.com/h0rn3t/gopolars/pkg/sql/parser.go:551.48,552.30 1 0
github.com/h0rn3t/gopolars/pkg/sql/parser.go:552.30,554.5 1 0
github.com/h0rn3t/gopolars/pkg/sql/parser.go:557.2,557.15 1 0
github.com/h0rn3t/gopolars/pkg/sql/parser.go:557.15,559.3 1 0
github.com/h0rn3t/gopolars/pkg/sql/parser.go:560.2,560.65 1 0
github.com/h0rn3t/gopolars/pkg/sql/planner.go:10.44,11.105 1 0
github.com/h0rn3t/gopolars/pkg/sql/planner.go:11.105,19.3 7 0
github.com/h0rn3t/gopolars/pkg/sql/planner.go:20.2,20.34 1 0
github.com/h0rn3t/gopolars/pkg/sql/planner.go:20.34,27.3 6 0
github.com/h0rn3t/gopolars/pkg/sql/planner.go:28.2,28.33 1 0
github.com/h0rn3t/gopolars/pkg/sql/planner.go:31.52,33.44 2 0
github.com/h0rn3t/gopolars/pkg/sql/planner.go:33.44,35.3 1 0
github.com/h0rn3t/gopolars/pkg/sql/planner.go:36.2,37.37 2 0
github.com/h0rn3t/gopolars/pkg/sql/planner.go:37.37,38.25 1 0
github.com/h0rn3t/gopolars/pkg/sql/planner.go:38.25,39.12 1 0
github.com/h0rn3t/gopolars/pkg/sql/planner.go:41.3,43.41 3 0
github.com/h0rn3t/gopolars/pkg/sql/planner.go:43.41,46.4 2 0
github.com/h0rn3t/gopolars/pkg/sql/planner.go:47.3,54.5 1 0
github.com/h0rn3t/gopolars/pkg/sql/planner.go:56.2,56.26 1 0
github.com/h0rn3t/gopolars/pkg/sql/planner.go:56.26,58.3 1 0
github.com/h0rn3t/gopolars/pkg/sql/planner.go:59.2,59.29 1 0
github.com/h0rn3t/gopolars/pkg/sql/planner.go:59.29,61.38 2 0
github.com/h0rn3t/gopolars/pkg/sql/planner.go:61.38,62.40 1 0
github.com/h0rn3t/gopolars/pkg/sql/planner.go:62.40,64.5 1 0
github.com/h0rn3t/gopolars/pkg/sql/planner.go:66.3,67.27 2 0
github.com/h0rn3t/gopolars/pkg/sql/planner.go:67.27,69.4 1 0
github.com/h0rn3t/gopolars/pkg/sql/planner.go:70.3,71.38 2 0
github.com/h0rn3t/gopolars/pkg/sql/planner.go:71.38,72.40 1 0
github.com/h0rn3t/gopolars/pkg/sql/planner.go:72.40,74.13 2 0
github.com/h0rn3t/gopolars/pkg/sql/planner.go:76.4,76.48 1 0
github.com/h0rn3t/gopolars/pkg/sql/planner.go:78.3,78.130 1 0
github.com/h0rn3t/gopolars/pkg/sql/planner.go:78.130,80.4 1 0
github.com/h0rn3t/gopolars/pkg/sql/planner.go:81.8,83.38 2 0
github.com/h0rn3t/gopolars/pkg/sql/planner.go:83.38,84.70 1 0
github.com/h0rn3t/gopolars/pkg/sql/planner.go:84.70,85.13 1 0
github.com/h0rn3t/gopolars/pkg/sql/planner.go:87.4,87.48 1 0
github.com/h0rn3t/gopolars/pkg/sql/planner.go:89.3,89.27 1 0
github.com/h0rn3t/gopolars/pkg/sql/planner.go:89.27,91.4 1 0
github.com/h0rn3t/gopolars/pkg/sql/planner.go:93.2,93.29 1 0
github.com/h0rn3t/gopolars/pkg/sql/planner.go:93.29,96.36 3 0
github.com/h0rn3t/gopolars/pkg/sql/planner.go:96.36,99.4 2 0
github.com/h0rn3t/gopolars/pkg/sql/planner.go:100.3,100.95 1 0
github.com/h0rn3t/gopolars/pkg/sql/planner.go:102.2,102.25 1 0
github.com/h0rn3t/gopolars/pkg/sql/planner.go:102.25,104.3 1 0
github.com/h0rn3t/gopolars/pkg/sql/planner.go:105.2,105.50 1 0
github.com/h0rn3t/gopolars/pkg/sql/planner.go:105.50,108.3 2 0
github.com/h0rn3t/gopolars/pkg/sql/planner.go:109.2,109.14 1 0
github.com/h0rn3t/gopolars/pkg/series/boolean.go:3.34,5.31 2 0
github.com/h0rn3t/gopolars/pkg/series/boolean.go:5.31,6.18 1 0
github.com/h0rn3t/gopolars/pkg/series/boolean.go:6.18,7.12 1 0
github.com/h0rn3t/gopolars/pkg/series/boolean.go:9.3,9.32 1 0
github.com/h0rn3t/gopolars/pkg/series/boolean.go:11.2,11.12 1 0
github.com/h0rn3t/gopolars/pkg/series/datetime.go:5.43,7.31 2 0
github.com/h0rn3t/gopolars/pkg/series/datetime.go:7.31,8.18 1 0
github.com/h0rn3t/gopolars/pkg/series/datetime.go:8.18,9.12 1 0
github.com/h0rn3t/gopolars/pkg/series/datetime.go:11.3,11.37 1 0
github.com/h0rn3t/gopolars/pkg/series/datetime.go:13.2,13.12 1 0
github.com/h0rn3t/gopolars/pkg/series/numeric.go:3.36,5.31 2 0
github.com/h0rn3t/gopolars/pkg/series/numeric.go:5.31,6.18 1 0
github.com/h0rn3t/gopolars/pkg/series/numeric.go:6.18,7.12 1 0
github.com/h0rn3t/gopolars/pkg/series/numeric.go:9.3,9.33 1 0
github.com/h0rn3t/gopolars/pkg/series/numeric.go:11.2,11.12 1 0
github.com/h0rn3t/gopolars/pkg/series/numeric.go:14.40,16.31 2 0
github.com/h0rn3t/gopolars/pkg/series/numeric.go:16.31,17.18 1 0
github.com/h0rn3t/gopolars/pkg/series/numeric.go:17.18,18.12 1 0
github.com/h0rn3t/gopolars/pkg/series/numeric.go:20.3,20.35 1 0
github.com/h0rn3t/gopolars/pkg/series/numeric.go:22.2,22.12 1 0
github.com/h0rn3t/gopolars/pkg/series/series.go:17.76,24.27 2 0
github.com/h0rn3t/gopolars/pkg/series/series.go:24.27,25.15 1 0
github.com/h0rn3t/gopolars/pkg/series/series.go:25.15,27.12 2 0
github.com/h0rn3t/gopolars/pkg/series/series.go:29.3,29.48 1 0
github.com/h0rn3t/gopolars/pkg/series/series.go:29.48,31.4 1 0
github.com/h0rn3t/gopolars/pkg/series/series.go:32.3,32.16 1 0
github.com/h0rn3t/gopolars/pkg/series/series.go:34.2,34.15 1 0
github.com/h0rn3t/gopolars/pkg/series/series.go:37.31,39.2 1 0
github.com/h0rn3t/gopolars/pkg/series/series.go:41.44,43.2 1 0
github.com/h0rn3t/gopolars/pkg/series/series.go:45.27,47.2 1 0
github.com/h0rn3t/gopolars/pkg/series/series.go:49.36,51.2 1 0
github.com/h0rn3t/gopolars/pkg/series/series.go:53.34,54.16 1 0
github.com/h0rn3t/gopolars/pkg/series/series.go:54.16,56.3 1 0
github.com/h0rn3t/gopolars/pkg/series/series.go:57.2,57.18 1 0
github.com/h0rn3t/gopolars/pkg/series/series.go:60.32,66.2 5 0
github.com/h0rn3t/gopolars/pkg/series/series.go:68.44,72.2 3 0
github.com/h0rn3t/gopolars/pkg/series/series.go:74.45,81.30 2 0
github.com/h0rn3t/gopolars/pkg/series/series.go:81.30,84.3 2 0
github.com/h0rn3t/gopolars/pkg/series/series.go:85.2,85.12 1 0
github.com/h0rn3t/gopolars/pkg/series/series.go:88.43,89.34 1 0
github.com/h0rn3t/gopolars/pkg/series/series.go:89.34,91.3 1 0
github.com/h0rn3t/gopolars/pkg/series/series.go:92.2,98.31 2 0
github.com/h0rn3t/gopolars/pkg/series/series.go:98.31,100.3 1 0
github.com/h0rn3t/gopolars/pkg/series/series.go:101.2,101.17 1 0
github.com/h0rn3t/gopolars/pkg/series/series.go:101.17,102.24 1 0
github.com/h0rn3t/gopolars/pkg/series/series.go:102.24,105.4 2 0
github.com/h0rn3t/gopolars/pkg/series/series.go:106.8,108.27 2 0
github.com/h0rn3t/gopolars/pkg/series/series.go:108.27,111.4 2 0
github.com/h0rn3t/gopolars/pkg/series/series.go:113.2,113.12 1 0
github.com/h0rn3t/gopolars/pkg/series/series.go:116.52,117.12 1 0
github.com/h0rn3t/gopolars/pkg/series/series.go:118.20,119.30 1 0
github.com/h0rn3t/gopolars/pkg/series/series.go:119.30,121.4 1 0
github.com/h0rn3t/gopolars/pkg/series/series.go:122.22,123.32 1 0
github.com/h0rn3t/gopolars/pkg/series/series.go:123.32,125.4 1 0
github.com/h0rn3t/gopolars/pkg/series/series.go:126.22,127.43 1 0
github.com/h0rn3t/gopolars/pkg/series/series.go:127.43,129.4 1 0
github.com/h0rn3t/gopolars/pkg/series/series.go:130.3,130.30 1 0
github.com/h0rn3t/gopolars/pkg/series/series.go:130.30,132.4 1 0
github.com/h0rn3t/gopolars/pkg/series/series.go:133.3,133.46 1 0
github.com/h0rn3t/gopolars/pkg/series/series.go:134.21,135.31 1 0
github.com/h0rn3t/gopolars/pkg/series/series.go:135.31,137.4 1 0
github.com/h0rn3t/gopolars/pkg/series/series.go:138.39,139.31 1 0
github.com/h0rn3t/gopolars/pkg/series/series.go:139.31,141.4 1 0
github.com/h0rn3t/gopolars/pkg/series/series.go:142.22,143.29 1 0
github.com/h0rn3t/gopolars/pkg/series/series.go:143.29,145.4 1 0
github.com/h0rn3t/gopolars/pkg/series/series.go:146.23,147.34 1 0
github.com/h0rn3t/gopolars/pkg/series/series.go:147.34,149.4 1 0
github.com/h0rn3t/gopolars/pkg/series/series.go:150.19,151.30 1 0
github.com/h0rn3t/gopolars/pkg/series/series.go:151.30,153.4 1 0
github.com/h0rn3t/gopolars/pkg/series/series.go:154.21,155.39 1 0
github.com/h0rn3t/gopolars/pkg/series/series.go:155.39,157.4 1 0
github.com/h0rn3t/gopolars/pkg/series/series.go:158.10,159.52 1 0
github.com/h0rn3t/gopolars/pkg/series/series.go:161.2,161.12 1 0
github.com/h0rn3t/gopolars/pkg/series/string.go:3.38,5.31 2 0
github.com/h0rn3t/gopolars/pkg/series/string.go:5.31,6.18 1 0
github.com/h0rn3t/gopolars/pkg/series/string.go:6.18,7.12 1 0
github.com/h0rn3t/gopolars/pkg/series/string.go:9.3,9.34 1 0
github.com/h0rn3t/gopolars/pkg/series/string.go:11.2,11.12 1 0
github.com/h0rn3t/gopolars/pkg/polars/analytics.go:53.71,55.16 2 0
github.com/h0rn3t/gopolars/pkg/polars/analytics.go:55.16,57.3 1 0
github.com/h0rn3t/gopolars/pkg/polars/analytics.go:58.2,61.9 4 0
github.com/h0rn3t/gopolars/pkg/polars/analytics.go:61.9,63.3 1 0
github.com/h0rn3t/gopolars/pkg/polars/analytics.go:64.2,65.9 2 0
github.com/h0rn3t/gopolars/pkg/polars/analytics.go:65.9,67.3 1 0
github.com/h0rn3t/gopolars/pkg/polars/analytics.go:68.2,69.28 2 0
github.com/h0rn3t/gopolars/pkg/polars/analytics.go:69.28,71.3 1 0
github.com/h0rn3t/gopolars/pkg/polars/analytics.go:72.2,72.48 1 0
github.com/h0rn3t/gopolars/pkg/polars/analytics.go:72.48,75.39 3 0
github.com/h0rn3t/gopolars/pkg/polars/analytics.go:75.39,78.16 3 0
github.com/h0rn3t/gopolars/pkg/polars/analytics.go:78.16,80.5 1 0
github.com/h0rn3t/gopolars/pkg/polars/analytics.go:82.3,84.17 3 0
github.com/h0rn3t/gopolars/pkg/polars/analytics.go:84.17,86.4 1 0
github.com/h0rn3t/gopolars/pkg/polars/analytics.go:87.3,87.81 1 0
github.com/h0rn3t/gopolars/pkg/polars/analytics.go:89.2,91.30 3 0
github.com/h0rn3t/gopolars/pkg/polars/analytics.go:91.30,93.39 2 0
github.com/h0rn3t/gopolars/pkg/polars/analytics.go:93.39,95.4 1 0
github.com/h0rn3t/gopolars/pkg/polars/analytics.go:96.3,98.24 3 0
github.com/h0rn3t/gopolars/pkg/polars/analytics.go:99.14,100.39 1 0
github.com/h0rn3t/gopolars/pkg/polars/analytics.go:101.16,102.30 1 0
github.com/h0rn3t/gopolars/pkg/polars/analytics.go:103.11,104.63 1 0
github.com/h0rn3t/gopolars/pkg/polars/analytics.go:106.3,106.35 1 0
github.com/h0rn3t/gopolars/pkg/polars/analytics.go:108.2,109.37 2 0
github.com/h0rn3t/gopolars/pkg/polars/analytics.go:112.75,114.2 1 0
github.com/h0rn3t/gopolars/pkg/polars/analytics.go:116.79,118.2 1 0
github.com/h0rn3t/gopolars/pkg/polars/analytics.go:120.61,122.16 2 0
github.com/h0rn3t/gopolars/pkg/polars/analytics.go:122.16,124.3 1 0
github.com/h0rn3t/gopolars/pkg/polars/analytics.go:125.2,125.29 1 0
github.com/h0rn3t/gopolars/pkg/polars/analytics.go:125.29,127.3 1 0
github.com/h0rn3t/gopolars/pkg/polars/analytics.go:128.2,128.26 1 0
github.com/h0rn3t/gopolars/pkg/polars/analytics.go:128.26,130.3 1 0
github.com/h0rn3t/gopolars/pkg/polars/analytics.go:131.2,133.34 3 0
github.com/h0rn3t/gopolars/pkg/polars/analytics.go:133.34,135.3 1 0
github.com/h0rn3t/gopolars/pkg/polars/analytics.go:136.2,138.32 3 0
github.com/h0rn3t/gopolars/pkg/polars/analytics.go:138.32,139.38 1 0
github.com/h0rn3t/gopolars/pkg/polars/analytics.go:139.38,140.36 1 0
github.com/h0rn3t/gopolars/pkg/polars/analytics.go:140.36,142.5 1 0
github.com/h0rn3t/gopolars/pkg/polars/analytics.go:143.4,144.83 2 0
github.com/h0rn3t/gopolars/pkg/polars/analytics.go:147.2,147.62 1 0
github.com/h0rn3t/gopolars/pkg/polars/analytics.go:150.63,152.16 2 0
github.com/h0rn3t/gopolars/pkg/polars/analytics.go:152.16,154.3 1 0
github.com/h0rn3t/gopolars/pkg/polars/analytics.go:155.2,165.25 8 0
github.com/h0rn3t/gopolars/pkg/polars/analytics.go:165.25,168.33 3 0
github.com/h0rn3t/gopolars/pkg/polars/analytics.go:168.33,171.4 2 0
github.com/h0rn3t/gopolars/pkg/polars/analytics.go:172.3,172.32 1 0
github.com/h0rn3t/gopolars/pkg/polars/analytics.go:172.32,174.4 1 0
github.com/h0rn3t/gopolars/pkg/polars/analytics.go:175.3,176.33 2 0
github.com/h0rn3t/gopolars/pkg/polars/analytics.go:177.14,179.19 2 0
github.com/h0rn3t/gopolars/pkg/polars/analytics.go:180.16,182.19 2 0
github.com/h0rn3t/gopolars/pkg/polars/analytics.go:184.3,184.29 1 0
github.com/h0rn3t/gopolars/pkg/polars/analytics.go:186.2,187.26 2 0
github.com/h0rn3t/gopolars/pkg/polars/analytics.go:187.26,189.3 1 0
github.com/h0rn3t/gopolars/pkg/polars/analytics.go:190.2,192.29 3 0
github.com/h0rn3t/gopolars/pkg/polars/analytics.go:192.29,194.3 1 0
github.com/h0rn3t/gopolars/pkg/polars/analytics.go:195.2,195.33 1 0
github.com/h0rn3t/gopolars/pkg/polars/analytics.go:195.33,197.30 2 0
github.com/h0rn3t/gopolars/pkg/polars/analytics.go:197.30,199.21 2 0
github.com/h0rn3t/gopolars/pkg/polars/analytics.go:200.16,201.21 1 0
github.com/h0rn3t/gopolars/pkg/polars/analytics.go:201.21,203.6 1 0
github.com/h0rn3t/gopolars/pkg/polars/analytics.go:203.11,205.6 1 0
github.com/h0rn3t/gopolars/pkg/polars/analytics.go:206.17,207.52 1 0
github.com/h0rn3t/gopolars/pkg/polars/analytics.go:208.12,209.43 1 0
github.com/h0rn3t/gopolars/pkg/polars/analytics.go:213.2,213.62 1 0
github.com/h0rn3t/gopolars/pkg/polars/compatibility.go:13.53,15.9 2 0
github.com/h0rn3t/gopolars/pkg/polars/compatibility.go:16.113,17.29 1 0
github.com/h0rn3t/gopolars/pkg/polars/compatibility.go:18.43,19.32 1 0
github.com/h0rn3t/gopolars/pkg/polars/compatibility.go:20.10,21.31 1 0
github.com/h0rn3t/gopolars/pkg/polars/dataframe.go:28.63,30.2 1 0
github.com/h0rn3t/gopolars/pkg/polars/dataframe.go:32.67,34.2 1 0
github.com/h0rn3t/gopolars/pkg/polars/dataframe.go:40.65,41.16 1 0
github.com/h0rn3t/gopolars/pkg/polars/dataframe.go:41.16,43.3 1 0
github.com/h0rn3t/gopolars/pkg/polars/dataframe.go:44.2,44.27 1 0
github.com/h0rn3t/gopolars/pkg/polars/dataframe.go:47.37,49.2 1 0
github.com/h0rn3t/gopolars/pkg/polars/dataframe.go:51.44,53.2 1 0
github.com/h0rn3t/gopolars/pkg/polars/dataframe.go:55.27,57.2 1 0
github.com/h0rn3t/gopolars/pkg/polars/dataframe.go:59.29,61.2 1 0
github.com/h0rn3t/gopolars/pkg/polars/dataframe.go:63.36,65.2 1 0
github.com/h0rn3t/gopolars/pkg/polars/dataframe.go:67.26,69.2 1 0
github.com/h0rn3t/gopolars/pkg/polars/dataframe.go:71.33,73.2 1 0
github.com/h0rn3t/gopolars/pkg/polars/dataframe.go:75.37,77.2 1 0
github.com/h0rn3t/gopolars/pkg/polars/dataframe.go:79.42,81.2 1 0
github.com/h0rn3t/gopolars/pkg/polars/dataframe.go:83.47,84.15 1 0
github.com/h0rn3t/gopolars/pkg/polars/dataframe.go:84.15,86.3 1 0
github.com/h0rn3t/gopolars/pkg/polars/dataframe.go:87.2,88.52 2 0
github.com/h0rn3t/gopolars/pkg/polars/dataframe.go:88.52,90.32 2 0
github.com/h0rn3t/gopolars/pkg/polars/dataframe.go:90.32,92.4 1 0
github.com/h0rn3t/gopolars/pkg/polars/dataframe.go:93.3,93.44 1 0
github.com/h0rn3t/gopolars/pkg/polars/dataframe.go:95.2,95.12 1 0
github.com/h0rn3t/gopolars/pkg/polars/dataframe.go:98.41,100.2 1 0
github.com/h0rn3t/gopolars/pkg/polars/dataframe.go:102.41,104.2 1 0
github.com/h0rn3t/gopolars/pkg/polars/dataframe.go:106.56,107.34 1 0
github.com/h0rn3t/gopolars/pkg/polars/dataframe.go:107.34,109.3 1 0
github.com/h0rn3t/gopolars/pkg/polars/dataframe.go:110.2,111.9 2 0
github.com/h0rn3t/gopolars/pkg/polars/dataframe.go:111.9,113.3 1 0
github.com/h0rn3t/gopolars/pkg/polars/dataframe.go:114.2,114.26 1 0
github.com/h0rn3t/gopolars/pkg/polars/dataframe.go:117.53,119.16 2 0
github.com/h0rn3t/gopolars/pkg/polars/dataframe.go:119.16,121.3 1 0
github.com/h0rn3t/gopolars/pkg/polars/dataframe.go:122.2,122.35 1 0
github.com/h0rn3t/gopolars/pkg/polars/dataframe.go:125.69,126.23 1 0
github.com/h0rn3t/gopolars/pkg/polars/dataframe.go:126.23,128.3 1 0
github.com/h0rn3t/gopolars/pkg/polars/dataframe.go:129.2,130.28 2 0
github.com/h0rn3t/gopolars/pkg/polars/dataframe.go:130.28,132.3 1 0
github.com/h0rn3t/gopolars/pkg/polars/dataframe.go:133.2,133.27 1 0
github.com/h0rn3t/gopolars/pkg/polars/dataframe.go:136.46,138.2 1 0
github.com/h0rn3t/gopolars/pkg/polars/dataframe.go:140.36,143.25 3 0
github.com/h0rn3t/gopolars/pkg/polars/dataframe.go:143.25,145.3 1 0
github.com/h0rn3t/gopolars/pkg/polars/dataframe.go:146.2,146.12 1 0
github.com/h0rn3t/gopolars/pkg/polars/dataframe.go:149.41,151.2 1 0
github.com/h0rn3t/gopolars/pkg/polars/dataframe.go:153.37,155.2 1 0
github.com/h0rn3t/gopolars/pkg/polars/dataframe.go:157.54,159.2 1 0
github.com/h0rn3t/gopolars/pkg/polars/dataframe.go:161.60,163.2 1 0
github.com/h0rn3t/gopolars/pkg/polars/dataframe.go:165.36,169.25 4 0
github.com/h0rn3t/gopolars/pkg/polars/dataframe.go:169.25,173.3 3 0
github.com/h0rn3t/gopolars/pkg/polars/dataframe.go:174.2,175.25 2 0
github.com/h0rn3t/gopolars/pkg/polars/dataframe.go:175.25,177.3 1 0
github.com/h0rn3t/gopolars/pkg/polars/dataframe.go:178.2,179.10 2 0
github.com/h0rn3t/gopolars/pkg/polars/dataframe.go:182.32,185.33 3 0
github.com/h0rn3t/gopolars/pkg/polars/dataframe.go:185.33,187.3 1 0
github.com/h0rn3t/gopolars/pkg/polars/dataframe.go:188.2,189.10 2 0
github.com/h0rn3t/gopolars/pkg/polars/dataframe.go:192.49,194.2 1 0
github.com/h0rn3t/gopolars/pkg/polars/dataframe.go:196.42,198.2 1 0
github.com/h0rn3t/gopolars/pkg/polars/dataframe.go:200.49,202.9 2 0
github.com/h0rn3t/gopolars/pkg/polars/dataframe.go:202.9,204.3 1 0
github.com/h0rn3t/gopolars/pkg/polars/dataframe.go:205.2,205.36 1 0
github.com/h0rn3t/gopolars/pkg/polars/dataframe.go:208.55,211.2 2 0
github.com/h0rn3t/gopolars/pkg/polars/dataframe.go:213.56,216.2 2 0
github.com/h0rn3t/gopolars/pkg/polars/dataframe.go:218.60,221.2 2 0
github.com/h0rn3t/gopolars/pkg/polars/dataframe.go:223.73,226.2 2 0
github.com/h0rn3t/gopolars/pkg/polars/dataframe.go:228.73,231.2 2 0
github.com/h0rn3t/gopolars/pkg/polars/dataframe.go:233.46,235.2 1 0
github.com/h0rn3t/gopolars/pkg/polars/dataframe.go:237.73,249.2 2 0
github.com/h0rn3t/gopolars/pkg/polars/dataframe.go:251.55,253.9 2 0
github.com/h0rn3t/gopolars/pkg/polars/dataframe.go:253.9,255.3 1 0
github.com/h0rn3t/gopolars/pkg/polars/dataframe.go:256.2,265.29 2 0
github.com/h0rn3t/gopolars/pkg/polars/dataframe.go:268.59,269.21 1 0
github.com/h0rn3t/gopolars/pkg/polars/dataframe.go:269.21,271.3 1 0
github.com/h0rn3t/gopolars/pkg/polars/dataframe.go:272.2,272.22 1 0
github.com/h0rn3t/gopolars/pkg/polars/dataframe.go:275.59,277.2 1 0
github.com/h0rn3t/gopolars/pkg/polars/dataframe.go:279.55,287.2 2 0
github.com/h0rn3t/gopolars/pkg/polars/dataframe.go:289.59,291.37 2 0
github.com/h0rn3t/gopolars/pkg/polars/dataframe.go:291.37,293.10 2 0
github.com/h0rn3t/gopolars/pkg/polars/dataframe.go:293.10,295.4 1 0
github.com/h0rn3t/gopolars/pkg/polars/dataframe.go:296.3,296.38 1 0
github.com/h0rn3t/gopolars/pkg/polars/dataframe.go:298.2,298.31 1 0
github.com/h0rn3t/gopolars/pkg/polars/dataframe.go:298.31,300.3 1 0
github.com/h0rn3t/gopolars/pkg/polars/dataframe.go:301.2,301.60 1 0
github.com/h0rn3t/gopolars/pkg/polars/dataframe.go:304.50,306.2 1 0
github.com/h0rn3t/gopolars/pkg/polars/dataframe.go:308.58,310.2 1 0
github.com/h0rn3t/gopolars/pkg/polars/dataframe.go:312.34,314.2 1 0
github.com/h0rn3t/gopolars/pkg/polars/dataframe.go:316.32,320.27 4 0
github.com/h0rn3t/gopolars/pkg/polars/dataframe.go:320.27,322.29 2 0
github.com/h0rn3t/gopolars/pkg/polars/dataframe.go:322.29,324.4 1 0
github.com/h0rn3t/gopolars/pkg/polars/dataframe.go:325.3,325.28 1 0
github.com/h0rn3t/gopolars/pkg/polars/dataframe.go:327.2,327.12 1 0
github.com/h0rn3t/gopolars/pkg/polars/dataframe.go:330.42,332.2 1 0
github.com/h0rn3t/gopolars/pkg/polars/dataframe.go:334.66,335.23 1 0
github.com/h0rn3t/gopolars/pkg/polars/dataframe.go:335.23,337.3 1 0
github.com/h0rn3t/gopolars/pkg/polars/dataframe.go:338.2,340.30 3 0
github.com/h0rn3t/gopolars/pkg/polars/dataframe.go:340.30,342.29 2 0
github.com/h0rn3t/gopolars/pkg/polars/dataframe.go:342.29,344.4 1 0
github.com/h0rn3t/gopolars/pkg/polars/dataframe.go:345.3,345.39 1 0
github.com/h0rn3t/gopolars/pkg/polars/dataframe.go:347.2,348.30 2 0
github.com/h0rn3t/gopolars/pkg/polars/dataframe.go:348.30,350.42 2 0
github.com/h0rn3t/gopolars/pkg/polars/dataframe.go:350.42,353.4 2 0
github.com/h0rn3t/gopolars/pkg/polars/dataframe.go:354.3,355.17 2 0
github.com/h0rn3t/gopolars/pkg/polars/dataframe.go:355.17,357.4 1 0
github.com/h0rn3t/gopolars/pkg/polars/dataframe.go:358.3,358.38 1 0
github.com/h0rn3t/gopolars/pkg/polars/dataframe.go:360.2,360.17 1 0
github.com/h0rn3t/gopolars/pkg/polars/dataframe.go:363.69,366.33 3 0
github.com/h0rn3t/gopolars/pkg/polars/dataframe.go:366.33,368.3 1 0
github.com/h0rn3t/gopolars/pkg/polars/dataframe.go:369.2,369.27 1 0
github.com/h0rn3t/gopolars/pkg/polars/dataframe.go:369.27,370.36 1 0
github.com/h0rn3t/gopolars/pkg/polars/dataframe.go:370.36,373.18 3 0
github.com/h0rn3t/gopolars/pkg/polars/dataframe.go:373.18,375.5 1 0
github.com/h0rn3t/gopolars/pkg/polars/dataframe.go:376.4,377.18 2 0
github.com/h0rn3t/gopolars/pkg/polars/dataframe.go:377.18,379.5 1 0
github.com/h0rn3t/gopolars/pkg/polars/dataframe.go:382.2,382.17 1 0
github.com/h0rn3t/gopolars/pkg/polars/dataframe.go:385.73,387.2 1 0
github.com/h0rn3t/gopolars/pkg/polars/dataframe.go:389.58,391.2 1 0
github.com/h0rn3t/gopolars/pkg/polars/dataframe.go:393.73,394.37 1 0
github.com/h0rn3t/gopolars/pkg/polars/dataframe.go:394.37,396.3 1 0
github.com/h0rn3t/gopolars/pkg/polars/dataframe.go:397.2,398.16 2 0
github.com/h0rn3t/gopolars/pkg/polars/dataframe.go:398.16,400.3 1 0
github.com/h0rn3t/gopolars/pkg/polars/dataframe.go:401.2,402.35 2 0
github.com/h0rn3t/gopolars/pkg/polars/dataframe.go:402.35,403.17 1 0
github.com/h0rn3t/gopolars/pkg/polars/dataframe.go:403.17,405.12 2 0
github.com/h0rn3t/gopolars/pkg/polars/dataframe.go:407.3,408.31 2 0
github.com/h0rn3t/gopolars/pkg/polars/dataframe.go:410.2,410.58 1 0
github.com/h0rn3t/gopolars/pkg/polars/dataframe.go:413.34,415.34 2 0
github.com/h0rn3t/gopolars/pkg/polars/dataframe.go:415.34,417.3 1 0
github.com/h0rn3t/gopolars/pkg/polars/dataframe.go:418.2,419.35 2 0
github.com/h0rn3t/gopolars/pkg/polars/dataframe.go:419.35,422.3 2 0
github.com/h0rn3t/gopolars/pkg/polars/dataframe.go:423.2,424.16 2 0
github.com/h0rn3t/gopolars/pkg/polars/dataframe.go:424.16,426.3 1 0
github.com/h0rn3t/gopolars/pkg/polars/dataframe.go:427.2,427.25 1 0
github.com/h0rn3t/gopolars/pkg/polars/dataframe.go:430.103,432.2 1 0
github.com/h0rn3t/gopolars/pkg/polars/dataframe.go:434.53,435.38 1 0
github.com/h0rn3t/gopolars/pkg/polars/dataframe.go:435.38,437.3 1 0
github.com/h0rn3t/gopolars/pkg/polars/dataframe.go:438.2,439.25 2 0
github.com/h0rn3t/gopolars/pkg/polars/dataframe.go:442.38,444.2 1 0
github.com/h0rn3t/gopolars/pkg/polars/dataframe.go:446.64,448.34 2 0
github.com/h0rn3t/gopolars/pkg/polars/dataframe.go:448.34,451.3 2 0
github.com/h0rn3t/gopolars/pkg/polars/dataframe.go:452.2,452.12 1 0
github.com/h0rn3t/gopolars/pkg/polars/dataframe.go:455.28,456.39 1 0
github.com/h0rn3t/gopolars/pkg/polars/dataframe.go:456.39,458.3 1 0
github.com/h0rn3t/gopolars/pkg/polars/dataframe.go:459.2,459.10 1 0
github.com/h0rn3t/gopolars/pkg/polars/dataframe.go:462.77,463.15 1 0
github.com/h0rn3t/gopolars/pkg/polars/dataframe.go:463.15,465.3 1 0
github.com/h0rn3t/gopolars/pkg/polars/dataframe.go:466.2,466.14 1 0
github.com/h0rn3t/gopolars/pkg/polars/dataframe.go:469.92,470.15 1 0
github.com/h0rn3t/gopolars/pkg/polars/dataframe.go:470.15,472.3 1 0
github.com/h0rn3t/gopolars/pkg/polars/dataframe.go:473.2,474.35 2 0
github.com/h0rn3t/gopolars/pkg/polars/dataframe.go:474.35,477.17 3 0
github.com/h0rn3t/gopolars/pkg/polars/dataframe.go:477.17,479.4 1 0
github.com/h0rn3t/gopolars/pkg/polars/dataframe.go:480.3,481.17 2 0
github.com/h0rn3t/gopolars/pkg/polars/dataframe.go:481.17,483.4 1 0
github.com/h0rn3t/gopolars/pkg/polars/dataframe.go:484.3,484.30 1 0
github.com/h0rn3t/gopolars/pkg/polars/dataframe.go:486.2,486.58 1 0
github.com/h0rn3t/gopolars/pkg/polars/dataframe.go:489.94,490.15 1 0
github.com/h0rn3t/gopolars/pkg/polars/dataframe.go:490.15,492.3 1 0
github.com/h0rn3t/gopolars/pkg/polars/dataframe.go:493.2,495.25 3 0
github.com/h0rn3t/gopolars/pkg/polars/dataframe.go:495.25,497.17 2 0
github.com/h0rn3t/gopolars/pkg/polars/dataframe.go:497.17,499.4 1 0
github.com/h0rn3t/gopolars/pkg/polars/dataframe.go:500.3,500.32 1 0
github.com/h0rn3t/gopolars/pkg/polars/dataframe.go:502.2,502.22 1 0
github.com/h0rn3t/gopolars/pkg/polars/dataframe.go:502.22,504.3 1 0
github.com/h0rn3t/gopolars/pkg/polars/dataframe.go:505.2,506.27 2 0
github.com/h0rn3t/gopolars/pkg/polars/dataframe.go:506.27,508.3 1 0
github.com/h0rn3t/gopolars/pkg/polars/dataframe.go:509.2,511.25 3 0
github.com/h0rn3t/gopolars/pkg/polars/dataframe.go:511.25,513.30 2 0
github.com/h0rn3t/gopolars/pkg/polars/dataframe.go:513.30,515.4 1 0
github.com/h0rn3t/gopolars/pkg/polars/dataframe.go:516.3,516.66 1 0
github.com/h0rn3t/gopolars/pkg/polars/dataframe.go:518.2,518.55 1 0
github.com/h0rn3t/gopolars/pkg/polars/dataframe.go:521.54,528.2 1 0
github.com/h0rn3t/gopolars/pkg/polars/dataframe.go:530.42,532.2 1 0
github.com/h0rn3t/gopolars/pkg/polars/dataframe.go:534.54,536.2 1 0
github.com/h0rn3t/gopolars/pkg/polars/dataframe.go:538.29,540.2 1 0
github.com/h0rn3t/gopolars/pkg/polars/dataframe.go:542.52,544.35 2 0
github.com/h0rn3t/gopolars/pkg/polars/dataframe.go:544.35,547.35 3 0
github.com/h0rn3t/gopolars/pkg/polars/dataframe.go:547.35,549.36 2 0
github.com/h0rn3t/gopolars/pkg/polars/dataframe.go:549.36,551.5 1 0
github.com/h0rn3t/gopolars/pkg/polars/dataframe.go:553.3,554.17 2 0
github.com/h0rn3t/gopolars/pkg/polars/dataframe.go:554.17,556.4 1 0
github.com/h0rn3t/gopolars/pkg/polars/dataframe.go:557.3,557.26 1 0
github.com/h0rn3t/gopolars/pkg/polars/dataframe.go:559.2,559.58 1 0
github.com/h0rn3t/gopolars/pkg/polars/dataframe.go:562.39,564.2 1 0
github.com/h0rn3t/gopolars/pkg/polars/dataframe.go:566.38,568.2 1 0
github.com/h0rn3t/gopolars/pkg/polars/dataframe.go:570.72,572.2 1 0
github.com/h0rn3t/gopolars/pkg/polars/dataframe.go:574.72,576.2 1 0
github.com/h0rn3t/gopolars/pkg/polars/dataframe.go:578.29,580.2 1 0
github.com/h0rn3t/gopolars/pkg/polars/dataframe.go:582.74,583.16 1 0
github.com/h0rn3t/gopolars/pkg/polars/dataframe.go:583.16,585.3 1 0
github.com/h0rn3t/gopolars/pkg/polars/dataframe.go:586.2,586.44 1 0
github.com/h0rn3t/gopolars/pkg/polars/dataframe.go:589.37,591.2 1 0
github.com/h0rn3t/gopolars/pkg/polars/dataframe.go:593.54,595.2 1 0
github.com/h0rn3t/gopolars/pkg/polars/dataframe.go:597.36,599.2 1 0
github.com/h0rn3t/gopolars/pkg/polars/dataframe.go:601.36,602.27 1 0
github.com/h0rn3t/gopolars/pkg/polars/dataframe.go:602.27,604.3 1 0
github.com/h0rn3t/gopolars/pkg/polars/dataframe.go:605.2,605.12 1 0
github.com/h0rn3t/gopolars/pkg/polars/dataframe.go:605.12,607.3 1 0
github.com/h0rn3t/gopolars/pkg/polars/dataframe.go:608.2,610.44 3 0
github.com/h0rn3t/gopolars/pkg/polars/dataframe.go:610.44,612.3 1 0
github.com/h0rn3t/gopolars/pkg/polars/dataframe.go:613.2,614.41 2 0
github.com/h0rn3t/gopolars/pkg/polars/dataframe.go:614.41,617.3 2 0
github.com/h0rn3t/gopolars/pkg/polars/dataframe.go:618.2,619.16 2 0
github.com/h0rn3t/gopolars/pkg/polars/dataframe.go:619.16,621.3 1 0
github.com/h0rn3t/gopolars/pkg/polars/dataframe.go:622.2,622.25 1 0
github.com/h0rn3t/gopolars/pkg/polars/dataframe.go:625.59,628.2 2 0
github.com/h0rn3t/gopolars/pkg/polars/dataframe.go:630.59,633.2 2 0
github.com/h0rn3t/gopolars/pkg/polars/dataframe.go:635.74,638.2 2 0
github.com/h0rn3t/gopolars/pkg/polars/dataframe.go:640.32,642.2 1 0
github.com/h0rn3t/gopolars/pkg/polars/dataframe.go:644.32,646.2 1 0
github.com/h0rn3t/gopolars/pkg/polars/dataframe.go:648.60,651.2 2 0
github.com/h0rn3t/gopolars/pkg/polars/dataframe.go:653.52,655.9 2 0
github.com/h0rn3t/gopolars/pkg/polars/dataframe.go:655.9,657.3 1 0
github.com/h0rn3t/gopolars/pkg/polars/dataframe.go:658.2,658.38 1 0
github.com/h0rn3t/gopolars/pkg/polars/dataframe.go:661.57,663.9 2 0
github.com/h0rn3t/gopolars/pkg/polars/dataframe.go:663.9,665.3 1 0
github.com/h0rn3t/gopolars/pkg/polars/dataframe.go:666.2,667.29 2 0
github.com/h0rn3t/gopolars/pkg/polars/dataframe.go:670.59,672.28 2 0
github.com/h0rn3t/gopolars/pkg/polars/dataframe.go:672.28,674.17 2 0
github.com/h0rn3t/gopolars/pkg/polars/dataframe.go:674.17,676.4 1 0
github.com/h0rn3t/gopolars/pkg/polars/dataframe.go:677.3,677.33 1 0
github.com/h0rn3t/gopolars/pkg/polars/dataframe.go:679.2,680.29 2 0
github.com/h0rn3t/gopolars/pkg/polars/dataframe.go:683.72,685.16 2 0
github.com/h0rn3t/gopolars/pkg/polars/dataframe.go:685.16,687.3 1 0
github.com/h0rn3t/gopolars/pkg/polars/dataframe.go:688.2,689.29 2 0
github.com/h0rn3t/gopolars/pkg/polars/dataframe.go:692.53,695.2 2 0
github.com/h0rn3t/gopolars/pkg/polars/dataframe.go:697.56,700.2 2 0
github.com/h0rn3t/gopolars/pkg/polars/dataframe.go:702.64,705.2 2 0
github.com/h0rn3t/gopolars/pkg/polars/dataframe.go:707.52,709.2 1 0
github.com/h0rn3t/gopolars/pkg/polars/dataframe.go:711.53,713.2 1 0
github.com/h0rn3t/gopolars/pkg/polars/dataframe.go:715.81,718.2 2 0
github.com/h0rn3t/gopolars/pkg/polars/dataframe.go:720.54,722.2 1 0
github.com/h0rn3t/gopolars/pkg/polars/dataframe.go:724.68,726.2 1 0
github.com/h0rn3t/gopolars/pkg/polars/dataframe.go:728.44,731.2 2 0
github.com/h0rn3t/gopolars/pkg/polars/dataframe.go:733.35,735.34 2 0
github.com/h0rn3t/gopolars/pkg/polars/dataframe.go:735.34,739.32 4 0
github.com/h0rn3t/gopolars/pkg/polars/dataframe.go:739.32,741.16 2 0
github.com/h0rn3t/gopolars/pkg/polars/dataframe.go:741.16,742.13 1 0
github.com/h0rn3t/gopolars/pkg/polars/dataframe.go:744.4,744.44 1 0
github.com/h0rn3t/gopolars/pkg/polars/dataframe.go:744.44,747.5 2 0
github.com/h0rn3t/gopolars/pkg/polars/dataframe.go:749.3,749.18 1 0
github.com/h0rn3t/gopolars/pkg/polars/dataframe.go:751.2,751.12 1 0
github.com/h0rn3t/gopolars/pkg/polars/dataframe.go:754.35,756.34 2 0
github.com/h0rn3t/gopolars/pkg/polars/dataframe.go:756.34,760.32 4 0
github.com/h0rn3t/gopolars/pkg/polars/dataframe.go:760.32,762.16 2 0
github.com/h0rn3t/gopolars/pkg/polars/dataframe.go:762.16,763.13 1 0
github.com/h0rn3t/gopolars/pkg/polars/dataframe.go:765.4,765.44 1 0
github.com/h0rn3t/gopolars/pkg/polars/dataframe.go:765.44,768.5 2 0
github.com/h0rn3t/gopolars/pkg/polars/dataframe.go:770.3,770.18 1 0
github.com/h0rn3t/gopolars/pkg/polars/dataframe.go:772.2,772.12 1 0
github.com/h0rn3t/gopolars/pkg/polars/dataframe.go:775.40,777.34 2 0
github.com/h0rn3t/gopolars/pkg/polars/dataframe.go:777.34,781.32 4 0
github.com/h0rn3t/gopolars/pkg/polars/dataframe.go:781.32,782.45 1 0
github.com/h0rn3t/gopolars/pkg/polars/dataframe.go:782.45,785.5 2 0
github.com/h0rn3t/gopolars/pkg/polars/dataframe.go:787.3,787.14 1 0
github.com/h0rn3t/gopolars/pkg/polars/dataframe.go:787.14,789.4 1 0
github.com/h0rn3t/gopolars/pkg/polars/dataframe.go:791.2,791.12 1 0
github.com/h0rn3t/gopolars/pkg/polars/dataframe.go:794.42,796.34 2 0
github.com/h0rn3t/gopolars/pkg/polars/dataframe.go:796.34,799.32 3 0
github.com/h0rn3t/gopolars/pkg/polars/dataframe.go:799.32,800.45 1 0
github.com/h0rn3t/gopolars/pkg/polars/dataframe.go:800.45,802.5 1 0
github.com/h0rn3t/gopolars/pkg/polars/dataframe.go:804.3,804.21 1 0
github.com/h0rn3t/gopolars/pkg/polars/dataframe.go:804.21,805.12 1 0
github.com/h0rn3t/gopolars/pkg/polars/dataframe.go:807.3,809.23 3 0
github.com/h0rn3t/gopolars/pkg/polars/dataframe.go:809.23,811.4 1 0
github.com/h0rn3t/gopolars/pkg/polars/dataframe.go:811.9,813.4 1 0
github.com/h0rn3t/gopolars/pkg/polars/dataframe.go:815.2,815.12 1 0
github.com/h0rn3t/gopolars/pkg/polars/dataframe.go:818.43,820.34 2 0
github.com/h0rn3t/gopolars/pkg/polars/dataframe.go:820.34,824.32 4 0
github.com/h0rn3t/gopolars/pkg/polars/dataframe.go:824.32,825.45 1 0
github.com/h0rn3t/gopolars/pkg/polars/dataframe.go:825.45,828.5 2 0
github.com/h0rn3t/gopolars/pkg/polars/dataframe.go:830.3,830.14 1 0
github.com/h0rn3t/gopolars/pkg/polars/dataframe.go:830.14,832.4 1 0
github.com/h0rn3t/gopolars/pkg/polars/dataframe.go:834.2,834.12 1 0
github.com/h0rn3t/gopolars/pkg/polars/dataframe.go:837.53,838.11 1 0
github.com/h0rn3t/gopolars/pkg/polars/dataframe.go:838.11,840.3 1 0
github.com/h0rn3t/gopolars/pkg/polars/dataframe.go:841.2,841.11 1 0
github.com/h0rn3t/gopolars/pkg/polars/dataframe.go:841.11,843.3 1 0
github.com/h0rn3t/gopolars/pkg/polars/dataframe.go:844.2,845.34 2 0
github.com/h0rn3t/gopolars/pkg/polars/dataframe.go:845.34,848.32 3 0
github.com/h0rn3t/gopolars/pkg/polars/dataframe.go:848.32,849.45 1 0
github.com/h0rn3t/gopolars/pkg/polars/dataframe.go:849.45,851.5 1 0
github.com/h0rn3t/gopolars/pkg/polars/dataframe.go:853.3,853.21 1 0
github.com/h0rn3t/gopolars/pkg/polars/dataframe.go:853.21,854.12 1 0
github.com/h0rn3t/gopolars/pkg/polars/dataframe.go:856.3,858.23 3 0
github.com/h0rn3t/gopolars/pkg/polars/dataframe.go:860.2,860.12 1 0
github.com/h0rn3t/gopolars/pkg/polars/dataframe.go:863.39,865.34 2 0
github.com/h0rn3t/gopolars/pkg/polars/dataframe.go:865.34,868.32 3 0
github.com/h0rn3t/gopolars/pkg/polars/dataframe.go:868.32,869.45 1 0
github.com/h0rn3t/gopolars/pkg/polars/dataframe.go:869.45,871.5 1 0
github.com/h0rn3t/gopolars/pkg/polars/dataframe.go:873.3,873.20 1 0
github.com/h0rn3t/gopolars/pkg/polars/dataframe.go:873.20,874.12 1 0
github.com/h0rn3t/gopolars/pkg/polars/dataframe.go:876.3,877.26 2 0
github.com/h0rn3t/gopolars/pkg/polars/dataframe.go:877.26,879.4 1 0
github.com/h0rn3t/gopolars/pkg/polars/dataframe.go:880.3,882.26 3 0
github.com/h0rn3t/gopolars/pkg/polars/dataframe.go:882.26,885.4 2 0
github.com/h0rn3t/gopolars/pkg/polars/dataframe.go:886.3,886.53 1 0
github.com/h0rn3t/gopolars/pkg/polars/dataframe.go:888.2,888.12 1 0
github.com/h0rn3t/gopolars/pkg/polars/dataframe.go:891.39,893.28 2 0
github.com/h0rn3t/gopolars/pkg/polars/dataframe.go:893.28,895.3 1 0
github.com/h0rn3t/gopolars/pkg/polars/dataframe.go:896.2,896.12 1 0
github.com/h0rn3t/gopolars/pkg/polars/dataframe.go:899.39,901.34 2 0
github.com/h0rn3t/gopolars/pkg/polars/dataframe.go:901.34,905.32 4 0
github.com/h0rn3t/gopolars/pkg/polars/dataframe.go:905.32,906.45 1 0
github.com/h0rn3t/gopolars/pkg/polars/dataframe.go:906.45,909.5 2 0
github.com/h0rn3t/gopolars/pkg/polars/dataframe.go:911.3,911.10 1 0
github.com/h0rn3t/gopolars/pkg/polars/dataframe.go:911.10,913.4 1 0
github.com/h0rn3t/gopolars/pkg/polars/dataframe.go:915.2,915.12 1 0
github.com/h0rn3t/gopolars/pkg/polars/dataframe.go:918.61,920.2 1 0
github.com/h0rn3t/gopolars/pkg/polars/dataframe.go:922.61,924.2 1 0
github.com/h0rn3t/gopolars/pkg/polars/dataframe.go:926.62,928.2 1 0
github.com/h0rn3t/gopolars/pkg/polars/dataframe.go:930.61,932.2 1 0
github.com/h0rn3t/gopolars/pkg/polars/dataframe.go:934.55,936.2 1 0
github.com/h0rn3t/gopolars/pkg/polars/dataframe.go:938.60,941.2 2 0
github.com/h0rn3t/gopolars/pkg/polars/dataframe.go:943.77,946.2 2 0
github.com/h0rn3t/gopolars/pkg/polars/dataframe.go:948.55,951.2 2 0
github.com/h0rn3t/gopolars/pkg/polars/dataframe.go:953.58,955.2 1 0
github.com/h0rn3t/gopolars/pkg/polars/dataframe.go:957.54,959.2 1 0
github.com/h0rn3t/gopolars/pkg/polars/dataframe.go:961.59,963.2 1 0
github.com/h0rn3t/gopolars/pkg/polars/dataframe.go:965.57,967.23 2 0
github.com/h0rn3t/gopolars/pkg/polars/dataframe.go:967.23,969.3 1 0
github.com/h0rn3t/gopolars/pkg/polars/dataframe.go:970.2,971.16 2 0
github.com/h0rn3t/gopolars/pkg/polars/dataframe.go:971.16,973.3 1 0
github.com/h0rn3t/gopolars/pkg/polars/dataframe.go:974.2,974.27 1 0
github.com/h0rn3t/gopolars/pkg/polars/dataframe.go:974.27,976.3 1 0
github.com/h0rn3t/gopolars/pkg/polars/dataframe.go:977.2,977.29 1 0
github.com/h0rn3t/gopolars/pkg/polars/dataframe.go:980.45,982.20 2 0
github.com/h0rn3t/gopolars/pkg/polars/dataframe.go:982.20,984.3 1 0
github.com/h0rn3t/gopolars/pkg/polars/dataframe.go:985.2,987.27 3 0
github.com/h0rn3t/gopolars/pkg/polars/dataframe.go:987.27,989.26 2 0
github.com/h0rn3t/gopolars/pkg/polars/dataframe.go:989.26,991.4 1 0
github.com/h0rn3t/gopolars/pkg/polars/dataframe.go:992.3,992.94 1 0
github.com/h0rn3t/gopolars/pkg/polars/dataframe.go:994.2,994.57 1 0
github.com/h0rn3t/gopolars/pkg/polars/dataframe.go:997.54,999.2 1 0
github.com/h0rn3t/gopolars/pkg/polars/dataframe.go:1001.40,1006.2 1 0
github.com/h0rn3t/gopolars/pkg/polars/dataframe.go:1008.36,1010.2 1 0
github.com/h0rn3t/gopolars/pkg/polars/dataframe.go:1012.56,1014.16 2 0
github.com/h0rn3t/gopolars/pkg/polars/dataframe.go:1014.16,1016.3 1 0
github.com/h0rn3t/gopolars/pkg/polars/dataframe.go:1017.2,1017.29 1 0
github.com/h0rn3t/gopolars/pkg/polars/dataframe.go:1020.57,1022.2 1 0
github.com/h0rn3t/gopolars/pkg/polars/dataframe.go:1024.57,1026.2 1 0
github.com/h0rn3t/gopolars/pkg/polars/dataframe.go:1028.57,1030.2 1 0
github.com/h0rn3t/gopolars/pkg/polars/dataframe.go:1032.63,1034.2 1 0
github.com/h0rn3t/gopolars/pkg/polars/dataframe.go:1036.69,1039.2 2 0
github.com/h0rn3t/gopolars/pkg/polars/dataframe.go:1041.61,1044.2 2 0
github.com/h0rn3t/gopolars/pkg/polars/dataframe.go:1046.57,1048.28 2 0
github.com/h0rn3t/gopolars/pkg/polars/dataframe.go:1048.28,1050.3 1 0
github.com/h0rn3t/gopolars/pkg/polars/dataframe.go:1051.2,1052.41 2 0
github.com/h0rn3t/gopolars/pkg/polars/dataframe.go:1052.41,1053.49 1 0
github.com/h0rn3t/gopolars/pkg/polars/dataframe.go:1053.49,1054.12 1 0
github.com/h0rn3t/gopolars/pkg/polars/dataframe.go:1056.3,1057.31 2 0
github.com/h0rn3t/gopolars/pkg/polars/dataframe.go:1059.2,1059.58 1 0
github.com/h0rn3t/gopolars/pkg/polars/dataframe.go:1062.67,1063.23 1 0
github.com/h0rn3t/gopolars/pkg/polars/dataframe.go:1063.23,1065.3 1 0
github.com/h0rn3t/gopolars/pkg/polars/dataframe.go:1066.2,1067.41 2 0
github.com/h0rn3t/gopolars/pkg/polars/dataframe.go:1067.41,1069.58 2 0
github.com/h0rn3t/gopolars/pkg/polars/dataframe.go:1069.58,1071.12 2 0
github.com/h0rn3t/gopolars/pkg/polars/dataframe.go:1073.3,1073.31 1 0
github.com/h0rn3t/gopolars/pkg/polars/dataframe.go:1075.2,1075.58 1 0
github.com/h0rn3t/gopolars/pkg/polars/dataframe.go:1078.31,1084.2 1 0
github.com/h0rn3t/gopolars/pkg/polars/dataframe.go:1086.50,1092.2 1 0
github.com/h0rn3t/gopolars/pkg/polars/dataframe.go:1094.50,1096.2 1 0
github.com/h0rn3t/gopolars/pkg/polars/dataframe.go:1098.52,1104.2 1 0
github.com/h0rn3t/gopolars/pkg/polars/dataframe.go:1106.52,1108.2 1 0
github.com/h0rn3t/gopolars/pkg/polars/dataframe.go:1110.58,1116.2 1 0
github.com/h0rn3t/gopolars/pkg/polars/dataframe.go:1118.50,1120.2 1 0
github.com/h0rn3t/gopolars/pkg/polars/dataframe.go:1122.50,1124.2 1 0
github.com/h0rn3t/gopolars/pkg/polars/dataframe.go:1126.56,1128.2 1 0
github.com/h0rn3t/gopolars/pkg/polars/dataframe.go:1130.54,1133.2 2 0
github.com/h0rn3t/gopolars/pkg/polars/dataframe.go:1135.54,1137.2 1 0
github.com/h0rn3t/gopolars/pkg/polars/dataframe.go:1139.43,1141.2 1 0
github.com/h0rn3t/gopolars/pkg/polars/dataframe.go:1143.37,1145.2 1 0
github.com/h0rn3t/gopolars/pkg/polars/dataframe.go:1147.49,1149.2 1 0
github.com/h0rn3t/gopolars/pkg/polars/dataframe.go:1151.44,1153.2 1 0
github.com/h0rn3t/gopolars/pkg/polars/dataframe.go:1155.44,1157.2 1 0
github.com/h0rn3t/gopolars/pkg/polars/dataframe.go:1159.46,1161.2 1 0
github.com/h0rn3t/gopolars/pkg/polars/dataframe.go:1163.64,1166.2 2 0
github.com/h0rn3t/gopolars/pkg/polars/dataframe.go:1168.40,1170.35 2 0
github.com/h0rn3t/gopolars/pkg/polars/dataframe.go:1170.35,1173.35 3 0
github.com/h0rn3t/gopolars/pkg/polars/dataframe.go:1173.35,1175.4 1 0
github.com/h0rn3t/gopolars/pkg/polars/dataframe.go:1176.3,1176.21 1 0
github.com/h0rn3t/gopolars/pkg/polars/dataframe.go:1178.2,1178.12 1 0
github.com/h0rn3t/gopolars/pkg/polars/dataframe.go:1181.62,1183.23 2 0
github.com/h0rn3t/gopolars/pkg/polars/dataframe.go:1183.23,1184.33 1 0
github.com/h0rn3t/gopolars/pkg/polars/dataframe.go:1184.33,1186.4 1 0
github.com/h0rn3t/gopolars/pkg/polars/dataframe.go:1187.8,1188.29 1 0
github.com/h0rn3t/gopolars/pkg/polars/dataframe.go:1188.29,1190.4 1 0
github.com/h0rn3t/gopolars/pkg/polars/dataframe.go:1192.2,1194.35 3 0
github.com/h0rn3t/gopolars/pkg/polars/dataframe.go:1194.35,1196.34 2 0
github.com/h0rn3t/gopolars/pkg/polars/dataframe.go:1196.34,1198.12 2 0
github.com/h0rn3t/gopolars/pkg/polars/dataframe.go:1200.3,1201.28 2 0
github.com/h0rn3t/gopolars/pkg/polars/dataframe.go:1201.28,1203.4 1 0
github.com/h0rn3t/gopolars/pkg/polars/dataframe.go:1204.3,1205.23 2 0
github.com/h0rn3t/gopolars/pkg/polars/dataframe.go:1205.23,1207.4 1 0
github.com/h0rn3t/gopolars/pkg/polars/dataframe.go:1208.3,1209.26 2 0
github.com/h0rn3t/gopolars/pkg/polars/dataframe.go:1209.26,1211.29 2 0
github.com/h0rn3t/gopolars/pkg/polars/dataframe.go:1211.29,1213.5 1 0
github.com/h0rn3t/gopolars/pkg/polars/dataframe.go:1214.4,1215.82 2 0
github.com/h0rn3t/gopolars/pkg/polars/dataframe.go:1218.2,1218.58 1 0
github.com/h0rn3t/gopolars/pkg/polars/dataframe.go:1221.34,1223.2 1 0
github.com/h0rn3t/gopolars/pkg/polars/dataframe.go:1225.34,1227.34 2 0
github.com/h0rn3t/gopolars/pkg/polars/dataframe.go:1227.34,1229.33 2 0
github.com/h0rn3t/gopolars/pkg/polars/dataframe.go:1229.33,1231.45 2 0
github.com/h0rn3t/gopolars/pkg/polars/dataframe.go:1231.45,1233.5 1 0
github.com/h0rn3t/gopolars/pkg/polars/dataframe.go:1233.10,1235.5 1 0
github.com/h0rn3t/gopolars/pkg/polars/dataframe.go:1237.3,1237.15 1 0
github.com/h0rn3t/gopolars/pkg/polars/dataframe.go:1239.2,1239.12 1 0
github.com/h0rn3t/gopolars/pkg/polars/dataframe.go:1242.74,1243.17 1 0
github.com/h0rn3t/gopolars/pkg/polars/dataframe.go:1243.17,1245.3 1 0
github.com/h0rn3t/gopolars/pkg/polars/dataframe.go:1246.2,1247.40 2 0
github.com/h0rn3t/gopolars/pkg/polars/dataframe.go:1247.40,1249.35 2 0
github.com/h0rn3t/gopolars/pkg/polars/dataframe.go:1249.35,1251.47 2 0
github.com/h0rn3t/gopolars/pkg/polars/dataframe.go:1251.47,1253.5 1 0
github.com/h0rn3t/gopolars/pkg/polars/dataframe.go:1255.3,1255.21 1 0
github.com/h0rn3t/gopolars/pkg/polars/dataframe.go:1255.21,1257.12 2 0
github.com/h0rn3t/gopolars/pkg/polars/dataframe.go:1259.3,1259.15 1 0
github.com/h0rn3t/gopolars/pkg/polars/dataframe.go:1260.14,1262.31 2 0
github.com/h0rn3t/gopolars/pkg/polars/dataframe.go:1262.31,1263.17 1 0
github.com/h0rn3t/gopolars/pkg/polars/dataframe.go:1263.17,1265.6 1 0
github.com/h0rn3t/gopolars/pkg/polars/dataframe.go:1267.4,1267.22 1 0
github.com/h0rn3t/gopolars/pkg/polars/dataframe.go:1268.14,1270.31 2 0
github.com/h0rn3t/gopolars/pkg/polars/dataframe.go:1270.31,1271.17 1 0
github.com/h0rn3t/gopolars/pkg/polars/dataframe.go:1271.17,1273.6 1 0
github.com/h0rn3t/gopolars/pkg/polars/dataframe.go:1275.4,1275.22 1 0
github.com/h0rn3t/gopolars/pkg/polars/dataframe.go:1276.14,1278.27 2 0
github.com/h0rn3t/gopolars/pkg/polars/dataframe.go:1278.27,1280.5 1 0
github.com/h0rn3t/gopolars/pkg/polars/dataframe.go:1281.4,1281.21 1 0
github.com/h0rn3t/gopolars/pkg/polars/dataframe.go:1282.11,1284.27 2 0
github.com/h0rn3t/gopolars/pkg/polars/dataframe.go:1284.27,1286.5 1 0
github.com/h0rn3t/gopolars/pkg/polars/dataframe.go:1287.4,1287.42 1 0
github.com/h0rn3t/gopolars/pkg/polars/dataframe.go:1290.2,1291.16 2 0
github.com/h0rn3t/gopolars/pkg/polars/dataframe.go:1291.16,1293.3 1 0
github.com/h0rn3t/gopolars/pkg/polars/dataframe.go:1294.2,1294.28 1 0
github.com/h0rn3t/gopolars/pkg/polars/dataframe.go:1297.35,1301.2 3 0
github.com/h0rn3t/gopolars/pkg/polars/dataframe.go:1303.42,1304.23 1 0
github.com/h0rn3t/gopolars/pkg/polars/dataframe.go:1305.13,1306.26 1 0
github.com/h0rn3t/gopolars/pkg/polars/dataframe.go:1307.15,1308.20 1 0
github.com/h0rn3t/gopolars/pkg/polars/dataframe.go:1308.20,1310.4 1 0
github.com/h0rn3t/gopolars/pkg/polars/dataframe.go:1311.3,1311.17 1 0
github.com/h0rn3t/gopolars/pkg/polars/dataframe.go:1312.10,1313.18 1 0
github.com/h0rn3t/gopolars/pkg/polars/dataframe.go:1317.47,1320.16 3 0
github.com/h0rn3t/gopolars/pkg/polars/dataframe.go:1320.16,1321.10 1 0
github.com/h0rn3t/gopolars/pkg/polars/dataframe.go:1322.16,1323.13 1 0
github.com/h0rn3t/gopolars/pkg/polars/dataframe.go:1324.16,1325.12 1 0
github.com/h0rn3t/gopolars/pkg/polars/dataframe.go:1326.11,1327.12 1 0
github.com/h0rn3t/gopolars/pkg/polars/dataframe.go:1330.2,1332.9 3 0
github.com/h0rn3t/gopolars/pkg/polars/dataframe.go:1333.15,1334.12 1 0
github.com/h0rn3t/gopolars/pkg/polars/dataframe.go:1335.15,1336.11 1 0
github.com/h0rn3t/gopolars/pkg/polars/dataframe.go:1337.10,1338.11 1 0
github.com/h0rn3t/gopolars/pkg/polars/expr.go:10.28,12.2 1 0
github.com/h0rn3t/gopolars/pkg/polars/expr.go:14.22,16.2 1 0
github.com/h0rn3t/gopolars/pkg/polars/expr.go:18.23,20.2 1 0
github.com/h0rn3t/gopolars/pkg/polars/expr.go:22.23,24.2 1 0
github.com/h0rn3t/gopolars/pkg/polars/expr.go:26.23,28.2 1 0
github.com/h0rn3t/gopolars/pkg/polars/expr.go:30.24,32.2 1 0
github.com/h0rn3t/gopolars/pkg/polars/expr.go:34.19,36.2 1 0
github.com/h0rn3t/gopolars/pkg/polars/expr.go:38.27,40.2 1 0
github.com/h0rn3t/gopolars/pkg/polars/expr.go:42.58,44.2 1 0
github.com/h0rn3t/gopolars/pkg/polars/groupby.go:12.56,17.2 4 0
github.com/h0rn3t/gopolars/pkg/polars/io.go:32.17,34.2 1 0
github.com/h0rn3t/gopolars/pkg/polars/io.go:36.66,47.2 1 0
github.com/h0rn3t/gopolars/pkg/polars/io.go:49.74,60.2 1 0
github.com/h0rn3t/gopolars/pkg/polars/io.go:62.66,73.2 1 0
github.com/h0rn3t/gopolars/pkg/polars/io.go:75.68,86.2 1 0
github.com/h0rn3t/gopolars/pkg/polars/io.go:88.66,90.16 2 0
github.com/h0rn3t/gopolars/pkg/polars/io.go:90.16,92.3 1 0
github.com/h0rn3t/gopolars/pkg/polars/io.go:93.2,98.5 1 0
github.com/h0rn3t/gopolars/pkg/polars/io.go:101.74,103.16 2 0
github.com/h0rn3t/gopolars/pkg/polars/io.go:103.16,105.3 1 0
github.com/h0rn3t/gopolars/pkg/polars/io.go:106.2,107.27 2 0
github.com/h0rn3t/gopolars/pkg/polars/io.go:110.66,112.16 2 0
github.com/h0rn3t/gopolars/pkg/polars/io.go:112.16,114.3 1 0
github.com/h0rn3t/gopolars/pkg/polars/io.go:115.2,115.57 1 0
github.com/h0rn3t/gopolars/pkg/polars/io.go:118.68,120.16 2 0
github.com/h0rn3t/gopolars/pkg/polars/io.go:120.16,122.3 1 0
github.com/h0rn3t/gopolars/pkg/polars/io.go:123.2,127.5 1 0
github.com/h0rn3t/gopolars/pkg/polars/io.go:130.77,138.2 1 0
github.com/h0rn3t/gopolars/pkg/polars/io.go:140.58,141.9 1 0
github.com/h0rn3t/gopolars/pkg/polars/io.go:142.40,143.63 1 0
github.com/h0rn3t/gopolars/pkg/polars/io.go:144.41,145.65 1 0
github.com/h0rn3t/gopolars/pkg/polars/io.go:146.40,147.66 1 0
github.com/h0rn3t/gopolars/pkg/polars/io.go:148.10,149.19 1 0
github.com/h0rn3t/gopolars/pkg/polars/io.go:153.84,155.16 2 0
github.com/h0rn3t/gopolars/pkg/polars/io.go:155.16,157.3 1 0
github.com/h0rn3t/gopolars/pkg/polars/io.go:158.2,160.42 3 0
github.com/h0rn3t/gopolars/pkg/polars/lazyframe.go:32.46,36.2 3 0
github.com/h0rn3t/gopolars/pkg/polars/lazyframe.go:38.47,40.2 1 0
github.com/h0rn3t/gopolars/pkg/polars/lazyframe.go:42.51,46.2 3 0
github.com/h0rn3t/gopolars/pkg/polars/lazyframe.go:48.50,50.2 1 0
github.com/h0rn3t/gopolars/pkg/polars/lazyframe.go:52.64,65.2 1 0
github.com/h0rn3t/gopolars/pkg/polars/lazyframe.go:67.46,69.9 2 0
github.com/h0rn3t/gopolars/pkg/polars/lazyframe.go:69.9,71.3 1 0
github.com/h0rn3t/gopolars/pkg/polars/lazyframe.go:72.2,83.4 1 0
github.com/h0rn3t/gopolars/pkg/polars/lazyframe.go:86.46,92.2 1 0
github.com/h0rn3t/gopolars/pkg/polars/lazyframe.go:94.57,95.23 1 0
github.com/h0rn3t/gopolars/pkg/polars/lazyframe.go:95.23,97.3 1 0
github.com/h0rn3t/gopolars/pkg/polars/lazyframe.go:98.2,98.29 1 0
github.com/h0rn3t/gopolars/pkg/polars/lazyframe.go:101.50,103.2 1 0
github.com/h0rn3t/gopolars/pkg/polars/lazyframe.go:105.37,107.2 1 0
github.com/h0rn3t/gopolars/pkg/polars/lazyframe.go:109.36,111.2 1 0
github.com/h0rn3t/gopolars/pkg/polars/lazyframe.go:113.36,115.2 1 0
github.com/h0rn3t/gopolars/pkg/polars/lazyframe.go:117.32,119.2 1 0
github.com/h0rn3t/gopolars/pkg/polars/lazyframe.go:121.31,123.2 1 0
github.com/h0rn3t/gopolars/pkg/polars/lazyframe.go:125.54,127.2 1 0
github.com/h0rn3t/gopolars/pkg/polars/lazyframe.go:129.58,131.2 1 0
github.com/h0rn3t/gopolars/pkg/polars/lazyframe.go:133.32,135.2 1 0
github.com/h0rn3t/gopolars/pkg/polars/lazyframe.go:137.32,146.2 3 0
github.com/h0rn3t/gopolars/pkg/polars/lazyframe.go:148.34,150.2 1 0
github.com/h0rn3t/gopolars/pkg/polars/lazyframe.go:152.58,153.23 1 0
github.com/h0rn3t/gopolars/pkg/polars/lazyframe.go:153.23,155.3 1 0
github.com/h0rn3t/gopolars/pkg/polars/lazyframe.go:156.2,157.28 2 0
github.com/h0rn3t/gopolars/pkg/polars/lazyframe.go:157.28,159.3 1 0
github.com/h0rn3t/gopolars/pkg/polars/lazyframe.go:160.2,160.80 1 0
github.com/h0rn3t/gopolars/pkg/polars/lazyframe.go:163.50,165.2 1 0
github.com/h0rn3t/gopolars/pkg/polars/lazyframe.go:167.44,169.2 1 0
github.com/h0rn3t/gopolars/pkg/polars/lazyframe.go:171.53,173.2 1 0
github.com/h0rn3t/gopolars/pkg/polars/lazyframe.go:175.52,177.2 1 0
github.com/h0rn3t/gopolars/pkg/polars/lazyframe.go:179.48,181.2 1 0
github.com/h0rn3t/gopolars/pkg/polars/lazyframe.go:183.51,185.2 1 0
github.com/h0rn3t/gopolars/pkg/polars/lazyframe.go:187.50,189.2 1 0
github.com/h0rn3t/gopolars/pkg/polars/lazyframe.go:191.68,193.2 1 0
github.com/h0rn3t/gopolars/pkg/polars/lazyframe.go:195.46,201.2 1 0
github.com/h0rn3t/gopolars/pkg/polars/lazyframe.go:203.49,209.2 1 0
github.com/h0rn3t/gopolars/pkg/polars/lazyframe.go:211.64,213.2 1 0
github.com/h0rn3t/gopolars/pkg/polars/lazyframe.go:215.64,217.2 1 0
github.com/h0rn3t/gopolars/pkg/polars/lazyframe.go:219.43,221.2 1 0
github.com/h0rn3t/gopolars/pkg/polars/lazyframe.go:223.45,225.2 1 0
github.com/h0rn3t/gopolars/pkg/polars/lazyframe.go:227.65,228.23 1 0
github.com/h0rn3t/gopolars/pkg/polars/lazyframe.go:228.23,230.3 1 0
github.com/h0rn3t/gopolars/pkg/polars/lazyframe.go:231.2,232.28 2 0
github.com/h0rn3t/gopolars/pkg/polars/lazyframe.go:232.28,234.3 1 0
github.com/h0rn3t/gopolars/pkg/polars/lazyframe.go:235.2,235.78 1 0
github.com/h0rn3t/gopolars/pkg/polars/lazyframe.go:238.47,240.2 1 0
github.com/h0rn3t/gopolars/pkg/polars/lazyframe.go:242.55,244.2 1 0
github.com/h0rn3t/gopolars/pkg/polars/lazyframe.go:246.48,248.9 2 0
github.com/h0rn3t/gopolars/pkg/polars/lazyframe.go:248.9,250.3 1 0
github.com/h0rn3t/gopolars/pkg/polars/lazyframe.go:251.2,251.80 1 0
github.com/h0rn3t/gopolars/pkg/polars/lazyframe.go:254.48,261.2 2 0
github.com/h0rn3t/gopolars/pkg/polars/lazyframe.go:263.60,273.2 1 0
github.com/h0rn3t/gopolars/pkg/polars/lazyframe.go:275.30,277.2 1 0
github.com/h0rn3t/gopolars/pkg/polars/lazyframe.go:279.30,281.2 1 0
github.com/h0rn3t/gopolars/pkg/polars/lazyframe.go:283.31,285.2 1 0
github.com/h0rn3t/gopolars/pkg/polars/lazyframe.go:287.33,289.2 1 0
github.com/h0rn3t/gopolars/pkg/polars/lazyframe.go:291.30,293.2 1 0
github.com/h0rn3t/gopolars/pkg/polars/lazyframe.go:295.30,297.2 1 0
github.com/h0rn3t/gopolars/pkg/polars/lazyframe.go:299.30,301.2 1 0
github.com/h0rn3t/gopolars/pkg/polars/lazyframe.go:303.44,305.2 1 0
github.com/h0rn3t/gopolars/pkg/polars/lazyframe.go:307.36,309.2 1 0
github.com/h0rn3t/gopolars/pkg/polars/lazyframe.go:311.32,313.2 1 0
github.com/h0rn3t/gopolars/pkg/polars/lazyframe.go:315.44,317.2 1 0
github.com/h0rn3t/gopolars/pkg/polars/lazyframe.go:319.33,321.2 1 0
github.com/h0rn3t/gopolars/pkg/polars/lazyframe.go:323.26,325.2 1 0
github.com/h0rn3t/gopolars/pkg/polars/lazyframe.go:327.37,329.2 1 0
github.com/h0rn3t/gopolars/pkg/polars/lazyframe.go:331.41,333.2 1 0
github.com/h0rn3t/gopolars/pkg/polars/lazyframe.go:335.44,337.2 1 0
github.com/h0rn3t/gopolars/pkg/polars/lazyframe.go:339.50,340.21 1 0
github.com/h0rn3t/gopolars/pkg/polars/lazyframe.go:340.21,342.3 1 0
github.com/h0rn3t/gopolars/pkg/polars/lazyframe.go:343.2,343.22 1 0
github.com/h0rn3t/gopolars/pkg/polars/lazyframe.go:346.74,347.15 1 0
github.com/h0rn3t/gopolars/pkg/polars/lazyframe.go:347.15,349.3 1 0
github.com/h0rn3t/gopolars/pkg/polars/lazyframe.go:350.2,351.16 2 0
github.com/h0rn3t/gopolars/pkg/polars/lazyframe.go:351.16,353.3 1 0
github.com/h0rn3t/gopolars/pkg/polars/lazyframe.go:354.2,355.31 2 0
github.com/h0rn3t/gopolars/pkg/polars/lazyframe.go:355.31,357.3 1 0
github.com/h0rn3t/gopolars/pkg/polars/lazyframe.go:358.2,358.20 1 0
github.com/h0rn3t/gopolars/pkg/polars/lazyframe.go:361.60,362.60 1 0
github.com/h0rn3t/gopolars/pkg/polars/lazyframe.go:362.60,364.3 1 0
github.com/h0rn3t/gopolars/pkg/polars/lazyframe.go:367.60,368.23 1 0
github.com/h0rn3t/gopolars/pkg/polars/lazyframe.go:368.23,370.3 1 0
github.com/h0rn3t/gopolars/pkg/polars/lazyframe.go:371.2,372.28 2 0
github.com/h0rn3t/gopolars/pkg/polars/lazyframe.go:372.28,374.3 1 0
github.com/h0rn3t/gopolars/pkg/polars/lazyframe.go:375.2,375.27 1 0
github.com/h0rn3t/gopolars/pkg/polars/lazyframe.go:378.64,380.16 2 0
github.com/h0rn3t/gopolars/pkg/polars/lazyframe.go:380.16,382.3 1 0
github.com/h0rn3t/gopolars/pkg/polars/lazyframe.go:383.2,384.16 2 0
github.com/h0rn3t/gopolars/pkg/polars/lazyframe.go:384.16,386.3 1 0
github.com/h0rn3t/gopolars/pkg/polars/lazyframe.go:387.2,388.16 2 0
github.com/h0rn3t/gopolars/pkg/polars/lazyframe.go:388.16,390.3 1 0
github.com/h0rn3t/gopolars/pkg/polars/lazyframe.go:391.2,391.20 1 0
github.com/h0rn3t/gopolars/pkg/polars/lazyframe.go:394.59,395.15 1 0
github.com/h0rn3t/gopolars/pkg/polars/lazyframe.go:395.15,397.3 1 0
github.com/h0rn3t/gopolars/pkg/polars/lazyframe.go:398.2,398.14 1 0
github.com/h0rn3t/gopolars/pkg/polars/lazyframe.go:401.106,402.15 1 0
github.com/h0rn3t/gopolars/pkg/polars/lazyframe.go:402.15,404.3 1 0
github.com/h0rn3t/gopolars/pkg/polars/lazyframe.go:405.2,405.22 1 0
github.com/h0rn3t/gopolars/pkg/polars/lazyframe.go:408.56,410.2 1 0
github.com/h0rn3t/gopolars/pkg/polars/lazyframe.go:412.49,414.2 1 0
github.com/h0rn3t/gopolars/pkg/polars/lazyframe.go:416.54,418.2 1 0
github.com/h0rn3t/gopolars/pkg/polars/lazyframe.go:420.53,423.2 2 0
github.com/h0rn3t/gopolars/pkg/polars/lazyframe.go:425.46,427.2 1 0
github.com/h0rn3t/gopolars/pkg/polars/lazyframe.go:429.47,431.2 1 0
github.com/h0rn3t/gopolars/pkg/polars/lazyframe.go:433.39,435.16 2 0
github.com/h0rn3t/gopolars/pkg/polars/lazyframe.go:435.16,437.3 1 0
github.com/h0rn3t/gopolars/pkg/polars/lazyframe.go:438.2,438.25 1 0
github.com/h0rn3t/gopolars/pkg/polars/lazyframe.go:441.31,443.2 1 0
github.com/h0rn3t/gopolars/pkg/polars/lazyframe.go:445.32,447.2 1 0
github.com/h0rn3t/gopolars/pkg/polars/lazyframe.go:449.33,451.2 1 0
github.com/h0rn3t/gopolars/pkg/polars/lazyframe.go:453.42,455.2 1 0
github.com/h0rn3t/gopolars/pkg/polars/lazyframe.go:457.61,459.22 2 0
github.com/h0rn3t/gopolars/pkg/polars/lazyframe.go:459.22,460.53 1 0
github.com/h0rn3t/gopolars/pkg/polars/lazyframe.go:460.53,462.4 1 0
github.com/h0rn3t/gopolars/pkg/polars/lazyframe.go:464.2,464.15 1 0
github.com/h0rn3t/gopolars/pkg/polars/lazyframe.go:467.48,470.2 2 0
github.com/h0rn3t/gopolars/pkg/polars/lazyframe.go:472.88,474.2 1 0
github.com/h0rn3t/gopolars/pkg/polars/lazyframe.go:476.74,478.12 2 0
github.com/h0rn3t/gopolars/pkg/polars/lazyframe.go:478.12,482.3 3 0
github.com/h0rn3t/gopolars/pkg/polars/lazyframe.go:483.2,483.11 1 0
github.com/h0rn3t/gopolars/pkg/polars/lazyframe.go:486.91,488.12 2 0
github.com/h0rn3t/gopolars/pkg/polars/lazyframe.go:488.12,490.21 2 0
github.com/h0rn3t/gopolars/pkg/polars/lazyframe.go:490.21,492.4 1 0
github.com/h0rn3t/gopolars/pkg/polars/lazyframe.go:493.3,494.17 2 0
github.com/h0rn3t/gopolars/pkg/polars/lazyframe.go:494.17,497.4 2 0
github.com/h0rn3t/gopolars/pkg/polars/lazyframe.go:498.3,499.10 2 0
github.com/h0rn3t/gopolars/pkg/polars/lazyframe.go:499.10,502.4 2 0
github.com/h0rn3t/gopolars/pkg/polars/lazyframe.go:503.3,503.70 1 0
github.com/h0rn3t/gopolars/pkg/polars/lazyframe.go:503.70,505.45 2 0
github.com/h0rn3t/gopolars/pkg/polars/lazyframe.go:505.45,507.5 1 0
github.com/h0rn3t/gopolars/pkg/polars/lazyframe.go:508.4,509.45 2 0
github.com/h0rn3t/gopolars/pkg/polars/lazyframe.go:512.2,512.11 1 0
github.com/h0rn3t/gopolars/pkg/polars/lazyframe.go:515.34,517.2 1 0
github.com/h0rn3t/gopolars/pkg/polars/lazyframe.go:519.78,521.16 2 0
github.com/h0rn3t/gopolars/pkg/polars/lazyframe.go:521.16,523.3 1 0
github.com/h0rn3t/gopolars/pkg/polars/lazyframe.go:524.2,525.16 2 0
github.com/h0rn3t/gopolars/pkg/polars/lazyframe.go:525.16,533.3 1 0
github.com/h0rn3t/gopolars/pkg/polars/lazyframe.go:534.2,544.20 3 0
github.com/h0rn3t/gopolars/pkg/polars/lazyframe.go:544.20,546.3 1 0
github.com/h0rn3t/gopolars/pkg/polars/lazyframe.go:547.2,547.30 1 0
github.com/h0rn3t/gopolars/pkg/polars/lazyframe.go:550.50,552.2 1 0
github.com/h0rn3t/gopolars/pkg/polars/lazyframe.go:554.74,557.16 3 0
github.com/h0rn3t/gopolars/pkg/polars/lazyframe.go:557.16,559.3 1 0
github.com/h0rn3t/gopolars/pkg/polars/lazyframe.go:560.2,560.28 1 0
github.com/h0rn3t/gopolars/pkg/polars/lazyframe.go:563.86,565.16 2 0
github.com/h0rn3t/gopolars/pkg/polars/lazyframe.go:565.16,567.3 1 0
github.com/h0rn3t/gopolars/pkg/polars/lazyframe.go:568.2,568.48 1 0
github.com/h0rn3t/gopolars/pkg/polars/lazyframe.go:571.62,573.16 2 0
github.com/h0rn3t/gopolars/pkg/polars/lazyframe.go:573.16,575.3 1 0
github.com/h0rn3t/gopolars/pkg/polars/lazyframe.go:576.2,577.27 2 0
github.com/h0rn3t/gopolars/pkg/polars/lazyframe.go:580.86,582.16 2 0
github.com/h0rn3t/gopolars/pkg/polars/lazyframe.go:582.16,584.3 1 0
github.com/h0rn3t/gopolars/pkg/polars/lazyframe.go:585.2,586.27 2 0
github.com/h0rn3t/gopolars/pkg/polars/lazyframe.go:589.70,591.16 2 0
github.com/h0rn3t/gopolars/pkg/polars/lazyframe.go:591.16,593.3 1 0
github.com/h0rn3t/gopolars/pkg/polars/lazyframe.go:594.2,594.27 1 0
github.com/h0rn3t/gopolars/pkg/polars/lazyframe.go:597.78,599.16 2 0
github.com/h0rn3t/gopolars/pkg/polars/lazyframe.go:599.16,601.3 1 0
github.com/h0rn3t/gopolars/pkg/polars/lazyframe.go:602.2,602.31 1 0
github.com/h0rn3t/gopolars/pkg/polars/lazyframe.go:605.70,607.16 2 0
github.com/h0rn3t/gopolars/pkg/polars/lazyframe.go:607.16,609.3 1 0
github.com/h0rn3t/gopolars/pkg/polars/lazyframe.go:610.2,610.27 1 0
github.com/h0rn3t/gopolars/pkg/polars/lazyframe.go:613.64,616.2 2 0
github.com/h0rn3t/gopolars/pkg/polars/lazyframe.go:618.66,621.2 2 0
github.com/h0rn3t/gopolars/pkg/polars/lazyframe.go:623.45,625.16 2 0
github.com/h0rn3t/gopolars/pkg/polars/lazyframe.go:625.16,627.3 1 0
github.com/h0rn3t/gopolars/pkg/polars/lazyframe.go:628.2,632.44 5 0
github.com/h0rn3t/gopolars/pkg/polars/lazyframe.go:632.44,634.3 1 0
github.com/h0rn3t/gopolars/pkg/polars/lazyframe.go:635.2,636.109 2 0
github.com/h0rn3t/gopolars/pkg/polars/lazyframe.go:639.64,645.19 2 0
github.com/h0rn3t/gopolars/pkg/polars/lazyframe.go:645.19,648.3 2 0
github.com/h0rn3t/gopolars/pkg/polars/lazyframe.go:649.2,650.15 2 0
github.com/h0rn3t/gopolars/pkg/polars/lazyframe.go:650.15,652.3 1 0
github.com/h0rn3t/gopolars/pkg/polars/lazyframe.go:653.2,663.35 7 0
github.com/h0rn3t/gopolars/pkg/polars/lazyframe.go:663.35,664.258 1 0
github.com/h0rn3t/gopolars/pkg/polars/lazyframe.go:664.258,667.4 2 0
github.com/h0rn3t/gopolars/pkg/polars/lazyframe.go:668.3,668.35 1 0
github.com/h0rn3t/gopolars/pkg/polars/lazyframe.go:668.35,671.4 2 0
github.com/h0rn3t/gopolars/pkg/polars/lazyframe.go:672.3,672.64 1 0
github.com/h0rn3t/gopolars/pkg/polars/lazyframe.go:672.64,674.4 1 0
github.com/h0rn3t/gopolars/pkg/polars/lazyframe.go:675.3,675.34 1 0
github.com/h0rn3t/gopolars/pkg/polars/lazyframe.go:675.34,677.4 1 0
github.com/h0rn3t/gopolars/pkg/polars/lazyframe.go:678.3,678.69 1 0
github.com/h0rn3t/gopolars/pkg/polars/lazyframe.go:678.69,681.4 2 0
github.com/h0rn3t/gopolars/pkg/polars/lazyframe.go:683.2,692.13 10 0
github.com/h0rn3t/gopolars/pkg/polars/lazyframe.go:695.46,705.2 4 0
github.com/h0rn3t/gopolars/pkg/polars/lazyframe.go:716.71,717.19 1 0
github.com/h0rn3t/gopolars/pkg/polars/lazyframe.go:717.19,719.3 1 0
github.com/h0rn3t/gopolars/pkg/polars/lazyframe.go:720.2,723.16 4 0
github.com/h0rn3t/gopolars/pkg/polars/lazyframe.go:723.16,725.3 1 0
github.com/h0rn3t/gopolars/pkg/polars/lazyframe.go:726.2,727.23 2 0
github.com/h0rn3t/gopolars/pkg/polars/lazyframe.go:728.13,737.5 3 0
github.com/h0rn3t/gopolars/pkg/polars/lazyframe.go:738.14,746.5 3 0
github.com/h0rn3t/gopolars/pkg/polars/lazyframe.go:747.13,748.70 1 0
github.com/h0rn3t/gopolars/pkg/polars/lazyframe.go:749.17,752.23 3 0
github.com/h0rn3t/gopolars/pkg/polars/lazyframe.go:752.23,754.4 1 0
github.com/h0rn3t/gopolars/pkg/polars/lazyframe.go:755.3,755.59 1 0
github.com/h0rn3t/gopolars/pkg/polars/lazyframe.go:756.10,757.71 1 0
github.com/h0rn3t/gopolars/pkg/polars/lazyframe.go:759.2,759.16 1 0
github.com/h0rn3t/gopolars/pkg/polars/lazyframe.go:759.16,761.3 1 0
github.com/h0rn3t/gopolars/pkg/polars/lazyframe.go:762.2,762.27 1 0
github.com/h0rn3t/gopolars/pkg/polars/lazyframe.go:762.27,764.17 2 0
github.com/h0rn3t/gopolars/pkg/polars/lazyframe.go:764.17,766.4 1 0
github.com/h0rn3t/gopolars/pkg/polars/lazyframe.go:768.2,768.29 1 0
github.com/h0rn3t/gopolars/pkg/polars/lazyframe.go:771.100,773.16 2 0
github.com/h0rn3t/gopolars/pkg/polars/lazyframe.go:773.16,775.3 1 0
github.com/h0rn3t/gopolars/pkg/polars/lazyframe.go:776.2,776.19 1 0
github.com/h0rn3t/gopolars/pkg/polars/lazyframe.go:776.19,778.3 1 0
github.com/h0rn3t/gopolars/pkg/polars/lazyframe.go:779.2,780.77 2 0
github.com/h0rn3t/gopolars/pkg/polars/lazyframe.go:780.77,781.15 1 0
github.com/h0rn3t/gopolars/pkg/polars/lazyframe.go:781.15,783.4 1 0
github.com/h0rn3t/gopolars/pkg/polars/lazyframe.go:784.3,784.16 1 0
github.com/h0rn3t/gopolars/pkg/polars/lazyframe.go:784.16,786.4 1 0
github.com/h0rn3t/gopolars/pkg/polars/lazyframe.go:787.3,787.56 1 0
github.com/h0rn3t/gopolars/pkg/polars/lazyframe.go:787.56,789.4 1 0
github.com/h0rn3t/gopolars/pkg/polars/lazyframe.go:790.3,790.13 1 0
github.com/h0rn3t/gopolars/pkg/polars/lazyframe.go:791.17,793.3 1 0
github.com/h0rn3t/gopolars/pkg/polars/lazyframe.go:794.2,794.21 1 0
github.com/h0rn3t/gopolars/pkg/polars/lazyframe.go:794.21,796.3 1 0
github.com/h0rn3t/gopolars/pkg/polars/lazyframe.go:797.2,799.26 3 0
github.com/h0rn3t/gopolars/pkg/polars/lazyframe.go:799.26,801.41 2 0
github.com/h0rn3t/gopolars/pkg/polars/lazyframe.go:801.41,802.12 1 0
github.com/h0rn3t/gopolars/pkg/polars/lazyframe.go:804.3,805.29 2 0
github.com/h0rn3t/gopolars/pkg/polars/lazyframe.go:805.29,806.46 1 0
github.com/h0rn3t/gopolars/pkg/polars/lazyframe.go:806.46,807.13 1 0
github.com/h0rn3t/gopolars/pkg/polars/lazyframe.go:809.4,809.34 1 0
github.com/h0rn3t/gopolars/pkg/polars/lazyframe.go:811.3,811.25 1 0
github.com/h0rn3t/gopolars/pkg/polars/lazyframe.go:811.25,813.4 1 0
github.com/h0rn3t/gopolars/pkg/polars/lazyframe.go:814.3,815.17 2 0
github.com/h0rn3t/gopolars/pkg/polars/lazyframe.go:815.17,817.4 1 0
github.com/h0rn3t/gopolars/pkg/polars/lazyframe.go:818.3,818.20 1 0
github.com/h0rn3t/gopolars/pkg/polars/lazyframe.go:818.20,820.18 2 0
github.com/h0rn3t/gopolars/pkg/polars/lazyframe.go:820.18,822.5 1 0
github.com/h0rn3t/gopolars/pkg/polars/lazyframe.go:824.3,824.23 1 0
github.com/h0rn3t/gopolars/pkg/polars/lazyframe.go:824.23,826.30 2 0
github.com/h0rn3t/gopolars/pkg/polars/lazyframe.go:826.30,827.49 1 0
github.com/h0rn3t/gopolars/pkg/polars/lazyframe.go:827.49,829.6 1 0
github.com/h0rn3t/gopolars/pkg/polars/lazyframe.go:831.4,831.22 1 0
github.com/h0rn3t/gopolars/pkg/polars/lazyframe.go:831.22,833.19 2 0
github.com/h0rn3t/gopolars/pkg/polars/lazyframe.go:833.19,835.6 1 0
github.com/h0rn3t/gopolars/pkg/polars/lazyframe.go:838.3,838.28 1 0
github.com/h0rn3t/gopolars/pkg/polars/lazyframe.go:840.2,840.21 1 0
github.com/h0rn3t/gopolars/pkg/polars/lazyframe.go:840.21,842.3 1 0
github.com/h0rn3t/gopolars/pkg/polars/lazyframe.go:843.2,844.21 2 0
github.com/h0rn3t/gopolars/pkg/polars/lazyframe.go:844.21,846.3 1 0
github.com/h0rn3t/gopolars/pkg/polars/lazyframe.go:847.2,847.49 1 0
github.com/h0rn3t/gopolars/pkg/polars/lazyframe.go:850.68,853.30 3 0
github.com/h0rn3t/gopolars/pkg/polars/lazyframe.go:853.30,855.3 1 0
github.com/h0rn3t/gopolars/pkg/polars/lazyframe.go:856.2,856.68 1 0
github.com/h0rn3t/gopolars/pkg/polars/lazyframe.go:856.68,858.21 2 0
github.com/h0rn3t/gopolars/pkg/polars/lazyframe.go:858.21,859.12 1 0
github.com/h0rn3t/gopolars/pkg/polars/lazyframe.go:861.3,861.25 1 0
github.com/h0rn3t/gopolars/pkg/polars/lazyframe.go:863.2,863.12 1 0
github.com/h0rn3t/gopolars/pkg/polars/lazyframe.go:866.66,868.28 2 0
github.com/h0rn3t/gopolars/pkg/polars/lazyframe.go:868.28,869.60 1 0
github.com/h0rn3t/gopolars/pkg/polars/lazyframe.go:869.60,870.12 1 0
github.com/h0rn3t/gopolars/pkg/polars/lazyframe.go:872.3,872.74 1 0
github.com/h0rn3t/gopolars/pkg/polars/lazyframe.go:872.74,874.12 2 0
github.com/h0rn3t/gopolars/pkg/polars/lazyframe.go:876.3,876.74 1 0
github.com/h0rn3t/gopolars/pkg/polars/lazyframe.go:876.74,878.4 1 0
github.com/h0rn3t/gopolars/pkg/polars/lazyframe.go:880.2,880.12 1 0
github.com/h0rn3t/gopolars/pkg/polars/lazyframe.go:883.81,884.41 1 0
github.com/h0rn3t/gopolars/pkg/polars/lazyframe.go:884.41,885.50 1 0
github.com/h0rn3t/gopolars/pkg/polars/lazyframe.go:885.50,887.4 1 0
github.com/h0rn3t/gopolars/pkg/polars/lazyframe.go:889.2,889.13 1 0
github.com/h0rn3t/gopolars/pkg/polars/lazyframe.go:892.95,894.36 2 0
github.com/h0rn3t/gopolars/pkg/polars/lazyframe.go:894.36,896.3 1 0
github.com/h0rn3t/gopolars/pkg/polars/lazyframe.go:897.2,898.36 2 0
github.com/h0rn3t/gopolars/pkg/polars/lazyframe.go:898.36,901.3 2 0
github.com/h0rn3t/gopolars/pkg/polars/lazyframe.go:902.2,902.31 1 0
github.com/h0rn3t/gopolars/pkg/polars/lazyframe.go:902.31,903.33 1 0
github.com/h0rn3t/gopolars/pkg/polars/lazyframe.go:903.33,904.12 1 0
github.com/h0rn3t/gopolars/pkg/polars/lazyframe.go:906.3,907.25 2 0
github.com/h0rn3t/gopolars/pkg/polars/lazyframe.go:907.25,909.4 1 0
github.com/h0rn3t/gopolars/pkg/polars/lazyframe.go:910.3,911.17 2 0
github.com/h0rn3t/gopolars/pkg/polars/lazyframe.go:911.17,913.4 1 0
github.com/h0rn3t/gopolars/pkg/polars/lazyframe.go:914.3,914.23 1 0
github.com/h0rn3t/gopolars/pkg/polars/lazyframe.go:916.2,916.47 1 0
github.com/h0rn3t/gopolars/pkg/polars/lazyframe.go:919.56,920.33 1 0
github.com/h0rn3t/gopolars/pkg/polars/lazyframe.go:920.33,921.18 1 0
github.com/h0rn3t/gopolars/pkg/polars/lazyframe.go:921.18,923.4 1 0
github.com/h0rn3t/gopolars/pkg/polars/lazyframe.go:925.2,925.14 1 0
github.com/h0rn3t/gopolars/pkg/polars/lazyframe.go:928.54,930.26 2 0
github.com/h0rn3t/gopolars/pkg/polars/lazyframe.go:930.26,931.17 1 0
github.com/h0rn3t/gopolars/pkg/polars/lazyframe.go:932.49,933.30 1 0
github.com/h0rn3t/gopolars/pkg/polars/lazyframe.go:933.30,934.33 1 0
github.com/h0rn3t/gopolars/pkg/polars/lazyframe.go:934.33,936.6 1 0
github.com/h0rn3t/gopolars/pkg/polars/lazyframe.go:938.27,939.25 1 0
github.com/h0rn3t/gopolars/pkg/polars/lazyframe.go:939.25,940.13 1 0
github.com/h0rn3t/gopolars/pkg/polars/lazyframe.go:942.4,942.53 1 0
github.com/h0rn3t/gopolars/pkg/polars/lazyframe.go:942.53,944.5 1 0
github.com/h0rn3t/gopolars/pkg/polars/lazyframe.go:945.109,946.32 1 0
github.com/h0rn3t/gopolars/pkg/polars/lazyframe.go:946.32,948.5 1 0
github.com/h0rn3t/gopolars/pkg/polars/lazyframe.go:949.49,950.32 1 0
github.com/h0rn3t/gopolars/pkg/polars/lazyframe.go:950.32,952.5 1 0
github.com/h0rn3t/gopolars/pkg/polars/lazyframe.go:953.44,954.32 1 0
github.com/h0rn3t/gopolars/pkg/polars/lazyframe.go:954.32,956.5 1 0
github.com/h0rn3t/gopolars/pkg/polars/lazyframe.go:957.28,959.17 2 0
github.com/h0rn3t/gopolars/pkg/polars/lazyframe.go:959.17,961.5 1 0
github.com/h0rn3t/gopolars/pkg/polars/lazyframe.go:962.4,962.31 1 0
github.com/h0rn3t/gopolars/pkg/polars/lazyframe.go:962.31,964.16 2 0
github.com/h0rn3t/gopolars/pkg/polars/lazyframe.go:964.16,965.14 1 0
github.com/h0rn3t/gopolars/pkg/polars/lazyframe.go:967.5,967.29 1 0
github.com/h0rn3t/gopolars/pkg/polars/lazyframe.go:969.28,970.48 1 0
github.com/h0rn3t/gopolars/pkg/polars/lazyframe.go:970.48,972.5 1 0
github.com/h0rn3t/gopolars/pkg/polars/lazyframe.go:973.4,973.30 1 0
github.com/h0rn3t/gopolars/pkg/polars/lazyframe.go:973.30,974.45 1 0
github.com/h0rn3t/gopolars/pkg/polars/lazyframe.go:974.45,976.6 1 0
github.com/h0rn3t/gopolars/pkg/polars/lazyframe.go:978.27,979.32 1 0
github.com/h0rn3t/gopolars/pkg/polars/lazyframe.go:979.32,980.37 1 0
github.com/h0rn3t/gopolars/pkg/polars/lazyframe.go:980.37,982.6 1 0
github.com/h0rn3t/gopolars/pkg/polars/lazyframe.go:983.5,983.33 1 0
github.com/h0rn3t/gopolars/pkg/polars/lazyframe.go:983.33,985.6 1 0
github.com/h0rn3t/gopolars/pkg/polars/lazyframe.go:986.5,986.42 1 0
github.com/h0rn3t/gopolars/pkg/polars/lazyframe.go:986.42,988.6 1 0
github.com/h0rn3t/gopolars/pkg/polars/lazyframe.go:992.2,992.24 1 0
github.com/h0rn3t/gopolars/pkg/polars/lazyframe.go:992.24,994.3 1 0
github.com/h0rn3t/gopolars/pkg/polars/lazyframe.go:995.2,996.26 2 0
github.com/h0rn3t/gopolars/pkg/polars/lazyframe.go:996.26,998.3 1 0
github.com/h0rn3t/gopolars/pkg/polars/lazyframe.go:999.2,999.12 1 0
github.com/h0rn3t/gopolars/pkg/polars/lazyframe.go:1002.47,1005.27 3 0
github.com/h0rn3t/gopolars/pkg/polars/lazyframe.go:1005.27,1006.31 1 0
github.com/h0rn3t/gopolars/pkg/polars/lazyframe.go:1006.31,1008.4 1 0
github.com/h0rn3t/gopolars/pkg/polars/lazyframe.go:1009.3,1009.22 1 0
github.com/h0rn3t/gopolars/pkg/polars/lazyframe.go:1009.22,1011.4 1 0
github.com/h0rn3t/gopolars/pkg/polars/lazyframe.go:1012.3,1012.23 1 0
github.com/h0rn3t/gopolars/pkg/polars/lazyframe.go:1012.23,1014.4 1 0
github.com/h0rn3t/gopolars/pkg/polars/lazyframe.go:1015.3,1015.24 1 0
github.com/h0rn3t/gopolars/pkg/polars/lazyframe.go:1015.24,1017.4 1 0
github.com/h0rn3t/gopolars/pkg/polars/lazyframe.go:1018.3,1018.23 1 0
github.com/h0rn3t/gopolars/pkg/polars/lazyframe.go:1018.23,1020.4 1 0
github.com/h0rn3t/gopolars/pkg/polars/lazyframe.go:1022.2,1024.21 3 0
github.com/h0rn3t/gopolars/pkg/polars/lazyframe.go:1024.21,1026.3 1 0
github.com/h0rn3t/gopolars/pkg/polars/lazyframe.go:1027.2,1027.15 1 0
github.com/h0rn3t/gopolars/pkg/polars/lazyframe.go:1030.79,1033.26 3 0
github.com/h0rn3t/gopolars/pkg/polars/lazyframe.go:1033.26,1034.56 1 0
github.com/h0rn3t/gopolars/pkg/polars/lazyframe.go:1034.56,1036.12 2 0
github.com/h0rn3t/gopolars/pkg/polars/lazyframe.go:1038.3,1038.35 1 0
github.com/h0rn3t/gopolars/pkg/polars/lazyframe.go:1038.35,1040.12 2 0
github.com/h0rn3t/gopolars/pkg/polars/lazyframe.go:1042.3,1042.35 1 0
github.com/h0rn3t/gopolars/pkg/polars/lazyframe.go:1044.2,1044.26 1 0
github.com/h0rn3t/gopolars/pkg/polars/lazyframe.go:1047.41,1048.30 1 0
github.com/h0rn3t/gopolars/pkg/polars/lazyframe.go:1048.30,1050.3 1 0
github.com/h0rn3t/gopolars/pkg/polars/lazyframe.go:1051.2,1051.16 1 0
github.com/h0rn3t/gopolars/pkg/polars/lazyframe.go:1052.49,1052.49 0 0
github.com/h0rn3t/gopolars/pkg/polars/lazyframe.go:1053.10,1054.15 1 0
github.com/h0rn3t/gopolars/pkg/polars/lazyframe.go:1056.2,1056.60 1 0
github.com/h0rn3t/gopolars/pkg/polars/lazyframe.go:1056.60,1058.3 1 0
github.com/h0rn3t/gopolars/pkg/polars/lazyframe.go:1059.2,1059.41 1 0
github.com/h0rn3t/gopolars/pkg/polars/lazyframe.go:1059.41,1061.3 1 0
github.com/h0rn3t/gopolars/pkg/polars/lazyframe.go:1062.2,1064.43 3 0
github.com/h0rn3t/gopolars/pkg/polars/lazyframe.go:1072.51,1080.2 3 0
github.com/h0rn3t/gopolars/pkg/polars/lazyframe.go:1082.47,1085.26 3 0
github.com/h0rn3t/gopolars/pkg/polars/lazyframe.go:1085.26,1087.3 1 0
github.com/h0rn3t/gopolars/pkg/polars/lazyframe.go:1088.2,1088.34 1 0
github.com/h0rn3t/gopolars/pkg/polars/python_interop.go:13.45,14.15 1 0
github.com/h0rn3t/gopolars/pkg/polars/python_interop.go:14.15,16.3 1 0
github.com/h0rn3t/gopolars/pkg/polars/python_interop.go:17.2,17.21 1 0
github.com/h0rn3t/gopolars/pkg/polars/python_interop.go:21.36,22.14 1 0
github.com/h0rn3t/gopolars/pkg/polars/python_interop.go:22.14,24.3 1 0
github.com/h0rn3t/gopolars/pkg/polars/python_interop.go:25.2,25.20 1 0
github.com/h0rn3t/gopolars/pkg/polars/python_interop.go:29.64,30.15 1 0
github.com/h0rn3t/gopolars/pkg/polars/python_interop.go:30.15,32.3 1 0
github.com/h0rn3t/gopolars/pkg/polars/python_interop.go:33.2,33.35 1 0
github.com/h0rn3t/gopolars/pkg/polars/python_interop.go:37.57,38.14 1 0
github.com/h0rn3t/gopolars/pkg/polars/python_interop.go:38.14,40.3 1 0
github.com/h0rn3t/gopolars/pkg/polars/python_interop.go:41.2,41.20 1 0
github.com/h0rn3t/gopolars/pkg/polars/python_interop.go:45.53,47.2 1 0
github.com/h0rn3t/gopolars/pkg/polars/series.go:29.54,31.16 2 0
github.com/h0rn3t/gopolars/pkg/polars/series.go:31.16,33.3 1 0
github.com/h0rn3t/gopolars/pkg/polars/series.go:34.2,34.36 1 0
github.com/h0rn3t/gopolars/pkg/polars/series.go:37.50,39.2 1 0
github.com/h0rn3t/gopolars/pkg/polars/series.go:41.57,43.9 2 0
github.com/h0rn3t/gopolars/pkg/polars/series.go:43.9,45.3 1 0
github.com/h0rn3t/gopolars/pkg/polars/series.go:46.2,46.21 1 0
github.com/h0rn3t/gopolars/pkg/polars/series.go:49.37,51.2 1 0
github.com/h0rn3t/gopolars/pkg/polars/series.go:53.50,55.2 1 0
github.com/h0rn3t/gopolars/pkg/polars/series.go:57.33,59.2 1 0
github.com/h0rn3t/gopolars/pkg/polars/series.go:61.40,63.2 1 0
github.com/h0rn3t/gopolars/pkg/polars/series.go:65.38,67.37 2 0
github.com/h0rn3t/gopolars/pkg/polars/series.go:67.37,69.3 1 0
github.com/h0rn3t/gopolars/pkg/polars/series.go:70.2,70.15 1 0
github.com/h0rn3t/gopolars/pkg/polars/series.go:73.39,75.37 2 0
github.com/h0rn3t/gopolars/pkg/polars/series.go:75.37,76.24 1 0
github.com/h0rn3t/gopolars/pkg/polars/series.go:76.24,78.4 1 0
github.com/h0rn3t/gopolars/pkg/polars/series.go:80.2,80.14 1 0
github.com/h0rn3t/gopolars/pkg/polars/series.go:83.39,85.37 2 0
github.com/h0rn3t/gopolars/pkg/polars/series.go:85.37,87.3 1 0
github.com/h0rn3t/gopolars/pkg/polars/series.go:88.2,89.33 2 0
github.com/h0rn3t/gopolars/pkg/polars/series.go:92.42,94.37 2 0
github.com/h0rn3t/gopolars/pkg/polars/series.go:94.37,96.3 1 0
github.com/h0rn3t/gopolars/pkg/polars/series.go:97.2,98.33 2 0
github.com/h0rn3t/gopolars/pkg/polars/series.go:101.59,103.37 2 0
github.com/h0rn3t/gopolars/pkg/polars/series.go:103.37,104.24 1 0
github.com/h0rn3t/gopolars/pkg/polars/series.go:104.24,106.4 1 0
github.com/h0rn3t/gopolars/pkg/polars/series.go:106.9,108.4 1 0
github.com/h0rn3t/gopolars/pkg/polars/series.go:110.2,111.16 2 0
github.com/h0rn3t/gopolars/pkg/polars/series.go:111.16,113.3 1 0
github.com/h0rn3t/gopolars/pkg/polars/series.go:114.2,114.38 1 0
github.com/h0rn3t/gopolars/pkg/polars/series.go:117.62,119.37 2 0
github.com/h0rn3t/gopolars/pkg/polars/series.go:119.37,121.48 2 0
github.com/h0rn3t/gopolars/pkg/polars/series.go:121.48,123.12 2 0
github.com/h0rn3t/gopolars/pkg/polars/series.go:125.3,125.16 1 0
github.com/h0rn3t/gopolars/pkg/polars/series.go:127.2,128.16 2 0
github.com/h0rn3t/gopolars/pkg/polars/series.go:128.16,130.3 1 0
github.com/h0rn3t/gopolars/pkg/polars/series.go:131.2,131.38 1 0
github.com/h0rn3t/gopolars/pkg/polars/series.go:134.41,136.37 2 0
github.com/h0rn3t/gopolars/pkg/polars/series.go:136.37,138.48 2 0
github.com/h0rn3t/gopolars/pkg/polars/series.go:138.48,139.12 1 0
github.com/h0rn3t/gopolars/pkg/polars/series.go:141.3,141.29 1 0
github.com/h0rn3t/gopolars/pkg/polars/series.go:143.2,144.33 2 0
github.com/h0rn3t/gopolars/pkg/polars/series.go:147.42,149.37 2 0
github.com/h0rn3t/gopolars/pkg/polars/series.go:149.37,150.24 1 0
github.com/h0rn3t/gopolars/pkg/polars/series.go:150.24,151.12 1 0
github.com/h0rn3t/gopolars/pkg/polars/series.go:153.3,153.44 1 0
github.com/h0rn3t/gopolars/pkg/polars/series.go:155.2,156.33 2 0
github.com/h0rn3t/gopolars/pkg/polars/series.go:159.54,161.2 1 0
github.com/h0rn3t/gopolars/pkg/polars/series.go:163.53,165.2 1 0
github.com/h0rn3t/gopolars/pkg/polars/series.go:167.53,169.2 1 0
github.com/h0rn3t/gopolars/pkg/polars/series.go:171.53,173.2 1 0
github.com/h0rn3t/gopolars/pkg/polars/series.go:175.53,177.2 1 0
github.com/h0rn3t/gopolars/pkg/polars/series.go:179.53,181.2 1 0
github.com/h0rn3t/gopolars/pkg/polars/series.go:183.56,185.2 1 0
github.com/h0rn3t/gopolars/pkg/polars/series.go:187.69,189.2 1 0
github.com/h0rn3t/gopolars/pkg/polars/series.go:191.36,193.2 1 0
github.com/h0rn3t/gopolars/pkg/polars/series.go:195.36,197.2 1 0
github.com/h0rn3t/gopolars/pkg/polars/series.go:199.36,201.2 1 0
github.com/h0rn3t/gopolars/pkg/polars/series.go:203.37,205.2 1 0
github.com/h0rn3t/gopolars/pkg/polars/series.go:207.36,209.2 1 0
github.com/h0rn3t/gopolars/pkg/polars/series.go:211.36,213.2 1 0
github.com/h0rn3t/gopolars/pkg/polars/series.go:215.36,217.2 1 0
github.com/h0rn3t/gopolars/pkg/polars/series.go:219.37,221.2 1 0
github.com/h0rn3t/gopolars/pkg/polars/series.go:223.37,225.2 1 0
github.com/h0rn3t/gopolars/pkg/polars/series.go:227.37,229.2 1 0
github.com/h0rn3t/gopolars/pkg/polars/series.go:231.39,233.2 1 0
github.com/h0rn3t/gopolars/pkg/polars/series.go:235.39,237.2 1 0
github.com/h0rn3t/gopolars/pkg/polars/series.go:239.39,241.2 1 0
github.com/h0rn3t/gopolars/pkg/polars/series.go:243.40,245.2 1 0
github.com/h0rn3t/gopolars/pkg/polars/series.go:247.40,249.2 1 0
github.com/h0rn3t/gopolars/pkg/polars/series.go:251.40,253.2 1 0
github.com/h0rn3t/gopolars/pkg/polars/series.go:255.37,257.2 1 0
github.com/h0rn3t/gopolars/pkg/polars/series.go:259.37,261.2 1 0
github.com/h0rn3t/gopolars/pkg/polars/series.go:263.38,265.2 1 0
github.com/h0rn3t/gopolars/pkg/polars/series.go:267.40,269.2 1 0
github.com/h0rn3t/gopolars/pkg/polars/series.go:271.37,273.2 1 0
github.com/h0rn3t/gopolars/pkg/polars/series.go:275.38,277.2 1 0
github.com/h0rn3t/gopolars/pkg/polars/series.go:279.38,281.2 1 0
github.com/h0rn3t/gopolars/pkg/polars/series.go:283.38,285.2 1 0
github.com/h0rn3t/gopolars/pkg/polars/series.go:287.49,289.31 2 0
github.com/h0rn3t/gopolars/pkg/polars/series.go:289.31,291.15 2 0
github.com/h0rn3t/gopolars/pkg/polars/series.go:291.15,293.12 2 0
github.com/h0rn3t/gopolars/pkg/polars/series.go:295.3,296.10 2 0
github.com/h0rn3t/gopolars/pkg/polars/series.go:296.10,298.12 2 0
github.com/h0rn3t/gopolars/pkg/polars/series.go:300.3,300.33 1 0
github.com/h0rn3t/gopolars/pkg/polars/series.go:302.2,303.33 2 0
github.com/h0rn3t/gopolars/pkg/polars/series.go:306.49,308.31 2 0
github.com/h0rn3t/gopolars/pkg/polars/series.go:308.31,310.32 2 0
github.com/h0rn3t/gopolars/pkg/polars/series.go:310.32,312.4 1 0
github.com/h0rn3t/gopolars/pkg/polars/series.go:314.2,315.33 2 0
github.com/h0rn3t/gopolars/pkg/polars/series.go:318.40,320.31 2 0
github.com/h0rn3t/gopolars/pkg/polars/series.go:320.31,322.3 1 0
github.com/h0rn3t/gopolars/pkg/polars/series.go:323.2,324.33 2 0
github.com/h0rn3t/gopolars/pkg/polars/series.go:327.37,330.2 2 0
github.com/h0rn3t/gopolars/pkg/polars/series.go:332.37,334.19 2 0
github.com/h0rn3t/gopolars/pkg/polars/series.go:334.19,336.3 1 0
github.com/h0rn3t/gopolars/pkg/polars/series.go:337.2,339.25 3 0
github.com/h0rn3t/gopolars/pkg/polars/series.go:339.25,342.3 2 0
github.com/h0rn3t/gopolars/pkg/polars/series.go:343.2,343.48 1 0
github.com/h0rn3t/gopolars/pkg/polars/series.go:346.37,349.2 2 0
github.com/h0rn3t/gopolars/pkg/polars/series.go:351.37,354.2 2 0
github.com/h0rn3t/gopolars/pkg/polars/series.go:356.38,358.20 2 0
github.com/h0rn3t/gopolars/pkg/polars/series.go:358.20,360.3 1 0
github.com/h0rn3t/gopolars/pkg/polars/series.go:361.2,361.29 1 0
github.com/h0rn3t/gopolars/pkg/polars/series.go:364.40,366.20 2 0
github.com/h0rn3t/gopolars/pkg/polars/series.go:366.20,368.3 1 0
github.com/h0rn3t/gopolars/pkg/polars/series.go:369.2,371.22 3 0
github.com/h0rn3t/gopolars/pkg/polars/series.go:371.22,373.3 1 0
github.com/h0rn3t/gopolars/pkg/polars/series.go:374.2,374.18 1 0
github.com/h0rn3t/gopolars/pkg/polars/series.go:377.37,379.19 2 0
github.com/h0rn3t/gopolars/pkg/polars/series.go:379.19,381.3 1 0
github.com/h0rn3t/gopolars/pkg/polars/series.go:382.2,384.25 3 0
github.com/h0rn3t/gopolars/pkg/polars/series.go:384.25,387.3 2 0
github.com/h0rn3t/gopolars/pkg/polars/series.go:388.2,388.37 1 0
github.com/h0rn3t/gopolars/pkg/polars/series.go:391.37,393.31 2 0
github.com/h0rn3t/gopolars/pkg/polars/series.go:393.31,395.15 2 0
github.com/h0rn3t/gopolars/pkg/polars/series.go:395.15,396.12 1 0
github.com/h0rn3t/gopolars/pkg/polars/series.go:398.3,398.33 1 0
github.com/h0rn3t/gopolars/pkg/polars/series.go:400.2,400.18 1 0
github.com/h0rn3t/gopolars/pkg/polars/series.go:403.34,409.31 6 0
github.com/h0rn3t/gopolars/pkg/polars/series.go:409.31,411.15 2 0
github.com/h0rn3t/gopolars/pkg/polars/series.go:411.15,412.12 1 0
github.com/h0rn3t/gopolars/pkg/polars/series.go:414.3,415.32 2 0
github.com/h0rn3t/gopolars/pkg/polars/series.go:415.32,418.4 2 0
github.com/h0rn3t/gopolars/pkg/polars/series.go:419.3,420.30 2 0
github.com/h0rn3t/gopolars/pkg/polars/series.go:420.30,423.4 2 0
github.com/h0rn3t/gopolars/pkg/polars/series.go:425.2,425.37 1 0
github.com/h0rn3t/gopolars/pkg/polars/series.go:425.37,427.3 1 0
github.com/h0rn3t/gopolars/pkg/polars/series.go:428.2,428.24 1 0
github.com/h0rn3t/gopolars/pkg/polars/series.go:431.42,433.19 2 0
github.com/h0rn3t/gopolars/pkg/polars/series.go:433.19,435.3 1 0
github.com/h0rn3t/gopolars/pkg/polars/series.go:436.2,439.25 4 0
github.com/h0rn3t/gopolars/pkg/polars/series.go:439.25,444.3 4 0
github.com/h0rn3t/gopolars/pkg/polars/series.go:445.2,446.13 2 0
github.com/h0rn3t/gopolars/pkg/polars/series.go:446.13,448.3 1 0
github.com/h0rn3t/gopolars/pkg/polars/series.go:449.2,450.23 2 0
github.com/h0rn3t/gopolars/pkg/polars/series.go:453.38,455.19 2 0
github.com/h0rn3t/gopolars/pkg/polars/series.go:455.19,457.3 1 0
github.com/h0rn3t/gopolars/pkg/polars/series.go:458.2,461.25 4 0
github.com/h0rn3t/gopolars/pkg/polars/series.go:461.25,466.3 4 0
github.com/h0rn3t/gopolars/pkg/polars/series.go:467.2,468.13 2 0
github.com/h0rn3t/gopolars/pkg/polars/series.go:468.13,470.3 1 0
github.com/h0rn3t/gopolars/pkg/polars/series.go:471.2,472.31 2 0
github.com/h0rn3t/gopolars/pkg/polars/series.go:475.51,477.20 2 0
github.com/h0rn3t/gopolars/pkg/polars/series.go:477.20,479.3 1 0
github.com/h0rn3t/gopolars/pkg/polars/series.go:480.2,480.11 1 0
github.com/h0rn3t/gopolars/pkg/polars/series.go:480.11,482.3 1 0
github.com/h0rn3t/gopolars/pkg/polars/series.go:483.2,483.11 1 0
github.com/h0rn3t/gopolars/pkg/polars/series.go:483.11,485.3 1 0
github.com/h0rn3t/gopolars/pkg/polars/series.go:486.2,487.20 2 0
github.com/h0rn3t/gopolars/pkg/polars/series.go:487.20,489.3 1 0
github.com/h0rn3t/gopolars/pkg/polars/series.go:490.2,493.20 4 0
github.com/h0rn3t/gopolars/pkg/polars/series.go:493.20,495.3 1 0
github.com/h0rn3t/gopolars/pkg/polars/series.go:496.2,497.52 2 0
github.com/h0rn3t/gopolars/pkg/polars/series.go:500.41,502.20 2 0
github.com/h0rn3t/gopolars/pkg/polars/series.go:502.20,504.3 1 0
github.com/h0rn3t/gopolars/pkg/polars/series.go:505.2,506.25 2 0
github.com/h0rn3t/gopolars/pkg/polars/series.go:506.25,508.3 1 0
github.com/h0rn3t/gopolars/pkg/polars/series.go:509.2,509.16 1 0
github.com/h0rn3t/gopolars/pkg/polars/series.go:512.40,514.2 1 0
github.com/h0rn3t/gopolars/pkg/polars/series.go:516.40,518.2 1 0
github.com/h0rn3t/gopolars/pkg/polars/series.go:520.49,522.2 1 0
github.com/h0rn3t/gopolars/pkg/polars/series.go:524.38,526.2 1 0
github.com/h0rn3t/gopolars/pkg/polars/series.go:528.38,531.2 2 0
github.com/h0rn3t/gopolars/pkg/polars/series.go:533.42,535.2 1 0
github.com/h0rn3t/gopolars/pkg/polars/series.go:537.42,538.18 1 0
github.com/h0rn3t/gopolars/pkg/polars/series.go:538.18,540.3 1 0
github.com/h0rn3t/gopolars/pkg/polars/series.go:541.2,541.12 1 0
github.com/h0rn3t/gopolars/pkg/polars/series.go:541.12,543.3 1 0
github.com/h0rn3t/gopolars/pkg/polars/series.go:544.2,544.30 1 0
github.com/h0rn3t/gopolars/pkg/polars/series.go:547.43,549.2 1 0
github.com/h0rn3t/gopolars/pkg/polars/series.go:551.60,552.33 1 0
github.com/h0rn3t/gopolars/pkg/polars/series.go:552.33,554.3 1 0
github.com/h0rn3t/gopolars/pkg/polars/series.go:555.2,555.16 1 0
github.com/h0rn3t/gopolars/pkg/polars/series.go:555.16,557.3 1 0
github.com/h0rn3t/gopolars/pkg/polars/series.go:558.2,558.16 1 0
github.com/h0rn3t/gopolars/pkg/polars/series.go:558.16,560.3 1 0
github.com/h0rn3t/gopolars/pkg/polars/series.go:561.2,561.23 1 0
github.com/h0rn3t/gopolars/pkg/polars/series.go:561.23,563.3 1 0
github.com/h0rn3t/gopolars/pkg/polars/series.go:564.2,565.19 2 0
github.com/h0rn3t/gopolars/pkg/polars/series.go:565.19,567.3 1 0
github.com/h0rn3t/gopolars/pkg/polars/series.go:568.2,569.32 2 0
github.com/h0rn3t/gopolars/pkg/polars/series.go:569.32,571.3 1 0
github.com/h0rn3t/gopolars/pkg/polars/series.go:572.2,573.33 2 0
github.com/h0rn3t/gopolars/pkg/polars/series.go:576.52,578.25 2 0
github.com/h0rn3t/gopolars/pkg/polars/series.go:578.25,580.3 1 0
github.com/h0rn3t/gopolars/pkg/polars/series.go:581.2,581.52 1 0
github.com/h0rn3t/gopolars/pkg/polars/series.go:581.52,585.17 4 0
github.com/h0rn3t/gopolars/pkg/polars/series.go:585.17,587.4 1 0
github.com/h0rn3t/gopolars/pkg/polars/series.go:588.3,588.17 1 0
github.com/h0rn3t/gopolars/pkg/polars/series.go:590.2,590.26 1 0
github.com/h0rn3t/gopolars/pkg/polars/series.go:593.39,596.31 3 0
github.com/h0rn3t/gopolars/pkg/polars/series.go:596.31,599.29 3 0
github.com/h0rn3t/gopolars/pkg/polars/series.go:599.29,600.12 1 0
github.com/h0rn3t/gopolars/pkg/polars/series.go:602.3,603.29 2 0
github.com/h0rn3t/gopolars/pkg/polars/series.go:605.2,606.33 2 0
github.com/h0rn3t/gopolars/pkg/polars/series.go:609.40,611.25 2 0
github.com/h0rn3t/gopolars/pkg/polars/series.go:611.25,613.3 1 0
github.com/h0rn3t/gopolars/pkg/polars/series.go:614.2,614.52 1 0
github.com/h0rn3t/gopolars/pkg/polars/series.go:614.52,616.3 1 0
github.com/h0rn3t/gopolars/pkg/polars/series.go:617.2,617.60 1 0
github.com/h0rn3t/gopolars/pkg/polars/series.go:620.36,621.18 1 0
github.com/h0rn3t/gopolars/pkg/polars/series.go:621.18,623.3 1 0
github.com/h0rn3t/gopolars/pkg/polars/series.go:624.2,626.31 3 0
github.com/h0rn3t/gopolars/pkg/polars/series.go:626.31,628.15 2 0
github.com/h0rn3t/gopolars/pkg/polars/series.go:628.15,629.12 1 0
github.com/h0rn3t/gopolars/pkg/polars/series.go:631.3,631.58 1 0
github.com/h0rn3t/gopolars/pkg/polars/series.go:631.58,634.4 2 0
github.com/h0rn3t/gopolars/pkg/polars/series.go:636.2,636.16 1 0
github.com/h0rn3t/gopolars/pkg/polars/series.go:639.36,640.18 1 0
github.com/h0rn3t/gopolars/pkg/polars/series.go:640.18,642.3 1 0
github.com/h0rn3t/gopolars/pkg/polars/series.go:643.2,645.31 3 0
github.com/h0rn3t/gopolars/pkg/polars/series.go:645.31,647.15 2 0
github.com/h0rn3t/gopolars/pkg/polars/series.go:647.15,648.12 1 0
github.com/h0rn3t/gopolars/pkg/polars/series.go:650.3,650.58 1 0
github.com/h0rn3t/gopolars/pkg/polars/series.go:650.58,653.4 2 0
github.com/h0rn3t/gopolars/pkg/polars/series.go:655.2,655.16 1 0
github.com/h0rn3t/gopolars/pkg/polars/series.go:658.42,661.31 3 0
github.com/h0rn3t/gopolars/pkg/polars/series.go:661.31,663.29 2 0
github.com/h0rn3t/gopolars/pkg/polars/series.go:663.29,664.12 1 0
github.com/h0rn3t/gopolars/pkg/polars/series.go:666.3,667.31 2 0
github.com/h0rn3t/gopolars/pkg/polars/series.go:669.2,669.62 1 0
github.com/h0rn3t/gopolars/pkg/polars/series.go:672.40,674.31 2 0
github.com/h0rn3t/gopolars/pkg/polars/series.go:674.31,675.48 1 0
github.com/h0rn3t/gopolars/pkg/polars/series.go:675.48,677.4 1 0
github.com/h0rn3t/gopolars/pkg/polars/series.go:679.2,679.60 1 0
github.com/h0rn3t/gopolars/pkg/polars/series.go:682.52,684.30 2 0
github.com/h0rn3t/gopolars/pkg/polars/series.go:684.30,685.32 1 0
github.com/h0rn3t/gopolars/pkg/polars/series.go:685.32,686.12 1 0
github.com/h0rn3t/gopolars/pkg/polars/series.go:688.3,688.40 1 0
github.com/h0rn3t/gopolars/pkg/polars/series.go:690.2,691.33 2 0
github.com/h0rn3t/gopolars/pkg/polars/series.go:694.52,695.15 1 0
github.com/h0rn3t/gopolars/pkg/polars/series.go:695.15,697.3 1 0
github.com/h0rn3t/gopolars/pkg/polars/series.go:698.2,699.37 2 0
github.com/h0rn3t/gopolars/pkg/polars/series.go:699.37,701.3 1 0
github.com/h0rn3t/gopolars/pkg/polars/series.go:702.2,702.26 1 0
github.com/h0rn3t/gopolars/pkg/polars/series.go:705.56,706.28 1 0
github.com/h0rn3t/gopolars/pkg/polars/series.go:706.28,708.3 1 0
github.com/h0rn3t/gopolars/pkg/polars/series.go:709.2,709.17 1 0
github.com/h0rn3t/gopolars/pkg/polars/series.go:709.17,711.3 1 0
github.com/h0rn3t/gopolars/pkg/polars/series.go:712.2,714.26 3 0
github.com/h0rn3t/gopolars/pkg/polars/series.go:717.50,718.18 1 0
github.com/h0rn3t/gopolars/pkg/polars/series.go:718.18,720.3 1 0
github.com/h0rn3t/gopolars/pkg/polars/series.go:721.2,723.26 3 0
github.com/h0rn3t/gopolars/pkg/polars/series.go:726.40,728.2 1 0
github.com/h0rn3t/gopolars/pkg/polars/series.go:730.44,732.2 1 0
github.com/h0rn3t/gopolars/pkg/polars/series.go:734.38,736.2 1 0
github.com/h0rn3t/gopolars/pkg/polars/series.go:738.38,740.2 1 0
github.com/h0rn3t/gopolars/pkg/polars/series.go:742.39,743.31 1 0
github.com/h0rn3t/gopolars/pkg/polars/series.go:743.31,744.58 1 0
github.com/h0rn3t/gopolars/pkg/polars/series.go:744.58,746.4 1 0
github.com/h0rn3t/gopolars/pkg/polars/series.go:748.2,748.13 1 0
github.com/h0rn3t/gopolars/pkg/polars/series.go:751.39,753.2 1 0
github.com/h0rn3t/gopolars/pkg/polars/series.go:755.42,757.2 1 0
github.com/h0rn3t/gopolars/pkg/polars/series.go:759.37,761.2 1 0
github.com/h0rn3t/gopolars/pkg/polars/series.go:763.44,765.2 1 0
github.com/h0rn3t/gopolars/pkg/polars/series.go:767.34,768.31 1 0
github.com/h0rn3t/gopolars/pkg/polars/series.go:768.31,770.19 2 0
github.com/h0rn3t/gopolars/pkg/polars/series.go:770.19,772.4 1 0
github.com/h0rn3t/gopolars/pkg/polars/series.go:774.2,774.20 1 0
github.com/h0rn3t/gopolars/pkg/polars/series.go:777.34,778.31 1 0
github.com/h0rn3t/gopolars/pkg/polars/series.go:778.31,779.48 1 0
github.com/h0rn3t/gopolars/pkg/polars/series.go:779.48,781.4 1 0
github.com/h0rn3t/gopolars/pkg/polars/series.go:783.2,783.14 1 0
github.com/h0rn3t/gopolars/pkg/polars/series.go:786.37,788.31 2 0
github.com/h0rn3t/gopolars/pkg/polars/series.go:788.31,789.40 1 0
github.com/h0rn3t/gopolars/pkg/polars/series.go:789.40,791.4 1 0
github.com/h0rn3t/gopolars/pkg/polars/series.go:793.2,794.33 2 0
github.com/h0rn3t/gopolars/pkg/polars/series.go:797.38,798.39 1 0
github.com/h0rn3t/gopolars/pkg/polars/series.go:798.39,801.3 2 0
github.com/h0rn3t/gopolars/pkg/polars/series.go:804.41,805.39 1 0
github.com/h0rn3t/gopolars/pkg/polars/series.go:805.39,808.3 2 0
github.com/h0rn3t/gopolars/pkg/polars/series.go:811.41,812.39 1 0
github.com/h0rn3t/gopolars/pkg/polars/series.go:812.39,815.3 2 0
github.com/h0rn3t/gopolars/pkg/polars/series.go:818.43,819.39 1 0
github.com/h0rn3t/gopolars/pkg/polars/series.go:819.39,822.3 2 0
github.com/h0rn3t/gopolars/pkg/polars/series.go:825.45,827.39 2 0
github.com/h0rn3t/gopolars/pkg/polars/series.go:827.39,829.3 1 0
github.com/h0rn3t/gopolars/pkg/polars/series.go:832.41,834.39 2 0
github.com/h0rn3t/gopolars/pkg/polars/series.go:834.39,836.3 1 0
github.com/h0rn3t/gopolars/pkg/polars/series.go:839.48,842.31 3 0
github.com/h0rn3t/gopolars/pkg/polars/series.go:842.31,847.3 4 0
github.com/h0rn3t/gopolars/pkg/polars/series.go:848.2,849.33 2 0
github.com/h0rn3t/gopolars/pkg/polars/series.go:852.47,855.36 3 0
github.com/h0rn3t/gopolars/pkg/polars/series.go:855.36,860.3 4 0
github.com/h0rn3t/gopolars/pkg/polars/series.go:861.2,862.33 2 0
github.com/h0rn3t/gopolars/pkg/polars/series.go:865.70,867.31 2 0
github.com/h0rn3t/gopolars/pkg/polars/series.go:867.31,870.3 2 0
github.com/h0rn3t/gopolars/pkg/polars/series.go:871.2,872.33 2 0
github.com/h0rn3t/gopolars/pkg/polars/series.go:875.61,876.28 1 0
github.com/h0rn3t/gopolars/pkg/polars/series.go:876.28,878.3 1 0
github.com/h0rn3t/gopolars/pkg/polars/series.go:879.2,880.31 2 0
github.com/h0rn3t/gopolars/pkg/polars/series.go:880.31,884.3 3 0
github.com/h0rn3t/gopolars/pkg/polars/series.go:885.2,886.16 2 0
github.com/h0rn3t/gopolars/pkg/polars/series.go:886.16,888.3 1 0
github.com/h0rn3t/gopolars/pkg/polars/series.go:889.2,889.38 1 0
github.com/h0rn3t/gopolars/pkg/polars/series.go:892.49,894.27 2 0
github.com/h0rn3t/gopolars/pkg/polars/series.go:894.27,896.3 1 0
github.com/h0rn3t/gopolars/pkg/polars/series.go:897.2,897.39 1 0
github.com/h0rn3t/gopolars/pkg/polars/series.go:897.39,900.3 2 0
github.com/h0rn3t/gopolars/pkg/polars/series.go:903.63,905.2 1 0
github.com/h0rn3t/gopolars/pkg/polars/series.go:907.63,909.2 1 0
github.com/h0rn3t/gopolars/pkg/polars/series.go:911.39,913.2 1 0
github.com/h0rn3t/gopolars/pkg/polars/series.go:915.39,917.2 1 0
github.com/h0rn3t/gopolars/pkg/polars/series.go:919.39,921.2 1 0
github.com/h0rn3t/gopolars/pkg/polars/series.go:923.40,925.2 1 0
github.com/h0rn3t/gopolars/pkg/polars/series.go:927.41,929.2 1 0
github.com/h0rn3t/gopolars/pkg/polars/series.go:931.53,933.2 1 0
github.com/h0rn3t/gopolars/pkg/polars/series.go:935.52,937.2 1 0
github.com/h0rn3t/gopolars/pkg/polars/series.go:939.52,941.2 1 0
github.com/h0rn3t/gopolars/pkg/polars/series.go:943.42,945.12 2 0
github.com/h0rn3t/gopolars/pkg/polars/series.go:945.12,947.3 1 0
github.com/h0rn3t/gopolars/pkg/polars/series.go:948.2,948.31 1 0
github.com/h0rn3t/gopolars/pkg/polars/series.go:948.31,949.12 1 0
github.com/h0rn3t/gopolars/pkg/polars/series.go:949.12,951.12 2 0
github.com/h0rn3t/gopolars/pkg/polars/series.go:953.3,955.19 3 0
github.com/h0rn3t/gopolars/pkg/polars/series.go:955.19,957.12 2 0
github.com/h0rn3t/gopolars/pkg/polars/series.go:959.3,959.29 1 0
github.com/h0rn3t/gopolars/pkg/polars/series.go:961.2,962.33 2 0
github.com/h0rn3t/gopolars/pkg/polars/series.go:965.47,967.12 2 0
github.com/h0rn3t/gopolars/pkg/polars/series.go:967.12,969.3 1 0
github.com/h0rn3t/gopolars/pkg/polars/series.go:970.2,970.31 1 0
github.com/h0rn3t/gopolars/pkg/polars/series.go:970.31,971.12 1 0
github.com/h0rn3t/gopolars/pkg/polars/series.go:971.12,973.12 2 0
github.com/h0rn3t/gopolars/pkg/polars/series.go:975.3,977.32 3 0
github.com/h0rn3t/gopolars/pkg/polars/series.go:977.32,979.12 2 0
github.com/h0rn3t/gopolars/pkg/polars/series.go:981.3,981.38 1 0
github.com/h0rn3t/gopolars/pkg/polars/series.go:983.2,984.33 2 0
github.com/h0rn3t/gopolars/pkg/polars/series.go:987.58,988.28 1 0
github.com/h0rn3t/gopolars/pkg/polars/series.go:988.28,990.3 1 0
github.com/h0rn3t/gopolars/pkg/polars/series.go:991.2,992.31 2 0
github.com/h0rn3t/gopolars/pkg/polars/series.go:992.31,995.19 3 0
github.com/h0rn3t/gopolars/pkg/polars/series.go:995.19,997.4 1 0
github.com/h0rn3t/gopolars/pkg/polars/series.go:998.3,998.22 1 0
github.com/h0rn3t/gopolars/pkg/polars/series.go:1000.2,1000.17 1 0
github.com/h0rn3t/gopolars/pkg/polars/series.go:1003.41,1005.22 2 0
github.com/h0rn3t/gopolars/pkg/polars/series.go:1005.22,1007.3 1 0
github.com/h0rn3t/gopolars/pkg/polars/series.go:1008.2,1010.31 3 0
github.com/h0rn3t/gopolars/pkg/polars/series.go:1010.31,1013.3 2 0
github.com/h0rn3t/gopolars/pkg/polars/series.go:1014.2,1014.16 1 0
github.com/h0rn3t/gopolars/pkg/polars/series.go:1017.56,1023.31 6 0
github.com/h0rn3t/gopolars/pkg/polars/series.go:1023.31,1026.29 3 0
github.com/h0rn3t/gopolars/pkg/polars/series.go:1026.29,1027.12 1 0
github.com/h0rn3t/gopolars/pkg/polars/series.go:1029.3,1032.44 4 0
github.com/h0rn3t/gopolars/pkg/polars/series.go:1034.2,1039.4 1 0
github.com/h0rn3t/gopolars/pkg/polars/series.go:1042.45,1046.31 4 0
github.com/h0rn3t/gopolars/pkg/polars/series.go:1046.31,1048.29 2 0
github.com/h0rn3t/gopolars/pkg/polars/series.go:1048.29,1049.12 1 0
github.com/h0rn3t/gopolars/pkg/polars/series.go:1051.3,1052.44 2 0
github.com/h0rn3t/gopolars/pkg/polars/series.go:1054.2,1055.33 2 0
github.com/h0rn3t/gopolars/pkg/polars/series.go:1058.42,1059.12 1 0
github.com/h0rn3t/gopolars/pkg/polars/series.go:1059.12,1061.3 1 0
github.com/h0rn3t/gopolars/pkg/polars/series.go:1062.2,1062.29 1 0
github.com/h0rn3t/gopolars/pkg/polars/series.go:1065.64,1067.2 1 0
github.com/h0rn3t/gopolars/pkg/polars/series.go:1069.45,1070.12 1 0
github.com/h0rn3t/gopolars/pkg/polars/series.go:1070.12,1072.3 1 0
github.com/h0rn3t/gopolars/pkg/polars/series.go:1073.2,1073.30 1 0
github.com/h0rn3t/gopolars/pkg/polars/series.go:1076.67,1078.2 1 0
github.com/h0rn3t/gopolars/pkg/polars/series.go:1080.40,1082.31 2 0
github.com/h0rn3t/gopolars/pkg/polars/series.go:1082.31,1083.31 1 0
github.com/h0rn3t/gopolars/pkg/polars/series.go:1083.31,1085.12 2 0
github.com/h0rn3t/gopolars/pkg/polars/series.go:1087.3,1090.62 4 0
github.com/h0rn3t/gopolars/pkg/polars/series.go:1092.2,1093.33 2 0
github.com/h0rn3t/gopolars/pkg/polars/series.go:1096.40,1098.31 2 0
github.com/h0rn3t/gopolars/pkg/polars/series.go:1098.31,1099.31 1 0
github.com/h0rn3t/gopolars/pkg/polars/series.go:1099.31,1101.12 2 0
github.com/h0rn3t/gopolars/pkg/polars/series.go:1103.3,1106.62 4 0
github.com/h0rn3t/gopolars/pkg/polars/series.go:1108.2,1109.33 2 0
github.com/h0rn3t/gopolars/pkg/polars/series.go:1112.64,1113.25 1 0
github.com/h0rn3t/gopolars/pkg/polars/series.go:1113.25,1115.3 1 0
github.com/h0rn3t/gopolars/pkg/polars/series.go:1116.2,1116.29 1 0
github.com/h0rn3t/gopolars/pkg/polars/series.go:1119.44,1122.35 3 0
github.com/h0rn3t/gopolars/pkg/polars/series.go:1122.35,1123.23 1 0
github.com/h0rn3t/gopolars/pkg/polars/series.go:1123.23,1125.12 2 0
github.com/h0rn3t/gopolars/pkg/polars/series.go:1127.3,1127.19 1 0
github.com/h0rn3t/gopolars/pkg/polars/series.go:1129.2,1130.33 2 0
github.com/h0rn3t/gopolars/pkg/polars/series.go:1133.45,1136.40 3 0
github.com/h0rn3t/gopolars/pkg/polars/series.go:1136.40,1137.23 1 0
github.com/h0rn3t/gopolars/pkg/polars/series.go:1137.23,1139.12 2 0
github.com/h0rn3t/gopolars/pkg/polars/series.go:1141.3,1141.19 1 0
github.com/h0rn3t/gopolars/pkg/polars/series.go:1143.2,1144.33 2 0
github.com/h0rn3t/gopolars/pkg/polars/series.go:1147.61,1148.22 1 0
github.com/h0rn3t/gopolars/pkg/polars/series.go:1148.22,1150.3 1 0
github.com/h0rn3t/gopolars/pkg/polars/series.go:1151.2,1154.31 4 0
github.com/h0rn3t/gopolars/pkg/polars/series.go:1154.31,1156.10 2 0
github.com/h0rn3t/gopolars/pkg/polars/series.go:1156.10,1158.12 2 0
github.com/h0rn3t/gopolars/pkg/polars/series.go:1160.3,1161.34 2 0
github.com/h0rn3t/gopolars/pkg/polars/series.go:1161.34,1162.14 1 0
github.com/h0rn3t/gopolars/pkg/polars/series.go:1162.14,1164.10 2 0
github.com/h0rn3t/gopolars/pkg/polars/series.go:1167.3,1167.20 1 0
github.com/h0rn3t/gopolars/pkg/polars/series.go:1169.2,1170.16 2 0
github.com/h0rn3t/gopolars/pkg/polars/series.go:1170.16,1172.3 1 0
github.com/h0rn3t/gopolars/pkg/polars/series.go:1173.2,1173.38 1 0
github.com/h0rn3t/gopolars/pkg/polars/series.go:1176.51,1177.12 1 0
github.com/h0rn3t/gopolars/pkg/polars/series.go:1177.12,1179.3 1 0
github.com/h0rn3t/gopolars/pkg/polars/series.go:1180.2,1182.25 3 0
github.com/h0rn3t/gopolars/pkg/polars/series.go:1182.25,1185.29 3 0
github.com/h0rn3t/gopolars/pkg/polars/series.go:1185.29,1186.12 1 0
github.com/h0rn3t/gopolars/pkg/polars/series.go:1188.3,1189.29 2 0
github.com/h0rn3t/gopolars/pkg/polars/series.go:1191.2,1191.22 1 0
github.com/h0rn3t/gopolars/pkg/polars/series.go:1191.22,1193.3 1 0
github.com/h0rn3t/gopolars/pkg/polars/series.go:1194.2,1194.22 1 0
github.com/h0rn3t/gopolars/pkg/polars/series.go:1197.48,1198.18 1 0
github.com/h0rn3t/gopolars/pkg/polars/series.go:1198.18,1205.3 1 0
github.com/h0rn3t/gopolars/pkg/polars/series.go:1206.2,1210.31 5 0
github.com/h0rn3t/gopolars/pkg/polars/series.go:1210.31,1212.30 2 0
github.com/h0rn3t/gopolars/pkg/polars/series.go:1212.30,1214.12 2 0
github.com/h0rn3t/gopolars/pkg/polars/series.go:1216.3,1219.10 4 0
github.com/h0rn3t/gopolars/pkg/polars/series.go:1221.2,1228.4 3 0
github.com/h0rn3t/gopolars/pkg/polars/series.go:1231.38,1233.18 2 0
github.com/h0rn3t/gopolars/pkg/polars/series.go:1233.18,1236.3 2 0
github.com/h0rn3t/gopolars/pkg/polars/series.go:1237.2,1240.31 4 0
github.com/h0rn3t/gopolars/pkg/polars/series.go:1240.31,1242.34 2 0
github.com/h0rn3t/gopolars/pkg/polars/series.go:1242.34,1244.4 1 0
github.com/h0rn3t/gopolars/pkg/polars/series.go:1245.3,1246.17 2 0
github.com/h0rn3t/gopolars/pkg/polars/series.go:1248.2,1249.33 2 0
github.com/h0rn3t/gopolars/pkg/polars/series.go:1252.37,1254.25 2 0
github.com/h0rn3t/gopolars/pkg/polars/series.go:1254.25,1256.3 1 0
github.com/h0rn3t/gopolars/pkg/polars/series.go:1257.2,1257.52 1 0
github.com/h0rn3t/gopolars/pkg/polars/series.go:1257.52,1259.3 1 0
github.com/h0rn3t/gopolars/pkg/polars/series.go:1260.2,1261.33 2 0
github.com/h0rn3t/gopolars/pkg/polars/series.go:1261.33,1263.3 1 0
github.com/h0rn3t/gopolars/pkg/polars/series.go:1264.2,1265.33 2 0
github.com/h0rn3t/gopolars/pkg/polars/series.go:1268.51,1270.2 1 0
github.com/h0rn3t/gopolars/pkg/polars/series.go:1272.49,1273.47 1 0
github.com/h0rn3t/gopolars/pkg/polars/series.go:1273.47,1275.3 1 0
github.com/h0rn3t/gopolars/pkg/polars/series.go:1278.49,1279.47 1 0
github.com/h0rn3t/gopolars/pkg/polars/series.go:1279.47,1281.3 1 0
github.com/h0rn3t/gopolars/pkg/polars/series.go:1284.52,1285.35 1 0
github.com/h0rn3t/gopolars/pkg/polars/series.go:1285.35,1287.3 1 0
github.com/h0rn3t/gopolars/pkg/polars/series.go:1288.2,1288.28 1 0
github.com/h0rn3t/gopolars/pkg/polars/series.go:1291.35,1292.18 1 0
github.com/h0rn3t/gopolars/pkg/polars/series.go:1292.18,1294.3 1 0
github.com/h0rn3t/gopolars/pkg/polars/series.go:1295.2,1295.19 1 0
github.com/h0rn3t/gopolars/pkg/polars/series.go:1298.34,1299.18 1 0
github.com/h0rn3t/gopolars/pkg/polars/series.go:1299.18,1301.3 1 0
github.com/h0rn3t/gopolars/pkg/polars/series.go:1302.2,1302.29 1 0
github.com/h0rn3t/gopolars/pkg/polars/series.go:1305.46,1306.31 1 0
github.com/h0rn3t/gopolars/pkg/polars/series.go:1306.31,1307.37 1 0
github.com/h0rn3t/gopolars/pkg/polars/series.go:1307.37,1309.4 1 0
github.com/h0rn3t/gopolars/pkg/polars/series.go:1311.2,1311.11 1 0
github.com/h0rn3t/gopolars/pkg/polars/series.go:1314.69,1316.31 2 0
github.com/h0rn3t/gopolars/pkg/polars/series.go:1316.31,1317.24 1 0
github.com/h0rn3t/gopolars/pkg/polars/series.go:1317.24,1319.12 2 0
github.com/h0rn3t/gopolars/pkg/polars/series.go:1321.3,1321.29 1 0
github.com/h0rn3t/gopolars/pkg/polars/series.go:1323.2,1325.16 3 0
github.com/h0rn3t/gopolars/pkg/polars/series.go:1325.16,1327.3 1 0
github.com/h0rn3t/gopolars/pkg/polars/series.go:1328.2,1328.38 1 0
github.com/h0rn3t/gopolars/pkg/polars/series.go:1331.56,1333.31 2 0
github.com/h0rn3t/gopolars/pkg/polars/series.go:1333.31,1335.26 2 0
github.com/h0rn3t/gopolars/pkg/polars/series.go:1335.26,1337.12 2 0
github.com/h0rn3t/gopolars/pkg/polars/series.go:1339.3,1339.16 1 0
github.com/h0rn3t/gopolars/pkg/polars/series.go:1341.2,1343.33 3 0
github.com/h0rn3t/gopolars/pkg/polars/series.go:1346.71,1347.24 1 0
github.com/h0rn3t/gopolars/pkg/polars/series.go:1347.24,1349.3 1 0
github.com/h0rn3t/gopolars/pkg/polars/series.go:1350.2,1350.33 1 0
github.com/h0rn3t/gopolars/pkg/polars/series.go:1353.60,1354.20 1 0
github.com/h0rn3t/gopolars/pkg/polars/series.go:1354.20,1356.3 1 0
github.com/h0rn3t/gopolars/pkg/polars/series.go:1357.2,1358.27 2 0
github.com/h0rn3t/gopolars/pkg/polars/series.go:1358.27,1359.15 1 0
github.com/h0rn3t/gopolars/pkg/polars/series.go:1359.15,1361.4 1 0
github.com/h0rn3t/gopolars/pkg/polars/series.go:1362.3,1362.17 1 0
github.com/h0rn3t/gopolars/pkg/polars/series.go:1364.2,1364.24 1 0
github.com/h0rn3t/gopolars/pkg/polars/series.go:1364.24,1366.3 1 0
github.com/h0rn3t/gopolars/pkg/polars/series.go:1367.2,1367.23 1 0
github.com/h0rn3t/gopolars/pkg/polars/series.go:1370.46,1371.28 1 0
github.com/h0rn3t/gopolars/pkg/polars/series.go:1371.28,1373.3 1 0
github.com/h0rn3t/gopolars/pkg/polars/series.go:1374.2,1375.31 2 0
github.com/h0rn3t/gopolars/pkg/polars/series.go:1375.31,1376.26 1 0
github.com/h0rn3t/gopolars/pkg/polars/series.go:1376.26,1378.4 1 0
github.com/h0rn3t/gopolars/pkg/polars/series.go:1380.2,1381.33 2 0
github.com/h0rn3t/gopolars/pkg/polars/series.go:1384.57,1387.2 2 0
github.com/h0rn3t/gopolars/pkg/polars/series.go:1389.52,1395.2 1 0
github.com/h0rn3t/gopolars/pkg/polars/series.go:1397.54,1399.16 2 0
github.com/h0rn3t/gopolars/pkg/polars/series.go:1399.16,1401.3 1 0
github.com/h0rn3t/gopolars/pkg/polars/series.go:1402.2,1402.31 1 0
github.com/h0rn3t/gopolars/pkg/polars/series.go:1405.55,1407.16 2 0
github.com/h0rn3t/gopolars/pkg/polars/series.go:1407.16,1409.3 1 0
github.com/h0rn3t/gopolars/pkg/polars/series.go:1410.2,1411.9 2 0
github.com/h0rn3t/gopolars/pkg/polars/series.go:1411.9,1413.3 1 0
github.com/h0rn3t/gopolars/pkg/polars/series.go:1414.2,1414.43 1 0
github.com/h0rn3t/gopolars/pkg/polars/series.go:1417.43,1419.2 1 0
github.com/h0rn3t/gopolars/pkg/polars/series.go:1421.41,1423.31 2 0
github.com/h0rn3t/gopolars/pkg/polars/series.go:1423.31,1424.41 1 0
github.com/h0rn3t/gopolars/pkg/polars/series.go:1424.41,1426.4 1 0
github.com/h0rn3t/gopolars/pkg/polars/series.go:1428.2,1428.12 1 0
github.com/h0rn3t/gopolars/pkg/polars/series.go:1431.43,1433.2 1 0
github.com/h0rn3t/gopolars/pkg/polars/series.go:1435.43,1437.2 1 0
github.com/h0rn3t/gopolars/pkg/polars/series.go:1439.50,1441.2 1 0
github.com/h0rn3t/gopolars/pkg/polars/series.go:1443.51,1450.2 2 0
github.com/h0rn3t/gopolars/pkg/polars/series.go:1452.67,1458.54 2 0
github.com/h0rn3t/gopolars/pkg/polars/series.go:1458.54,1460.3 1 0
github.com/h0rn3t/gopolars/pkg/polars/series.go:1461.2,1462.16 2 0
github.com/h0rn3t/gopolars/pkg/polars/series.go:1462.16,1464.3 1 0
github.com/h0rn3t/gopolars/pkg/polars/series.go:1465.2,1466.14 2 0
github.com/h0rn3t/gopolars/pkg/polars/series.go:1466.14,1468.3 1 0
github.com/h0rn3t/gopolars/pkg/polars/series.go:1469.2,1470.16 2 0
github.com/h0rn3t/gopolars/pkg/polars/series.go:1470.16,1472.3 1 0
github.com/h0rn3t/gopolars/pkg/polars/series.go:1473.2,1474.16 2 0
github.com/h0rn3t/gopolars/pkg/polars/series.go:1474.16,1476.3 1 0
github.com/h0rn3t/gopolars/pkg/polars/series.go:1477.2,1477.38 1 0
github.com/h0rn3t/gopolars/pkg/polars/series.go:1480.48,1482.31 2 0
github.com/h0rn3t/gopolars/pkg/polars/series.go:1482.31,1486.3 3 0
github.com/h0rn3t/gopolars/pkg/polars/series.go:1487.2,1488.33 2 0
github.com/h0rn3t/gopolars/pkg/polars/series.go:1491.40,1495.2 3 0
github.com/h0rn3t/gopolars/pkg/polars/series.go:1497.40,1498.33 1 0
github.com/h0rn3t/gopolars/pkg/polars/series.go:1498.33,1500.3 1 0
github.com/h0rn3t/gopolars/pkg/polars/series.go:1501.2,1502.31 2 0
github.com/h0rn3t/gopolars/pkg/polars/series.go:1502.31,1504.10 2 0
github.com/h0rn3t/gopolars/pkg/polars/series.go:1504.10,1505.12 1 0
github.com/h0rn3t/gopolars/pkg/polars/series.go:1507.3,1507.35 1 0
github.com/h0rn3t/gopolars/pkg/polars/series.go:1509.2,1511.33 3 0
github.com/h0rn3t/gopolars/pkg/polars/series.go:1514.40,1516.2 1 0
github.com/h0rn3t/gopolars/pkg/polars/series.go:1518.60,1522.16 4 0
github.com/h0rn3t/gopolars/pkg/polars/series.go:1522.16,1524.3 1 0
github.com/h0rn3t/gopolars/pkg/polars/series.go:1525.2,1525.38 1 0
github.com/h0rn3t/gopolars/pkg/polars/series.go:1528.63,1529.12 1 0
github.com/h0rn3t/gopolars/pkg/polars/series.go:1529.12,1531.3 1 0
github.com/h0rn3t/gopolars/pkg/polars/series.go:1532.2,1533.25 2 0
github.com/h0rn3t/gopolars/pkg/polars/series.go:1533.25,1535.3 1 0
github.com/h0rn3t/gopolars/pkg/polars/series.go:1536.2,1538.33 3 0
github.com/h0rn3t/gopolars/pkg/polars/series.go:1541.70,1543.16 2 0
github.com/h0rn3t/gopolars/pkg/polars/series.go:1543.16,1545.3 1 0
github.com/h0rn3t/gopolars/pkg/polars/series.go:1546.2,1546.12 1 0
github.com/h0rn3t/gopolars/pkg/polars/series.go:1546.12,1548.3 1 0
github.com/h0rn3t/gopolars/pkg/polars/series.go:1549.2,1550.25 2 0
github.com/h0rn3t/gopolars/pkg/polars/series.go:1550.25,1552.3 1 0
github.com/h0rn3t/gopolars/pkg/polars/series.go:1553.2,1554.16 2 0
github.com/h0rn3t/gopolars/pkg/polars/series.go:1554.16,1556.3 1 0
github.com/h0rn3t/gopolars/pkg/polars/series.go:1557.2,1557.38 1 0
github.com/h0rn3t/gopolars/pkg/polars/series.go:1560.76,1561.33 1 0
github.com/h0rn3t/gopolars/pkg/polars/series.go:1561.33,1563.3 1 0
github.com/h0rn3t/gopolars/pkg/polars/series.go:1564.2,1565.30 2 0
github.com/h0rn3t/gopolars/pkg/polars/series.go:1565.30,1566.39 1 0
github.com/h0rn3t/gopolars/pkg/polars/series.go:1566.39,1568.4 1 0
github.com/h0rn3t/gopolars/pkg/polars/series.go:1569.3,1569.29 1 0
github.com/h0rn3t/gopolars/pkg/polars/series.go:1571.2,1573.16 3 0
github.com/h0rn3t/gopolars/pkg/polars/series.go:1573.16,1575.3 1 0
github.com/h0rn3t/gopolars/pkg/polars/series.go:1576.2,1576.38 1 0
github.com/h0rn3t/gopolars/pkg/polars/series.go:1579.67,1580.27 1 0
github.com/h0rn3t/gopolars/pkg/polars/series.go:1580.27,1582.3 1 0
github.com/h0rn3t/gopolars/pkg/polars/series.go:1583.2,1584.31 2 0
github.com/h0rn3t/gopolars/pkg/polars/series.go:1584.31,1586.17 2 0
github.com/h0rn3t/gopolars/pkg/polars/series.go:1586.17,1588.4 1 0
github.com/h0rn3t/gopolars/pkg/polars/series.go:1590.2,1592.16 3 0
github.com/h0rn3t/gopolars/pkg/polars/series.go:1592.16,1594.3 1 0
github.com/h0rn3t/gopolars/pkg/polars/series.go:1595.2,1595.38 1 0
github.com/h0rn3t/gopolars/pkg/polars/series.go:1598.74,1599.53 1 0
github.com/h0rn3t/gopolars/pkg/polars/series.go:1599.53,1601.3 1 0
github.com/h0rn3t/gopolars/pkg/polars/series.go:1602.2,1603.31 2 0
github.com/h0rn3t/gopolars/pkg/polars/series.go:1603.31,1605.17 2 0
github.com/h0rn3t/gopolars/pkg/polars/series.go:1605.17,1607.12 2 0
github.com/h0rn3t/gopolars/pkg/polars/series.go:1609.3,1609.29 1 0
github.com/h0rn3t/gopolars/pkg/polars/series.go:1611.2,1613.16 3 0
github.com/h0rn3t/gopolars/pkg/polars/series.go:1613.16,1615.3 1 0
github.com/h0rn3t/gopolars/pkg/polars/series.go:1616.2,1616.38 1 0
github.com/h0rn3t/gopolars/pkg/polars/series.go:1619.49,1626.31 3 0
github.com/h0rn3t/gopolars/pkg/polars/series.go:1626.31,1628.24 2 0
github.com/h0rn3t/gopolars/pkg/polars/series.go:1629.14,1630.35 1 0
github.com/h0rn3t/gopolars/pkg/polars/series.go:1631.16,1632.22 1 0
github.com/h0rn3t/gopolars/pkg/polars/series.go:1632.22,1634.5 1 0
github.com/h0rn3t/gopolars/pkg/polars/series.go:1637.2,1637.19 1 0
github.com/h0rn3t/gopolars/pkg/polars/series.go:1637.19,1639.26 2 0
github.com/h0rn3t/gopolars/pkg/polars/series.go:1639.26,1641.16 2 0
github.com/h0rn3t/gopolars/pkg/polars/series.go:1641.16,1643.5 1 0
github.com/h0rn3t/gopolars/pkg/polars/series.go:1644.4,1644.16 1 0
github.com/h0rn3t/gopolars/pkg/polars/series.go:1644.16,1646.5 1 0
github.com/h0rn3t/gopolars/pkg/polars/series.go:1648.3,1650.41 3 0
github.com/h0rn3t/gopolars/pkg/polars/series.go:1652.2,1652.12 1 0
github.com/h0rn3t/gopolars/pkg/polars/series.go:1655.57,1656.15 1 0
github.com/h0rn3t/gopolars/pkg/polars/series.go:1656.15,1658.3 1 0
github.com/h0rn3t/gopolars/pkg/polars/series.go:1659.2,1660.31 2 0
github.com/h0rn3t/gopolars/pkg/polars/series.go:1660.31,1661.33 1 0
github.com/h0rn3t/gopolars/pkg/polars/series.go:1662.14,1663.35 1 0
github.com/h0rn3t/gopolars/pkg/polars/series.go:1664.16,1665.22 1 0
github.com/h0rn3t/gopolars/pkg/polars/series.go:1665.22,1667.5 1 0
github.com/h0rn3t/gopolars/pkg/polars/series.go:1670.2,1670.20 1 0
github.com/h0rn3t/gopolars/pkg/polars/series.go:1670.20,1675.3 1 0
github.com/h0rn3t/gopolars/pkg/polars/series.go:1676.2,1677.29 2 0
github.com/h0rn3t/gopolars/pkg/polars/series.go:1677.29,1678.15 1 0
github.com/h0rn3t/gopolars/pkg/polars/series.go:1678.15,1680.4 1 0
github.com/h0rn3t/gopolars/pkg/polars/series.go:1681.3,1681.15 1 0
github.com/h0rn3t/gopolars/pkg/polars/series.go:1681.15,1683.4 1 0
github.com/h0rn3t/gopolars/pkg/polars/series.go:1685.2,1686.16 2 0
github.com/h0rn3t/gopolars/pkg/polars/series.go:1686.16,1688.3 1 0
github.com/h0rn3t/gopolars/pkg/polars/series.go:1689.2,1691.28 3 0
github.com/h0rn3t/gopolars/pkg/polars/series.go:1691.28,1694.3 2 0
github.com/h0rn3t/gopolars/pkg/polars/series.go:1695.2,1695.25 1 0
github.com/h0rn3t/gopolars/pkg/polars/series.go:1695.25,1697.18 2 0
github.com/h0rn3t/gopolars/pkg/polars/series.go:1697.18,1699.4 1 0
github.com/h0rn3t/gopolars/pkg/polars/series.go:1700.3,1700.14 1 0
github.com/h0rn3t/gopolars/pkg/polars/series.go:1700.14,1702.4 1 0
github.com/h0rn3t/gopolars/pkg/polars/series.go:1703.3,1703.16 1 0
github.com/h0rn3t/gopolars/pkg/polars/series.go:1705.2,1706.27 2 0
github.com/h0rn3t/gopolars/pkg/polars/series.go:1706.27,1708.3 1 0
github.com/h0rn3t/gopolars/pkg/polars/series.go:1709.2,1712.5 1 0
github.com/h0rn3t/gopolars/pkg/polars/series.go:1715.44,1717.35 2 0
github.com/h0rn3t/gopolars/pkg/polars/series.go:1717.35,1718.23 1 0
github.com/h0rn3t/gopolars/pkg/polars/series.go:1718.23,1719.12 1 0
github.com/h0rn3t/gopolars/pkg/polars/series.go:1721.3,1722.31 2 0
github.com/h0rn3t/gopolars/pkg/polars/series.go:1722.31,1723.24 1 0
github.com/h0rn3t/gopolars/pkg/polars/series.go:1723.24,1725.10 2 0
github.com/h0rn3t/gopolars/pkg/polars/series.go:1728.3,1729.40 2 0
github.com/h0rn3t/gopolars/pkg/polars/series.go:1729.40,1730.24 1 0
github.com/h0rn3t/gopolars/pkg/polars/series.go:1730.24,1732.10 2 0
github.com/h0rn3t/gopolars/pkg/polars/series.go:1735.3,1735.10 1 0
github.com/h0rn3t/gopolars/pkg/polars/series.go:1736.32,1739.18 3 0
github.com/h0rn3t/gopolars/pkg/polars/series.go:1739.18,1742.5 2 0
github.com/h0rn3t/gopolars/pkg/polars/series.go:1743.18,1744.28 1 0
github.com/h0rn3t/gopolars/pkg/polars/series.go:1745.19,1746.29 1 0
github.com/h0rn3t/gopolars/pkg/polars/series.go:1749.2,1750.16 2 0
github.com/h0rn3t/gopolars/pkg/polars/series.go:1750.16,1752.3 1 0
github.com/h0rn3t/gopolars/pkg/polars/series.go:1753.2,1753.33 1 0
github.com/h0rn3t/gopolars/pkg/polars/series.go:1756.39,1758.2 1 0
github.com/h0rn3t/gopolars/pkg/polars/series.go:1760.40,1762.2 1 0
github.com/h0rn3t/gopolars/pkg/polars/series.go:1764.64,1766.37 2 0
github.com/h0rn3t/gopolars/pkg/polars/series.go:1766.37,1767.24 1 0
github.com/h0rn3t/gopolars/pkg/polars/series.go:1767.24,1769.12 2 0
github.com/h0rn3t/gopolars/pkg/polars/series.go:1771.3,1772.17 2 0
github.com/h0rn3t/gopolars/pkg/polars/series.go:1772.17,1774.4 1 0
github.com/h0rn3t/gopolars/pkg/polars/series.go:1775.3,1775.16 1 0
github.com/h0rn3t/gopolars/pkg/polars/series.go:1777.2,1778.16 2 0
github.com/h0rn3t/gopolars/pkg/polars/series.go:1778.16,1780.3 1 0
github.com/h0rn3t/gopolars/pkg/polars/series.go:1781.2,1781.38 1 0
github.com/h0rn3t/gopolars/pkg/polars/series.go:1784.57,1784.97 1 0
github.com/h0rn3t/gopolars/pkg/polars/series.go:1785.57,1785.97 1 0
github.com/h0rn3t/gopolars/pkg/polars/series.go:1786.57,1786.97 1 0
github.com/h0rn3t/gopolars/pkg/polars/series.go:1787.57,1787.97 1 0
github.com/h0rn3t/gopolars/pkg/polars/series.go:1788.57,1788.96 1 0
github.com/h0rn3t/gopolars/pkg/polars/series.go:1789.57,1789.96 1 0
github.com/h0rn3t/gopolars/pkg/polars/series.go:1790.57,1790.96 1 0
github.com/h0rn3t/gopolars/pkg/polars/series.go:1791.57,1791.96 1 0
github.com/h0rn3t/gopolars/pkg/polars/series.go:1792.57,1792.96 1 0
github.com/h0rn3t/gopolars/pkg/polars/series.go:1793.57,1793.96 1 0
github.com/h0rn3t/gopolars/pkg/polars/series.go:1795.78,1796.28 1 0
github.com/h0rn3t/gopolars/pkg/polars/series.go:1796.28,1798.3 1 0
github.com/h0rn3t/gopolars/pkg/polars/series.go:1799.2,1800.85 2 0
github.com/h0rn3t/gopolars/pkg/polars/series.go:1800.85,1802.3 1 0
github.com/h0rn3t/gopolars/pkg/polars/series.go:1803.2,1804.31 2 0
github.com/h0rn3t/gopolars/pkg/polars/series.go:1804.31,1807.29 3 0
github.com/h0rn3t/gopolars/pkg/polars/series.go:1807.29,1809.12 2 0
github.com/h0rn3t/gopolars/pkg/polars/series.go:1811.3,1813.19 3 0
github.com/h0rn3t/gopolars/pkg/polars/series.go:1813.19,1815.4 1 0
github.com/h0rn3t/gopolars/pkg/polars/series.go:1816.3,1816.13 1 0
github.com/h0rn3t/gopolars/pkg/polars/series.go:1817.14,1818.21 1 0
github.com/h0rn3t/gopolars/pkg/polars/series.go:1819.14,1820.21 1 0
github.com/h0rn3t/gopolars/pkg/polars/series.go:1821.14,1822.21 1 0
github.com/h0rn3t/gopolars/pkg/polars/series.go:1823.14,1824.21 1 0
github.com/h0rn3t/gopolars/pkg/polars/series.go:1827.2,1827.29 1 0
github.com/h0rn3t/gopolars/pkg/polars/series.go:1827.29,1829.28 2 0
github.com/h0rn3t/gopolars/pkg/polars/series.go:1829.28,1830.16 1 0
github.com/h0rn3t/gopolars/pkg/polars/series.go:1830.16,1832.13 2 0
github.com/h0rn3t/gopolars/pkg/polars/series.go:1834.4,1834.35 1 0
github.com/h0rn3t/gopolars/pkg/polars/series.go:1836.3,1836.19 1 0
github.com/h0rn3t/gopolars/pkg/polars/series.go:1838.2,1839.16 2 0
github.com/h0rn3t/gopolars/pkg/polars/series.go:1839.16,1841.3 1 0
github.com/h0rn3t/gopolars/pkg/polars/series.go:1842.2,1842.39 1 0
github.com/h0rn3t/gopolars/pkg/polars/series.go:1845.78,1846.28 1 0
github.com/h0rn3t/gopolars/pkg/polars/series.go:1846.28,1848.3 1 0
github.com/h0rn3t/gopolars/pkg/polars/series.go:1849.2,1850.31 2 0
github.com/h0rn3t/gopolars/pkg/polars/series.go:1850.31,1853.29 3 0
github.com/h0rn3t/gopolars/pkg/polars/series.go:1853.29,1855.12 2 0
github.com/h0rn3t/gopolars/pkg/polars/series.go:1857.3,1857.37 1 0
github.com/h0rn3t/gopolars/pkg/polars/series.go:1859.2,1860.16 2 0
github.com/h0rn3t/gopolars/pkg/polars/series.go:1860.16,1862.3 1 0
github.com/h0rn3t/gopolars/pkg/polars/series.go:1863.2,1863.39 1 0
github.com/h0rn3t/gopolars/pkg/polars/series.go:1866.63,1867.17 1 0
github.com/h0rn3t/gopolars/pkg/polars/series.go:1867.17,1869.3 1 0
github.com/h0rn3t/gopolars/pkg/polars/series.go:1870.2,1871.37 2 0
github.com/h0rn3t/gopolars/pkg/polars/series.go:1871.37,1873.16 2 0
github.com/h0rn3t/gopolars/pkg/polars/series.go:1873.16,1875.4 1 0
github.com/h0rn3t/gopolars/pkg/polars/series.go:1876.3,1877.31 2 0
github.com/h0rn3t/gopolars/pkg/polars/series.go:1877.31,1878.40 1 0
github.com/h0rn3t/gopolars/pkg/polars/series.go:1879.15,1880.36 1 0
github.com/h0rn3t/gopolars/pkg/polars/series.go:1881.17,1882.23 1 0
github.com/h0rn3t/gopolars/pkg/polars/series.go:1882.23,1884.6 1 0
github.com/h0rn3t/gopolars/pkg/polars/series.go:1887.3,1887.21 1 0
github.com/h0rn3t/gopolars/pkg/polars/series.go:1887.21,1889.12 2 0
github.com/h0rn3t/gopolars/pkg/polars/series.go:1891.3,1891.15 1 0
github.com/h0rn3t/gopolars/pkg/polars/series.go:1892.14,1893.37 1 0
github.com/h0rn3t/gopolars/pkg/polars/series.go:1894.15,1895.58 1 0
github.com/h0rn3t/gopolars/pkg/polars/series.go:1896.14,1897.37 1 0
github.com/h0rn3t/gopolars/pkg/polars/series.go:1898.14,1899.37 1 0
github.com/h0rn3t/gopolars/pkg/polars/series.go:1900.21,1903.27 3 0
github.com/h0rn3t/gopolars/pkg/polars/series.go:1903.27,1906.5 2 0
github.com/h0rn3t/gopolars/pkg/polars/series.go:1907.4,1908.21 2 0
github.com/h0rn3t/gopolars/pkg/polars/series.go:1908.21,1910.5 1 0
github.com/h0rn3t/gopolars/pkg/polars/series.go:1911.4,1912.21 2 0
github.com/h0rn3t/gopolars/pkg/polars/series.go:1912.21,1914.5 1 0
github.com/h0rn3t/gopolars/pkg/polars/series.go:1914.10,1916.5 1 0
github.com/h0rn3t/gopolars/pkg/polars/series.go:1917.17,1921.26 4 0
github.com/h0rn3t/gopolars/pkg/polars/series.go:1921.26,1923.5 1 0
github.com/h0rn3t/gopolars/pkg/polars/series.go:1923.10,1925.5 1 0
github.com/h0rn3t/gopolars/pkg/polars/series.go:1926.15,1928.13 2 0
github.com/h0rn3t/gopolars/pkg/polars/series.go:1928.13,1930.10 2 0
github.com/h0rn3t/gopolars/pkg/polars/series.go:1932.4,1934.27 3 0
github.com/h0rn3t/gopolars/pkg/polars/series.go:1934.27,1938.5 3 0
github.com/h0rn3t/gopolars/pkg/polars/series.go:1939.4,1940.15 2 0
github.com/h0rn3t/gopolars/pkg/polars/series.go:1940.15,1942.10 2 0
github.com/h0rn3t/gopolars/pkg/polars/series.go:1944.4,1945.57 2 0
github.com/h0rn3t/gopolars/pkg/polars/series.go:1946.19,1948.13 2 0
github.com/h0rn3t/gopolars/pkg/polars/series.go:1948.13,1950.10 2 0
github.com/h0rn3t/gopolars/pkg/polars/series.go:1952.4,1954.27 3 0
github.com/h0rn3t/gopolars/pkg/polars/series.go:1954.27,1959.5 4 0
github.com/h0rn3t/gopolars/pkg/polars/series.go:1960.4,1961.15 2 0
github.com/h0rn3t/gopolars/pkg/polars/series.go:1961.15,1963.10 2 0
github.com/h0rn3t/gopolars/pkg/polars/series.go:1965.4,1966.30 2 0
github.com/h0rn3t/gopolars/pkg/polars/series.go:1967.15,1969.24 2 0
github.com/h0rn3t/gopolars/pkg/polars/series.go:1969.24,1971.10 2 0
github.com/h0rn3t/gopolars/pkg/polars/series.go:1973.4,1974.27 2 0
github.com/h0rn3t/gopolars/pkg/polars/series.go:1974.27,1975.22 1 0
github.com/h0rn3t/gopolars/pkg/polars/series.go:1975.22,1976.14 1 0
github.com/h0rn3t/gopolars/pkg/polars/series.go:1978.5,1978.17 1 0
github.com/h0rn3t/gopolars/pkg/polars/series.go:1978.17,1980.6 1 0
github.com/h0rn3t/gopolars/pkg/polars/series.go:1980.11,1980.25 1 0
github.com/h0rn3t/gopolars/pkg/polars/series.go:1980.25,1982.6 1 0
github.com/h0rn3t/gopolars/pkg/polars/series.go:1984.4,1984.15 1 0
github.com/h0rn3t/gopolars/pkg/polars/series.go:1984.15,1986.10 2 0
github.com/h0rn3t/gopolars/pkg/polars/series.go:1988.4,1988.49 1 0
github.com/h0rn3t/gopolars/pkg/polars/series.go:1991.2,1992.33 2 0
github.com/h0rn3t/gopolars/pkg/polars/series.go:1995.69,1996.17 1 0
github.com/h0rn3t/gopolars/pkg/polars/series.go:1996.17,1998.3 1 0
github.com/h0rn3t/gopolars/pkg/polars/series.go:1999.2,2000.37 2 0
github.com/h0rn3t/gopolars/pkg/polars/series.go:2000.37,2002.16 2 0
github.com/h0rn3t/gopolars/pkg/polars/series.go:2002.16,2004.4 1 0
github.com/h0rn3t/gopolars/pkg/polars/series.go:2005.3,2006.31 2 0
github.com/h0rn3t/gopolars/pkg/polars/series.go:2006.31,2007.66 1 0
github.com/h0rn3t/gopolars/pkg/polars/series.go:2007.66,2009.5 1 0
github.com/h0rn3t/gopolars/pkg/polars/series.go:2011.3,2011.42 1 0
github.com/h0rn3t/gopolars/pkg/polars/series.go:2013.2,2014.33 2 0
github.com/h0rn3t/gopolars/pkg/polars/series.go:2017.54,2019.31 2 0
github.com/h0rn3t/gopolars/pkg/polars/series.go:2019.31,2021.15 2 0
github.com/h0rn3t/gopolars/pkg/polars/series.go:2021.15,2023.12 2 0
github.com/h0rn3t/gopolars/pkg/polars/series.go:2025.3,2026.10 2 0
github.com/h0rn3t/gopolars/pkg/polars/series.go:2026.10,2028.12 2 0
github.com/h0rn3t/gopolars/pkg/polars/series.go:2030.3,2030.13 1 0
github.com/h0rn3t/gopolars/pkg/polars/series.go:2031.14,2032.27 1 0
github.com/h0rn3t/gopolars/pkg/polars/series.go:2033.14,2034.27 1 0
github.com/h0rn3t/gopolars/pkg/polars/series.go:2035.14,2036.27 1 0
github.com/h0rn3t/gopolars/pkg/polars/series.go:2037.15,2038.28 1 0
github.com/h0rn3t/gopolars/pkg/polars/series.go:2039.14,2040.27 1 0
github.com/h0rn3t/gopolars/pkg/polars/series.go:2041.14,2042.27 1 0
github.com/h0rn3t/gopolars/pkg/polars/series.go:2043.14,2044.27 1 0
github.com/h0rn3t/gopolars/pkg/polars/series.go:2045.14,2047.14 2 0
github.com/h0rn3t/gopolars/pkg/polars/series.go:2047.14,2049.5 1 0
github.com/h0rn3t/gopolars/pkg/polars/series.go:2049.10,2051.5 1 0
github.com/h0rn3t/gopolars/pkg/polars/series.go:2052.15,2053.28 1 0
github.com/h0rn3t/gopolars/pkg/polars/series.go:2054.15,2055.28 1 0
github.com/h0rn3t/gopolars/pkg/polars/series.go:2056.15,2057.28 1 0
github.com/h0rn3t/gopolars/pkg/polars/series.go:2058.17,2059.28 1 0
github.com/h0rn3t/gopolars/pkg/polars/series.go:2060.17,2061.28 1 0
github.com/h0rn3t/gopolars/pkg/polars/series.go:2062.17,2063.28 1 0
github.com/h0rn3t/gopolars/pkg/polars/series.go:2064.18,2065.29 1 0
github.com/h0rn3t/gopolars/pkg/polars/series.go:2066.18,2067.29 1 0
github.com/h0rn3t/gopolars/pkg/polars/series.go:2068.18,2069.29 1 0
github.com/h0rn3t/gopolars/pkg/polars/series.go:2070.15,2071.28 1 0
github.com/h0rn3t/gopolars/pkg/polars/series.go:2072.15,2073.28 1 0
github.com/h0rn3t/gopolars/pkg/polars/series.go:2074.16,2075.29 1 0
github.com/h0rn3t/gopolars/pkg/polars/series.go:2076.18,2077.33 1 0
github.com/h0rn3t/gopolars/pkg/polars/series.go:2078.15,2079.11 1 0
github.com/h0rn3t/gopolars/pkg/polars/series.go:2080.15,2081.28 1 0
github.com/h0rn3t/gopolars/pkg/polars/series.go:2082.15,2083.27 1 0
github.com/h0rn3t/gopolars/pkg/polars/series.go:2084.12,2085.27 1 0
github.com/h0rn3t/gopolars/pkg/polars/series.go:2087.16,2088.29 1 0
github.com/h0rn3t/gopolars/pkg/polars/series.go:2089.16,2090.29 1 0
github.com/h0rn3t/gopolars/pkg/polars/series.go:2091.16,2092.29 1 0
github.com/h0rn3t/gopolars/pkg/polars/series.go:2095.2,2096.33 2 0
github.com/h0rn3t/gopolars/pkg/polars/series.go:2099.61,2101.31 2 0
github.com/h0rn3t/gopolars/pkg/polars/series.go:2101.31,2103.15 2 0
github.com/h0rn3t/gopolars/pkg/polars/series.go:2103.15,2104.12 1 0
github.com/h0rn3t/gopolars/pkg/polars/series.go:2106.3,2107.10 2 0
github.com/h0rn3t/gopolars/pkg/polars/series.go:2107.10,2108.12 1 0
github.com/h0rn3t/gopolars/pkg/polars/series.go:2110.3,2110.31 1 0
github.com/h0rn3t/gopolars/pkg/polars/series.go:2110.31,2111.12 1 0
github.com/h0rn3t/gopolars/pkg/polars/series.go:2113.3,2113.29 1 0
github.com/h0rn3t/gopolars/pkg/polars/series.go:2115.2,2115.15 1 0
github.com/h0rn3t/gopolars/pkg/polars/series.go:2118.47,2120.27 2 0
github.com/h0rn3t/gopolars/pkg/polars/series.go:2120.27,2122.3 1 0
github.com/h0rn3t/gopolars/pkg/polars/series.go:2123.2,2123.35 1 0
github.com/h0rn3t/gopolars/pkg/polars/series.go:2126.58,2127.22 1 0
github.com/h0rn3t/gopolars/pkg/polars/series.go:2127.22,2129.3 1 0
github.com/h0rn3t/gopolars/pkg/polars/series.go:2130.2,2130.11 1 0
github.com/h0rn3t/gopolars/pkg/polars/series.go:2130.11,2132.3 1 0
github.com/h0rn3t/gopolars/pkg/polars/series.go:2133.2,2133.11 1 0
github.com/h0rn3t/gopolars/pkg/polars/series.go:2133.11,2135.3 1 0
github.com/h0rn3t/gopolars/pkg/polars/series.go:2136.2,2138.22 3 0
github.com/h0rn3t/gopolars/pkg/polars/series.go:2138.22,2140.3 1 0
github.com/h0rn3t/gopolars/pkg/polars/series.go:2141.2,2144.20 4 0
github.com/h0rn3t/gopolars/pkg/polars/series.go:2144.20,2146.3 1 0
github.com/h0rn3t/gopolars/pkg/polars/series.go:2147.2,2148.56 2 0
github.com/h0rn3t/gopolars/pkg/polars/series.go:2151.29,2153.2 1 0
github.com/h0rn3t/gopolars/pkg/polars/series.go:2155.56,2157.30 2 0
github.com/h0rn3t/gopolars/pkg/polars/series.go:2157.30,2159.3 1 0
github.com/h0rn3t/gopolars/pkg/polars/series.go:2160.2,2161.33 2 0
github.com/h0rn3t/gopolars/pkg/polars/series.go:2164.53,2165.33 1 0
github.com/h0rn3t/gopolars/pkg/polars/series.go:2165.33,2167.3 1 0
github.com/h0rn3t/gopolars/pkg/polars/series.go:2168.2,2168.17 1 0
github.com/h0rn3t/gopolars/pkg/polars/series.go:2168.17,2170.3 1 0
github.com/h0rn3t/gopolars/pkg/polars/series.go:2171.2,2171.18 1 0
github.com/h0rn3t/gopolars/pkg/polars/series.go:2171.18,2173.3 1 0
github.com/h0rn3t/gopolars/pkg/polars/series.go:2174.2,2174.26 1 0
github.com/h0rn3t/gopolars/pkg/polars/series.go:2175.13,2177.10 2 0
github.com/h0rn3t/gopolars/pkg/polars/series.go:2177.10,2179.4 1 0
github.com/h0rn3t/gopolars/pkg/polars/series.go:2180.3,2180.10 1 0
github.com/h0rn3t/gopolars/pkg/polars/series.go:2181.14,2182.13 1 0
github.com/h0rn3t/gopolars/pkg/polars/series.go:2183.14,2184.12 1 0
github.com/h0rn3t/gopolars/pkg/polars/series.go:2185.11,2186.12 1 0
github.com/h0rn3t/gopolars/pkg/polars/series.go:2188.15,2190.10 2 0
github.com/h0rn3t/gopolars/pkg/polars/series.go:2190.10,2192.4 1 0
github.com/h0rn3t/gopolars/pkg/polars/series.go:2193.3,2193.10 1 0
github.com/h0rn3t/gopolars/pkg/polars/series.go:2194.14,2195.13 1 0
github.com/h0rn3t/gopolars/pkg/polars/series.go:2196.14,2197.12 1 0
github.com/h0rn3t/gopolars/pkg/polars/series.go:2198.11,2199.12 1 0
github.com/h0rn3t/gopolars/pkg/polars/series.go:2201.14,2203.10 2 0
github.com/h0rn3t/gopolars/pkg/polars/series.go:2203.10,2205.4 1 0
github.com/h0rn3t/gopolars/pkg/polars/series.go:2206.3,2206.10 1 0
github.com/h0rn3t/gopolars/pkg/polars/series.go:2207.14,2208.13 1 0
github.com/h0rn3t/gopolars/pkg/polars/series.go:2209.14,2210.12 1 0
github.com/h0rn3t/gopolars/pkg/polars/series.go:2211.11,2212.12 1 0
github.com/h0rn3t/gopolars/pkg/polars/series.go:2214.12,2216.10 2 0
github.com/h0rn3t/gopolars/pkg/polars/series.go:2216.10,2218.4 1 0
github.com/h0rn3t/gopolars/pkg/polars/series.go:2219.3,2219.13 1 0
github.com/h0rn3t/gopolars/pkg/polars/series.go:2219.13,2221.4 1 0
github.com/h0rn3t/gopolars/pkg/polars/series.go:2222.3,2222.14 1 0
github.com/h0rn3t/gopolars/pkg/polars/series.go:2222.14,2224.4 1 0
github.com/h0rn3t/gopolars/pkg/polars/series.go:2225.3,2225.11 1 0
github.com/h0rn3t/gopolars/pkg/polars/series.go:2226.17,2228.10 2 0
github.com/h0rn3t/gopolars/pkg/polars/series.go:2228.10,2230.4 1 0
github.com/h0rn3t/gopolars/pkg/polars/series.go:2231.3,2231.10 1 0
github.com/h0rn3t/gopolars/pkg/polars/series.go:2232.20,2233.13 1 0
github.com/h0rn3t/gopolars/pkg/polars/series.go:2234.19,2235.12 1 0
github.com/h0rn3t/gopolars/pkg/polars/series.go:2236.11,2237.12 1 0
github.com/h0rn3t/gopolars/pkg/polars/series.go:2239.10,2240.11 1 0
github.com/h0rn3t/gopolars/pkg/polars/series.go:2244.62,2246.31 2 0
github.com/h0rn3t/gopolars/pkg/polars/series.go:2246.31,2248.3 1 0
github.com/h0rn3t/gopolars/pkg/polars/series.go:2249.2,2250.33 2 0
github.com/h0rn3t/gopolars/pkg/polars/series.go:2253.52,2255.31 2 0
github.com/h0rn3t/gopolars/pkg/polars/series.go:2255.31,2257.3 1 0
github.com/h0rn3t/gopolars/pkg/polars/series.go:2258.2,2258.15 1 0
github.com/h0rn3t/gopolars/pkg/polars/series.go:2261.79,2262.28 1 0
github.com/h0rn3t/gopolars/pkg/polars/series.go:2262.28,2264.3 1 0
github.com/h0rn3t/gopolars/pkg/polars/series.go:2265.2,2266.31 2 0
github.com/h0rn3t/gopolars/pkg/polars/series.go:2266.31,2270.10 4 0
github.com/h0rn3t/gopolars/pkg/polars/series.go:2271.36,2272.25 1 0
github.com/h0rn3t/gopolars/pkg/polars/series.go:2273.11,2274.45 1 0
github.com/h0rn3t/gopolars/pkg/polars/series.go:2276.3,2276.12 1 0
github.com/h0rn3t/gopolars/pkg/polars/series.go:2276.12,2278.4 1 0
github.com/h0rn3t/gopolars/pkg/polars/series.go:2278.9,2280.4 1 0
github.com/h0rn3t/gopolars/pkg/polars/series.go:2282.2,2283.16 2 0
github.com/h0rn3t/gopolars/pkg/polars/series.go:2283.16,2285.3 1 0
github.com/h0rn3t/gopolars/pkg/polars/series.go:2286.2,2286.38 1 0
github.com/h0rn3t/gopolars/pkg/polars/series.go:2289.78,2290.25 1 0
github.com/h0rn3t/gopolars/pkg/polars/series.go:2290.25,2292.3 1 0
github.com/h0rn3t/gopolars/pkg/polars/series.go:2293.2,2293.12 1 0
github.com/h0rn3t/gopolars/pkg/polars/series.go:2293.12,2295.3 1 0
github.com/h0rn3t/gopolars/pkg/polars/series.go:2296.2,2296.17 1 0
github.com/h0rn3t/gopolars/pkg/polars/series.go:2296.17,2298.3 1 0
github.com/h0rn3t/gopolars/pkg/polars/series.go:2299.2,2300.25 2 0
github.com/h0rn3t/gopolars/pkg/polars/series.go:2300.25,2302.3 1 0
github.com/h0rn3t/gopolars/pkg/polars/series.go:2303.2,2303.52 1 0
github.com/h0rn3t/gopolars/pkg/polars/series.go:2303.52,2305.17 2 0
github.com/h0rn3t/gopolars/pkg/polars/series.go:2305.17,2307.4 1 0
github.com/h0rn3t/gopolars/pkg/polars/series.go:2308.3,2308.17 1 0
github.com/h0rn3t/gopolars/pkg/polars/series.go:2310.2,2310.35 1 0
github.com/h0rn3t/gopolars/pkg/polars/series.go:2313.54,2319.31 6 0
github.com/h0rn3t/gopolars/pkg/polars/series.go:2319.31,2322.10 3 0
github.com/h0rn3t/gopolars/pkg/polars/series.go:2322.10,2324.12 2 0
github.com/h0rn3t/gopolars/pkg/polars/series.go:2326.3,2326.15 1 0
github.com/h0rn3t/gopolars/pkg/polars/series.go:2327.14,2329.19 2 0
github.com/h0rn3t/gopolars/pkg/polars/series.go:2330.14,2331.55 1 0
github.com/h0rn3t/gopolars/pkg/polars/series.go:2331.55,2333.5 1 0
github.com/h0rn3t/gopolars/pkg/polars/series.go:2334.4,2334.23 1 0
github.com/h0rn3t/gopolars/pkg/polars/series.go:2335.14,2336.55 1 0
github.com/h0rn3t/gopolars/pkg/polars/series.go:2336.55,2338.5 1 0
github.com/h0rn3t/gopolars/pkg/polars/series.go:2339.4,2339.23 1 0
github.com/h0rn3t/gopolars/pkg/polars/series.go:2340.15,2342.23 2 0
github.com/h0rn3t/gopolars/pkg/polars/series.go:2343.16,2345.21 2 0
github.com/h0rn3t/gopolars/pkg/polars/series.go:2348.2,2349.33 2 0
github.com/h0rn3t/gopolars/pkg/polars/series.go:2352.62,2353.29 1 0
github.com/h0rn3t/gopolars/pkg/polars/series.go:2353.29,2355.3 1 0
github.com/h0rn3t/gopolars/pkg/polars/series.go:2356.2,2360.31 5 0
github.com/h0rn3t/gopolars/pkg/polars/series.go:2360.31,2362.10 2 0
github.com/h0rn3t/gopolars/pkg/polars/series.go:2362.10,2364.12 2 0
github.com/h0rn3t/gopolars/pkg/polars/series.go:2366.3,2366.19 1 0
github.com/h0rn3t/gopolars/pkg/polars/series.go:2366.19,2370.4 3 0
github.com/h0rn3t/gopolars/pkg/polars/series.go:2370.9,2374.4 3 0
github.com/h0rn3t/gopolars/pkg/polars/series.go:2375.3,2375.15 1 0
github.com/h0rn3t/gopolars/pkg/polars/series.go:2376.15,2377.20 1 0
github.com/h0rn3t/gopolars/pkg/polars/series.go:2378.14,2379.24 1 0
github.com/h0rn3t/gopolars/pkg/polars/series.go:2380.14,2381.35 1 0
github.com/h0rn3t/gopolars/pkg/polars/series.go:2384.2,2385.33 2 0
github.com/h0rn3t/gopolars/pkg/polars/series.go:2388.86,2389.27 1 0
github.com/h0rn3t/gopolars/pkg/polars/series.go:2389.27,2390.15 1 0
github.com/h0rn3t/gopolars/pkg/polars/series.go:2390.15,2391.12 1 0
github.com/h0rn3t/gopolars/pkg/polars/series.go:2393.3,2393.19 1 0
github.com/h0rn3t/gopolars/pkg/polars/series.go:2394.14,2395.23 1 0
github.com/h0rn3t/gopolars/pkg/polars/series.go:2396.16,2397.25 1 0
github.com/h0rn3t/gopolars/pkg/polars/series.go:2398.15,2399.24 1 0
github.com/h0rn3t/gopolars/pkg/polars/series.go:2400.13,2401.25 1 0
github.com/h0rn3t/gopolars/pkg/polars/series.go:2402.18,2403.26 1 0
github.com/h0rn3t/gopolars/pkg/polars/series.go:2404.28,2405.25 1 0
github.com/h0rn3t/gopolars/pkg/polars/series.go:2406.14,2407.22 1 0
github.com/h0rn3t/gopolars/pkg/polars/series.go:2408.23,2409.24 1 0
github.com/h0rn3t/gopolars/pkg/polars/series.go:2410.11,2411.19 1 0
github.com/h0rn3t/gopolars/pkg/polars/series.go:2414.2,2414.17 1 0
github.com/h0rn3t/gopolars/pkg/polars/series.go:2417.79,2419.27 2 0
github.com/h0rn3t/gopolars/pkg/polars/series.go:2419.27,2420.15 1 0
github.com/h0rn3t/gopolars/pkg/polars/series.go:2420.15,2422.12 2 0
github.com/h0rn3t/gopolars/pkg/polars/series.go:2424.3,2425.17 2 0
github.com/h0rn3t/gopolars/pkg/polars/series.go:2425.17,2427.4 1 0
github.com/h0rn3t/gopolars/pkg/polars/series.go:2428.3,2428.16 1 0
github.com/h0rn3t/gopolars/pkg/polars/series.go:2430.2,2430.17 1 0
github.com/h0rn3t/gopolars/pkg/polars/series.go:2433.44,2434.9 1 0
github.com/h0rn3t/gopolars/pkg/polars/series.go:2435.35,2436.23 1 0
github.com/h0rn3t/gopolars/pkg/polars/series.go:2437.10,2438.43 1 0
github.com/h0rn3t/gopolars/pkg/polars/series.go:2442.39,2443.23 1 0
github.com/h0rn3t/gopolars/pkg/polars/series.go:2444.13,2445.26 1 0
github.com/h0rn3t/gopolars/pkg/polars/series.go:2446.15,2447.17 1 0
github.com/h0rn3t/gopolars/pkg/polars/series.go:2448.10,2449.18 1 0
github.com/h0rn3t/gopolars/pkg/polars/series.go:2453.54,2454.26 1 0
github.com/h0rn3t/gopolars/pkg/polars/series.go:2455.13,2457.10 2 0
github.com/h0rn3t/gopolars/pkg/polars/series.go:2457.10,2459.4 1 0
github.com/h0rn3t/gopolars/pkg/polars/series.go:2460.3,2460.13 1 0
github.com/h0rn3t/gopolars/pkg/polars/series.go:2461.13,2462.17 1 0
github.com/h0rn3t/gopolars/pkg/polars/series.go:2463.13,2464.17 1 0
github.com/h0rn3t/gopolars/pkg/polars/series.go:2465.13,2466.16 1 0
github.com/h0rn3t/gopolars/pkg/polars/series.go:2467.13,2468.17 1 0
github.com/h0rn3t/gopolars/pkg/polars/series.go:2469.13,2470.16 1 0
github.com/h0rn3t/gopolars/pkg/polars/series.go:2471.13,2472.17 1 0
github.com/h0rn3t/gopolars/pkg/polars/series.go:2474.15,2476.10 2 0
github.com/h0rn3t/gopolars/pkg/polars/series.go:2476.10,2478.4 1 0
github.com/h0rn3t/gopolars/pkg/polars/series.go:2479.3,2479.13 1 0
github.com/h0rn3t/gopolars/pkg/polars/series.go:2480.13,2481.17 1 0
github.com/h0rn3t/gopolars/pkg/polars/series.go:2482.13,2483.17 1 0
github.com/h0rn3t/gopolars/pkg/polars/series.go:2484.13,2485.16 1 0
github.com/h0rn3t/gopolars/pkg/polars/series.go:2486.13,2487.17 1 0
github.com/h0rn3t/gopolars/pkg/polars/series.go:2488.13,2489.16 1 0
github.com/h0rn3t/gopolars/pkg/polars/series.go:2490.13,2491.17 1 0
github.com/h0rn3t/gopolars/pkg/polars/series.go:2493.14,2495.10 2 0
github.com/h0rn3t/gopolars/pkg/polars/series.go:2495.10,2497.4 1 0
github.com/h0rn3t/gopolars/pkg/polars/series.go:2498.3,2498.13 1 0
github.com/h0rn3t/gopolars/pkg/polars/series.go:2499.13,2500.17 1 0
github.com/h0rn3t/gopolars/pkg/polars/series.go:2501.13,2502.17 1 0
github.com/h0rn3t/gopolars/pkg/polars/series.go:2503.13,2504.16 1 0
github.com/h0rn3t/gopolars/pkg/polars/series.go:2505.13,2506.17 1 0
github.com/h0rn3t/gopolars/pkg/polars/series.go:2507.13,2508.16 1 0
github.com/h0rn3t/gopolars/pkg/polars/series.go:2509.13,2510.17 1 0
github.com/h0rn3t/gopolars/pkg/polars/series.go:2512.12,2514.10 2 0
github.com/h0rn3t/gopolars/pkg/polars/series.go:2514.10,2516.4 1 0
github.com/h0rn3t/gopolars/pkg/polars/series.go:2517.3,2517.13 1 0
github.com/h0rn3t/gopolars/pkg/polars/series.go:2518.13,2519.17 1 0
github.com/h0rn3t/gopolars/pkg/polars/series.go:2520.13,2521.17 1 0
github.com/h0rn3t/gopolars/pkg/polars/series.go:2522.13,2523.18 1 0
github.com/h0rn3t/gopolars/pkg/polars/series.go:2524.13,2525.30 1 0
github.com/h0rn3t/gopolars/pkg/polars/series.go:2526.13,2527.18 1 0
github.com/h0rn3t/gopolars/pkg/polars/series.go:2528.13,2529.30 1 0
github.com/h0rn3t/gopolars/pkg/polars/series.go:2532.2,2532.14 1 0
github.com/h0rn3t/gopolars/pkg/polars/series.go:2535.54,2536.12 1 0
github.com/h0rn3t/gopolars/pkg/polars/series.go:2537.20,2538.24 1 0
github.com/h0rn3t/gopolars/pkg/polars/series.go:2539.14,2540.17 1 0
github.com/h0rn3t/gopolars/pkg/polars/series.go:2541.16,2542.24 1 0
github.com/h0rn3t/gopolars/pkg/polars/series.go:2543.15,2546.17 3 0
github.com/h0rn3t/gopolars/pkg/polars/series.go:2548.22,2549.24 1 0
github.com/h0rn3t/gopolars/pkg/polars/series.go:2550.14,2551.26 1 0
github.com/h0rn3t/gopolars/pkg/polars/series.go:2552.16,2553.17 1 0
github.com/h0rn3t/gopolars/pkg/polars/series.go:2554.15,2557.17 3 0
github.com/h0rn3t/gopolars/pkg/polars/series.go:2559.21,2560.35 1 0
github.com/h0rn3t/gopolars/pkg/polars/series.go:2561.22,2562.24 1 0
github.com/h0rn3t/gopolars/pkg/polars/series.go:2563.13,2564.17 1 0
github.com/h0rn3t/gopolars/pkg/polars/series.go:2565.15,2566.27 1 0
github.com/h0rn3t/gopolars/pkg/polars/series.go:2567.14,2568.22 1 0
github.com/h0rn3t/gopolars/pkg/polars/series.go:2570.23,2571.24 1 0
github.com/h0rn3t/gopolars/pkg/polars/series.go:2572.18,2573.17 1 0
github.com/h0rn3t/gopolars/pkg/polars/series.go:2574.15,2575.42 1 0
github.com/h0rn3t/gopolars/pkg/polars/series.go:2577.22,2578.56 1 0
github.com/h0rn3t/gopolars/pkg/polars/series.go:2580.2,2580.55 1 0
github.com/h0rn3t/gopolars/pkg/polars/series_low_priority.go:13.35,15.2 1 0
github.com/h0rn3t/gopolars/pkg/polars/series_low_priority.go:17.43,19.2 1 0
github.com/h0rn3t/gopolars/pkg/polars/series_low_priority.go:21.58,23.9 2 0
github.com/h0rn3t/gopolars/pkg/polars/series_low_priority.go:23.9,25.3 1 0
github.com/h0rn3t/gopolars/pkg/polars/series_low_priority.go:26.2,26.56 1 0
github.com/h0rn3t/gopolars/pkg/polars/series_low_priority.go:26.56,28.3 1 0
github.com/h0rn3t/gopolars/pkg/polars/series_low_priority.go:29.2,29.31 1 0
github.com/h0rn3t/gopolars/pkg/polars/series_low_priority.go:29.31,30.43 1 0
github.com/h0rn3t/gopolars/pkg/polars/series_low_priority.go:30.43,32.4 1 0
github.com/h0rn3t/gopolars/pkg/polars/series_low_priority.go:34.2,34.18 1 0
github.com/h0rn3t/gopolars/pkg/polars/series_low_priority.go:37.45,39.12 2 0
github.com/h0rn3t/gopolars/pkg/polars/series_low_priority.go:39.12,41.3 1 0
github.com/h0rn3t/gopolars/pkg/polars/series_low_priority.go:42.2,43.22 2 0
github.com/h0rn3t/gopolars/pkg/polars/series_low_priority.go:44.22,45.11 1 0
github.com/h0rn3t/gopolars/pkg/polars/series_low_priority.go:46.21,47.12 1 0
github.com/h0rn3t/gopolars/pkg/polars/series_low_priority.go:48.34,49.12 1 0
github.com/h0rn3t/gopolars/pkg/polars/series_low_priority.go:51.2,51.19 1 0
github.com/h0rn3t/gopolars/pkg/polars/series_low_priority.go:54.59,55.27 1 0
github.com/h0rn3t/gopolars/pkg/polars/series_low_priority.go:55.27,57.3 1 0
github.com/h0rn3t/gopolars/pkg/polars/series_low_priority.go:58.2,58.39 1 0
github.com/h0rn3t/gopolars/pkg/polars/series_low_priority.go:58.39,60.3 1 0
github.com/h0rn3t/gopolars/pkg/polars/series_low_priority.go:61.2,62.16 2 0
github.com/h0rn3t/gopolars/pkg/polars/series_low_priority.go:62.16,64.3 1 0
github.com/h0rn3t/gopolars/pkg/polars/series_low_priority.go:65.2,66.34 2 0
github.com/h0rn3t/gopolars/pkg/polars/series_low_priority.go:66.34,67.21 1 0
github.com/h0rn3t/gopolars/pkg/polars/series_low_priority.go:67.21,68.12 1 0
github.com/h0rn3t/gopolars/pkg/polars/series_low_priority.go:70.3,71.14 2 0
github.com/h0rn3t/gopolars/pkg/polars/series_low_priority.go:71.14,73.4 1 0
github.com/h0rn3t/gopolars/pkg/polars/series_low_priority.go:75.2,75.27 1 0
github.com/h0rn3t/gopolars/pkg/polars/series_low_priority.go:78.60,79.16 1 0
github.com/h0rn3t/gopolars/pkg/polars/series_low_priority.go:79.16,81.3 1 0
github.com/h0rn3t/gopolars/pkg/polars/series_low_priority.go:82.2,82.35 1 0
github.com/h0rn3t/gopolars/pkg/polars/series_low_priority.go:82.35,84.3 1 0
github.com/h0rn3t/gopolars/pkg/polars/series_low_priority.go:85.2,86.31 2 0
github.com/h0rn3t/gopolars/pkg/polars/series_low_priority.go:86.31,88.15 2 0
github.com/h0rn3t/gopolars/pkg/polars/series_low_priority.go:88.15,90.12 2 0
github.com/h0rn3t/gopolars/pkg/polars/series_low_priority.go:92.3,93.10 2 0
github.com/h0rn3t/gopolars/pkg/polars/series_low_priority.go:93.10,95.4 1 0
github.com/h0rn3t/gopolars/pkg/polars/series_low_priority.go:96.3,97.26 2 0
github.com/h0rn3t/gopolars/pkg/polars/series_low_priority.go:97.26,99.4 1 0
github.com/h0rn3t/gopolars/pkg/polars/series_low_priority.go:100.3,100.18 1 0
github.com/h0rn3t/gopolars/pkg/polars/series_low_priority.go:102.2,103.16 2 0
github.com/h0rn3t/gopolars/pkg/polars/series_low_priority.go:103.16,105.3 1 0
github.com/h0rn3t/gopolars/pkg/polars/series_low_priority.go:106.2,106.38 1 0
github.com/h0rn3t/gopolars/pkg/polars/series_low_priority.go:109.47,110.51 1 0
github.com/h0rn3t/gopolars/pkg/polars/series_low_priority.go:110.51,112.3 1 0
github.com/h0rn3t/gopolars/pkg/polars/series_low_priority.go:113.2,113.12 1 0
github.com/h0rn3t/gopolars/pkg/polars/series_low_priority.go:113.12,115.3 1 0
github.com/h0rn3t/gopolars/pkg/polars/series_low_priority.go:116.2,117.11 2 0
github.com/h0rn3t/gopolars/pkg/polars/series_low_priority.go:117.11,120.3 2 0
github.com/h0rn3t/gopolars/pkg/polars/series_low_priority.go:121.2,123.43 3 0
github.com/h0rn3t/gopolars/pkg/polars/series_low_priority.go:126.65,128.31 2 0
github.com/h0rn3t/gopolars/pkg/polars/series_low_priority.go:128.31,130.15 2 0
github.com/h0rn3t/gopolars/pkg/polars/series_low_priority.go:130.15,132.12 2 0
github.com/h0rn3t/gopolars/pkg/polars/series_low_priority.go:134.3,135.10 2 0
github.com/h0rn3t/gopolars/pkg/polars/series_low_priority.go:135.10,137.4 1 0
github.com/h0rn3t/gopolars/pkg/polars/series_low_priority.go:138.3,138.39 1 0
github.com/h0rn3t/gopolars/pkg/polars/series_low_priority.go:140.2,141.16 2 0
github.com/h0rn3t/gopolars/pkg/polars/series_low_priority.go:141.16,143.3 1 0
github.com/h0rn3t/gopolars/pkg/polars/series_low_priority.go:144.2,144.38 1 0
github.com/h0rn3t/gopolars/pkg/polars/series_low_priority.go:147.57,149.31 2 0
github.com/h0rn3t/gopolars/pkg/polars/series_low_priority.go:149.31,151.15 2 0
github.com/h0rn3t/gopolars/pkg/polars/series_low_priority.go:151.15,153.12 2 0
github.com/h0rn3t/gopolars/pkg/polars/series_low_priority.go:155.3,156.10 2 0
github.com/h0rn3t/gopolars/pkg/polars/series_low_priority.go:156.10,158.12 2 0
github.com/h0rn3t/gopolars/pkg/polars/series_low_priority.go:160.3,160.16 1 0
github.com/h0rn3t/gopolars/pkg/polars/series_low_priority.go:160.16,162.4 1 0
github.com/h0rn3t/gopolars/pkg/polars/series_low_priority.go:163.3,163.16 1 0
github.com/h0rn3t/gopolars/pkg/polars/series_low_priority.go:163.16,165.4 1 0
github.com/h0rn3t/gopolars/pkg/polars/series_low_priority.go:166.3,166.16 1 0
github.com/h0rn3t/gopolars/pkg/polars/series_low_priority.go:168.2,169.33 2 0
github.com/h0rn3t/gopolars/pkg/polars/series_low_priority.go:172.36,174.2 1 0
github.com/h0rn3t/gopolars/pkg/polars/series_low_priority.go:176.53,177.36 1 0
github.com/h0rn3t/gopolars/pkg/polars/series_low_priority.go:177.36,179.3 1 0
github.com/h0rn3t/gopolars/pkg/polars/series_low_priority.go:180.2,182.31 3 0
github.com/h0rn3t/gopolars/pkg/polars/series_low_priority.go:182.31,184.15 2 0
github.com/h0rn3t/gopolars/pkg/polars/series_low_priority.go:184.15,186.12 2 0
github.com/h0rn3t/gopolars/pkg/polars/series_low_priority.go:188.3,189.47 2 0
github.com/h0rn3t/gopolars/pkg/polars/series_low_priority.go:189.47,191.9 2 0
github.com/h0rn3t/gopolars/pkg/polars/series_low_priority.go:193.3,193.85 1 0
github.com/h0rn3t/gopolars/pkg/polars/series_low_priority.go:193.85,195.9 2 0
github.com/h0rn3t/gopolars/pkg/polars/series_low_priority.go:197.3,197.24 1 0
github.com/h0rn3t/gopolars/pkg/polars/series_low_priority.go:199.2,199.22 1 0
github.com/h0rn3t/gopolars/pkg/polars/series_low_priority.go:199.22,201.3 1 0
github.com/h0rn3t/gopolars/pkg/polars/series_low_priority.go:202.2,203.16 2 0
github.com/h0rn3t/gopolars/pkg/polars/series_low_priority.go:203.16,205.3 1 0
github.com/h0rn3t/gopolars/pkg/polars/series_low_priority.go:206.2,206.38 1 0
github.com/h0rn3t/gopolars/pkg/polars/series_low_priority.go:209.42,211.2 1 0
github.com/h0rn3t/gopolars/pkg/polars/series_low_priority.go:213.60,215.9 2 0
github.com/h0rn3t/gopolars/pkg/polars/series_low_priority.go:215.9,217.3 1 0
github.com/h0rn3t/gopolars/pkg/polars/series_low_priority.go:218.2,218.34 1 0
github.com/h0rn3t/gopolars/pkg/polars/series_low_priority.go:218.34,220.3 1 0
github.com/h0rn3t/gopolars/pkg/polars/series_low_priority.go:221.2,223.16 3 0
github.com/h0rn3t/gopolars/pkg/polars/series_low_priority.go:223.16,225.3 1 0
github.com/h0rn3t/gopolars/pkg/polars/series_low_priority.go:226.2,226.38 1 0
github.com/h0rn3t/gopolars/pkg/polars/series_low_priority.go:229.53,231.2 1 0
github.com/h0rn3t/gopolars/pkg/polars/series_low_priority.go:233.47,239.2 1 0
github.com/h0rn3t/gopolars/pkg/polars/series_low_priority.go:241.56,243.2 1 0
github.com/h0rn3t/gopolars/pkg/polars/series_low_priority.go:245.56,247.2 1 0
github.com/h0rn3t/gopolars/pkg/polars/series_low_priority.go:249.70,250.25 1 0
github.com/h0rn3t/gopolars/pkg/polars/series_low_priority.go:250.25,252.3 1 0
github.com/h0rn3t/gopolars/pkg/polars/series_low_priority.go:253.2,258.31 5 0
github.com/h0rn3t/gopolars/pkg/polars/series_low_priority.go:258.31,260.28 2 0
github.com/h0rn3t/gopolars/pkg/polars/series_low_priority.go:260.28,263.4 2 0
github.com/h0rn3t/gopolars/pkg/polars/series_low_priority.go:264.3,265.14 2 0
github.com/h0rn3t/gopolars/pkg/polars/series_low_priority.go:265.14,268.12 3 0
github.com/h0rn3t/gopolars/pkg/polars/series_low_priority.go:270.3,271.17 2 0
github.com/h0rn3t/gopolars/pkg/polars/series_low_priority.go:271.17,272.12 1 0
github.com/h0rn3t/gopolars/pkg/polars/series_low_priority.go:274.3,274.18 1 0
github.com/h0rn3t/gopolars/pkg/polars/series_low_priority.go:274.18,276.12 2 0
github.com/h0rn3t/gopolars/pkg/polars/series_low_priority.go:278.3,279.21 2 0
github.com/h0rn3t/gopolars/pkg/polars/series_low_priority.go:279.21,281.4 1 0
github.com/h0rn3t/gopolars/pkg/polars/series_low_priority.go:282.3,282.22 1 0
github.com/h0rn3t/gopolars/pkg/polars/series_low_priority.go:282.22,284.4 1 0
github.com/h0rn3t/gopolars/pkg/polars/series_low_priority.go:286.2,287.26 2 0
github.com/h0rn3t/gopolars/pkg/polars/series_low_priority.go:287.26,289.3 1 0
github.com/h0rn3t/gopolars/pkg/polars/series_low_priority.go:290.2,291.16 2 0
github.com/h0rn3t/gopolars/pkg/polars/series_low_priority.go:291.16,293.3 1 0
github.com/h0rn3t/gopolars/pkg/polars/series_low_priority.go:294.2,294.38 1 0
github.com/h0rn3t/gopolars/pkg/polars/series_low_priority.go:297.34,300.21 3 0
github.com/h0rn3t/gopolars/pkg/polars/series_low_priority.go:300.21,302.3 1 0
github.com/h0rn3t/gopolars/pkg/polars/series_low_priority.go:303.2,303.44 1 0
github.com/h0rn3t/gopolars/pkg/polars/series_low_priority.go:303.44,305.3 1 0
github.com/h0rn3t/gopolars/pkg/polars/series_low_priority.go:306.2,306.12 1 0
github.com/h0rn3t/gopolars/pkg/polars/series_low_priority.go:309.36,311.30 2 0
github.com/h0rn3t/gopolars/pkg/polars/series_low_priority.go:311.30,313.3 1 0
github.com/h0rn3t/gopolars/pkg/polars/series_low_priority.go:314.2,314.12 1 0
github.com/h0rn3t/gopolars/pkg/polars/series_low_priority.go:317.54,319.25 2 0
github.com/h0rn3t/gopolars/pkg/polars/series_low_priority.go:319.25,321.3 1 0
github.com/h0rn3t/gopolars/pkg/polars/series_low_priority.go:322.2,322.12 1 0
github.com/h0rn3t/gopolars/pkg/polars/series_low_priority.go:325.92,326.25 1 0
github.com/h0rn3t/gopolars/pkg/polars/series_low_priority.go:326.25,328.3 1 0
github.com/h0rn3t/gopolars/pkg/polars/series_low_priority.go:329.2,332.16 4 0
github.com/h0rn3t/gopolars/pkg/polars/series_low_priority.go:332.16,334.3 1 0
github.com/h0rn3t/gopolars/pkg/polars/series_low_priority.go:335.2,338.9 4 0
github.com/h0rn3t/gopolars/pkg/polars/series_low_priority.go:338.9,340.3 1 0
github.com/h0rn3t/gopolars/pkg/polars/series_low_priority.go:341.2,343.40 3 0
github.com/h0rn3t/gopolars/pkg/polars/series_low_priority.go:343.40,346.3 2 0
github.com/h0rn3t/gopolars/pkg/polars/series_low_priority.go:347.2,348.16 2 0
github.com/h0rn3t/gopolars/pkg/polars/series_low_priority.go:348.16,350.3 1 0
github.com/h0rn3t/gopolars/pkg/polars/series_low_priority.go:351.2,351.38 1 0
github.com/h0rn3t/gopolars/pkg/polars/series_low_priority.go:354.98,355.25 1 0
github.com/h0rn3t/gopolars/pkg/polars/series_low_priority.go:355.25,357.3 1 0
github.com/h0rn3t/gopolars/pkg/polars/series_low_priority.go:358.2,361.16 4 0
github.com/h0rn3t/gopolars/pkg/polars/series_low_priority.go:361.16,363.3 1 0
github.com/h0rn3t/gopolars/pkg/polars/series_low_priority.go:364.2,367.9 4 0
github.com/h0rn3t/gopolars/pkg/polars/series_low_priority.go:367.9,369.3 1 0
github.com/h0rn3t/gopolars/pkg/polars/series_low_priority.go:370.2,372.40 3 0
github.com/h0rn3t/gopolars/pkg/polars/series_low_priority.go:372.40,374.3 1 0
github.com/h0rn3t/gopolars/pkg/polars/series_low_priority.go:375.2,376.16 2 0
github.com/h0rn3t/gopolars/pkg/polars/series_low_priority.go:376.16,378.3 1 0
github.com/h0rn3t/gopolars/pkg/polars/series_low_priority.go:379.2,379.38 1 0
github.com/h0rn3t/gopolars/pkg/polars/series_low_priority.go:382.76,384.2 1 0
github.com/h0rn3t/gopolars/pkg/polars/series_low_priority.go:386.75,388.2 1 0
github.com/h0rn3t/gopolars/pkg/polars/series_low_priority.go:390.75,392.2 1 0
github.com/h0rn3t/gopolars/pkg/polars/series_low_priority.go:394.75,396.2 1 0
github.com/h0rn3t/gopolars/pkg/polars/series_low_priority.go:398.75,400.2 1 0
github.com/h0rn3t/gopolars/pkg/polars/series_low_priority.go:402.75,404.2 1 0
github.com/h0rn3t/gopolars/pkg/polars/series_low_priority.go:406.78,408.2 1 0
github.com/h0rn3t/gopolars/pkg/polars/series_low_priority.go:410.91,412.2 1 0
github.com/h0rn3t/gopolars/pkg/polars/series_low_priority.go:414.54,416.2 1 0
github.com/h0rn3t/gopolars/pkg/polars/series_low_priority.go:418.76,420.2 1 0
github.com/h0rn3t/gopolars/pkg/polars/series_low_priority.go:422.54,424.2 1 0
github.com/h0rn3t/gopolars/pkg/polars/series_low_priority.go:426.58,428.2 1 0
github.com/h0rn3t/gopolars/pkg/polars/series_low_priority.go:430.90,431.15 1 0
github.com/h0rn3t/gopolars/pkg/polars/series_low_priority.go:431.15,433.3 1 0
github.com/h0rn3t/gopolars/pkg/polars/series_low_priority.go:434.2,434.17 1 0
github.com/h0rn3t/gopolars/pkg/polars/series_low_priority.go:434.17,436.3 1 0
github.com/h0rn3t/gopolars/pkg/polars/series_low_priority.go:437.2,438.31 2 0
github.com/h0rn3t/gopolars/pkg/polars/series_low_priority.go:438.31,440.16 2 0
github.com/h0rn3t/gopolars/pkg/polars/series_low_priority.go:440.16,442.4 1 0
github.com/h0rn3t/gopolars/pkg/polars/series_low_priority.go:443.3,444.31 2 0
github.com/h0rn3t/gopolars/pkg/polars/series_low_priority.go:444.31,445.60 1 0
github.com/h0rn3t/gopolars/pkg/polars/series_low_priority.go:445.60,447.5 1 0
github.com/h0rn3t/gopolars/pkg/polars/series_low_priority.go:449.3,449.21 1 0
github.com/h0rn3t/gopolars/pkg/polars/series_low_priority.go:449.21,451.12 2 0
github.com/h0rn3t/gopolars/pkg/polars/series_low_priority.go:453.3,453.23 1 0
github.com/h0rn3t/gopolars/pkg/polars/series_low_priority.go:455.2,456.16 2 0
github.com/h0rn3t/gopolars/pkg/polars/series_low_priority.go:456.16,458.3 1 0
github.com/h0rn3t/gopolars/pkg/polars/series_low_priority.go:459.2,459.38 1 0
github.com/h0rn3t/gopolars/pkg/polars/series_low_priority.go:462.75,463.25 1 0
github.com/h0rn3t/gopolars/pkg/polars/series_low_priority.go:463.25,465.3 1 0
github.com/h0rn3t/gopolars/pkg/polars/series_low_priority.go:466.2,469.16 4 0
github.com/h0rn3t/gopolars/pkg/polars/series_low_priority.go:469.16,471.3 1 0
github.com/h0rn3t/gopolars/pkg/polars/series_low_priority.go:472.2,475.9 4 0
github.com/h0rn3t/gopolars/pkg/polars/series_low_priority.go:475.9,477.3 1 0
github.com/h0rn3t/gopolars/pkg/polars/series_low_priority.go:478.2,480.40 3 0
github.com/h0rn3t/gopolars/pkg/polars/series_low_priority.go:480.40,482.3 1 0
github.com/h0rn3t/gopolars/pkg/polars/series_low_priority.go:483.2,484.16 2 0
github.com/h0rn3t/gopolars/pkg/polars/series_low_priority.go:484.16,486.3 1 0
github.com/h0rn3t/gopolars/pkg/polars/series_low_priority.go:487.2,487.38 1 0
github.com/h0rn3t/gopolars/pkg/polars/series_low_priority.go:490.54,491.34 1 0
github.com/h0rn3t/gopolars/pkg/polars/series_low_priority.go:491.34,493.3 1 0
github.com/h0rn3t/gopolars/pkg/polars/series_low_priority.go:494.2,494.12 1 0
github.com/h0rn3t/gopolars/pkg/polars/series_low_priority.go:497.64,498.61 1 0
github.com/h0rn3t/gopolars/pkg/polars/series_low_priority.go:498.61,500.3 1 0
github.com/h0rn3t/gopolars/pkg/polars/series_low_priority.go:501.2,501.65 1 0
github.com/h0rn3t/gopolars/pkg/polars/series_low_priority.go:501.65,503.3 1 0
github.com/h0rn3t/gopolars/pkg/polars/series_low_priority.go:504.2,504.28 1 0
github.com/h0rn3t/gopolars/pkg/polars/series_low_priority.go:504.28,506.3 1 0
github.com/h0rn3t/gopolars/pkg/polars/series_low_priority.go:507.2,509.9 3 0
github.com/h0rn3t/gopolars/pkg/polars/series_low_priority.go:509.9,511.3 1 0
github.com/h0rn3t/gopolars/pkg/polars/series_low_priority.go:512.2,512.31 1 0
github.com/h0rn3t/gopolars/pkg/polars/series_low_priority.go:512.31,513.45 1 0
github.com/h0rn3t/gopolars/pkg/polars/series_low_priority.go:513.45,515.12 2 0
github.com/h0rn3t/gopolars/pkg/polars/series_low_priority.go:517.3,519.20 3 0
github.com/h0rn3t/gopolars/pkg/polars/series_low_priority.go:521.2,522.16 2 0
github.com/h0rn3t/gopolars/pkg/polars/series_low_priority.go:522.16,524.3 1 0
github.com/h0rn3t/gopolars/pkg/polars/series_low_priority.go:525.2,525.38 1 0
github.com/h0rn3t/gopolars/pkg/polars/series_low_priority.go:528.63,529.60 1 0
github.com/h0rn3t/gopolars/pkg/polars/series_low_priority.go:529.60,531.3 1 0
github.com/h0rn3t/gopolars/pkg/polars/series_low_priority.go:532.2,532.64 1 0
github.com/h0rn3t/gopolars/pkg/polars/series_low_priority.go:532.64,534.3 1 0
github.com/h0rn3t/gopolars/pkg/polars/series_low_priority.go:535.2,535.28 1 0
github.com/h0rn3t/gopolars/pkg/polars/series_low_priority.go:535.28,537.3 1 0
github.com/h0rn3t/gopolars/pkg/polars/series_low_priority.go:538.2,539.9 2 0
github.com/h0rn3t/gopolars/pkg/polars/series_low_priority.go:539.9,541.3 1 0
github.com/h0rn3t/gopolars/pkg/polars/series_low_priority.go:542.2,543.31 2 0
github.com/h0rn3t/gopolars/pkg/polars/series_low_priority.go:543.31,544.45 1 0
github.com/h0rn3t/gopolars/pkg/polars/series_low_priority.go:544.45,546.12 2 0
github.com/h0rn3t/gopolars/pkg/polars/series_low_priority.go:548.3,550.20 3 0
github.com/h0rn3t/gopolars/pkg/polars/series_low_priority.go:552.2,553.16 2 0
github.com/h0rn3t/gopolars/pkg/polars/series_low_priority.go:553.16,555.3 1 0
github.com/h0rn3t/gopolars/pkg/polars/series_low_priority.go:556.2,556.38 1 0
github.com/h0rn3t/gopolars/pkg/polars/series_low_priority.go:559.64,560.61 1 0
github.com/h0rn3t/gopolars/pkg/polars/series_low_priority.go:560.61,562.3 1 0
github.com/h0rn3t/gopolars/pkg/polars/series_low_priority.go:563.2,563.65 1 0
github.com/h0rn3t/gopolars/pkg/polars/series_low_priority.go:563.65,565.3 1 0
github.com/h0rn3t/gopolars/pkg/polars/series_low_priority.go:566.2,566.28 1 0
github.com/h0rn3t/gopolars/pkg/polars/series_low_priority.go:566.28,568.3 1 0
github.com/h0rn3t/gopolars/pkg/polars/series_low_priority.go:569.2,570.9 2 0
github.com/h0rn3t/gopolars/pkg/polars/series_low_priority.go:570.9,572.3 1 0
github.com/h0rn3t/gopolars/pkg/polars/series_low_priority.go:573.2,574.31 2 0
github.com/h0rn3t/gopolars/pkg/polars/series_low_priority.go:574.31,575.45 1 0
github.com/h0rn3t/gopolars/pkg/polars/series_low_priority.go:575.45,577.12 2 0
github.com/h0rn3t/gopolars/pkg/polars/series_low_priority.go:579.3,581.20 3 0
github.com/h0rn3t/gopolars/pkg/polars/series_low_priority.go:583.2,584.16 2 0
github.com/h0rn3t/gopolars/pkg/polars/series_low_priority.go:584.16,586.3 1 0
github.com/h0rn3t/gopolars/pkg/polars/series_low_priority.go:587.2,587.38 1 0
github.com/h0rn3t/gopolars/pkg/polars/series_low_priority.go:590.76,591.60 1 0
github.com/h0rn3t/gopolars/pkg/polars/series_low_priority.go:591.60,593.3 1 0
github.com/h0rn3t/gopolars/pkg/polars/series_low_priority.go:594.2,595.31 2 0
github.com/h0rn3t/gopolars/pkg/polars/series_low_priority.go:595.31,596.24 1 0
github.com/h0rn3t/gopolars/pkg/polars/series_low_priority.go:596.24,598.12 2 0
github.com/h0rn3t/gopolars/pkg/polars/series_low_priority.go:600.3,601.20 2 0
github.com/h0rn3t/gopolars/pkg/polars/series_low_priority.go:603.2,604.16 2 0
github.com/h0rn3t/gopolars/pkg/polars/series_low_priority.go:604.16,606.3 1 0
github.com/h0rn3t/gopolars/pkg/polars/series_low_priority.go:607.2,607.38 1 0
github.com/h0rn3t/gopolars/pkg/polars/series_low_priority.go:610.58,611.46 1 0
github.com/h0rn3t/gopolars/pkg/polars/series_low_priority.go:611.46,613.3 1 0
github.com/h0rn3t/gopolars/pkg/polars/series_low_priority.go:616.59,617.46 1 0
github.com/h0rn3t/gopolars/pkg/polars/series_low_priority.go:617.46,619.3 1 0
github.com/h0rn3t/gopolars/pkg/polars/series_low_priority.go:622.60,623.46 1 0
github.com/h0rn3t/gopolars/pkg/polars/series_low_priority.go:623.46,625.3 1 0
github.com/h0rn3t/gopolars/pkg/polars/series_low_priority.go:628.61,629.46 1 0
github.com/h0rn3t/gopolars/pkg/polars/series_low_priority.go:629.46,631.3 1 0
github.com/h0rn3t/gopolars/pkg/polars/series_low_priority.go:634.61,635.46 1 0
github.com/h0rn3t/gopolars/pkg/polars/series_low_priority.go:635.46,637.3 1 0
github.com/h0rn3t/gopolars/pkg/polars/series_low_priority.go:640.62,641.46 1 0
github.com/h0rn3t/gopolars/pkg/polars/series_low_priority.go:641.46,643.3 1 0
github.com/h0rn3t/gopolars/pkg/polars/series_low_priority.go:646.71,648.2 1 0
github.com/h0rn3t/gopolars/pkg/polars/series_namespace.go:29.41,29.69 1 0
github.com/h0rn3t/gopolars/pkg/polars/series_namespace.go:30.41,30.69 1 0
github.com/h0rn3t/gopolars/pkg/polars/series_namespace.go:31.41,31.68 1 0
github.com/h0rn3t/gopolars/pkg/polars/series_namespace.go:32.47,34.2 1 0
github.com/h0rn3t/gopolars/pkg/polars/series_namespace.go:35.41,35.69 1 0
github.com/h0rn3t/gopolars/pkg/polars/series_namespace.go:36.41,36.69 1 0
github.com/h0rn3t/gopolars/pkg/polars/series_namespace.go:38.68,39.26 1 0
github.com/h0rn3t/gopolars/pkg/polars/series_namespace.go:39.26,41.3 1 0
github.com/h0rn3t/gopolars/pkg/polars/series_namespace.go:42.2,42.12 1 0
github.com/h0rn3t/gopolars/pkg/polars/series_namespace.go:46.46,47.64 1 0
github.com/h0rn3t/gopolars/pkg/polars/series_namespace.go:47.64,49.3 1 0
github.com/h0rn3t/gopolars/pkg/polars/series_namespace.go:50.2,51.33 2 0
github.com/h0rn3t/gopolars/pkg/polars/series_namespace.go:51.33,53.15 2 0
github.com/h0rn3t/gopolars/pkg/polars/series_namespace.go:53.15,55.12 2 0
github.com/h0rn3t/gopolars/pkg/polars/series_namespace.go:57.3,58.10 2 0
github.com/h0rn3t/gopolars/pkg/polars/series_namespace.go:58.10,60.4 1 0
github.com/h0rn3t/gopolars/pkg/polars/series_namespace.go:61.3,61.35 1 0
github.com/h0rn3t/gopolars/pkg/polars/series_namespace.go:63.2,63.90 1 0
github.com/h0rn3t/gopolars/pkg/polars/series_namespace.go:67.46,68.64 1 0
github.com/h0rn3t/gopolars/pkg/polars/series_namespace.go:68.64,70.3 1 0
github.com/h0rn3t/gopolars/pkg/polars/series_namespace.go:71.2,72.33 2 0
github.com/h0rn3t/gopolars/pkg/polars/series_namespace.go:72.33,74.15 2 0
github.com/h0rn3t/gopolars/pkg/polars/series_namespace.go:74.15,76.12 2 0
github.com/h0rn3t/gopolars/pkg/polars/series_namespace.go:78.3,79.10 2 0
github.com/h0rn3t/gopolars/pkg/polars/series_namespace.go:79.10,81.4 1 0
github.com/h0rn3t/gopolars/pkg/polars/series_namespace.go:82.3,82.35 1 0
github.com/h0rn3t/gopolars/pkg/polars/series_namespace.go:84.2,84.90 1 0
github.com/h0rn3t/gopolars/pkg/polars/series_namespace.go:88.44,89.64 1 0
github.com/h0rn3t/gopolars/pkg/polars/series_namespace.go:89.64,91.3 1 0
github.com/h0rn3t/gopolars/pkg/polars/series_namespace.go:92.2,93.33 2 0
github.com/h0rn3t/gopolars/pkg/polars/series_namespace.go:93.33,95.15 2 0
github.com/h0rn3t/gopolars/pkg/polars/series_namespace.go:95.15,97.12 2 0
github.com/h0rn3t/gopolars/pkg/polars/series_namespace.go:99.3,100.10 2 0
github.com/h0rn3t/gopolars/pkg/polars/series_namespace.go:100.10,102.4 1 0
github.com/h0rn3t/gopolars/pkg/polars/series_namespace.go:103.3,103.30 1 0
github.com/h0rn3t/gopolars/pkg/polars/series_namespace.go:105.2,105.102 1 0
github.com/h0rn3t/gopolars/pkg/polars/series_namespace.go:109.48,110.62 1 0
github.com/h0rn3t/gopolars/pkg/polars/series_namespace.go:110.62,112.3 1 0
github.com/h0rn3t/gopolars/pkg/polars/series_namespace.go:113.2,114.33 2 0
github.com/h0rn3t/gopolars/pkg/polars/series_namespace.go:114.33,116.15 2 0
github.com/h0rn3t/gopolars/pkg/polars/series_namespace.go:116.15,118.12 2 0
github.com/h0rn3t/gopolars/pkg/polars/series_namespace.go:120.3,121.10 2 0
github.com/h0rn3t/gopolars/pkg/polars/series_namespace.go:121.10,123.4 1 0
github.com/h0rn3t/gopolars/pkg/polars/series_namespace.go:124.3,124.31 1 0
github.com/h0rn3t/gopolars/pkg/polars/series_namespace.go:126.2,126.103 1 0
github.com/h0rn3t/gopolars/pkg/polars/series_namespace.go:130.44,131.65 1 0
github.com/h0rn3t/gopolars/pkg/polars/series_namespace.go:131.65,133.3 1 0
github.com/h0rn3t/gopolars/pkg/polars/series_namespace.go:134.2,135.33 2 0
github.com/h0rn3t/gopolars/pkg/polars/series_namespace.go:135.33,137.15 2 0
github.com/h0rn3t/gopolars/pkg/polars/series_namespace.go:137.15,139.12 2 0
github.com/h0rn3t/gopolars/pkg/polars/series_namespace.go:141.3,142.10 2 0
github.com/h0rn3t/gopolars/pkg/polars/series_namespace.go:142.10,144.4 1 0
github.com/h0rn3t/gopolars/pkg/polars/series_namespace.go:145.3,145.30 1 0
github.com/h0rn3t/gopolars/pkg/polars/series_namespace.go:147.2,147.99 1 0
github.com/h0rn3t/gopolars/pkg/polars/series_namespace.go:151.60,152.67 1 0
github.com/h0rn3t/gopolars/pkg/polars/series_namespace.go:152.67,154.3 1 0
github.com/h0rn3t/gopolars/pkg/polars/series_namespace.go:155.2,155.16 1 0
github.com/h0rn3t/gopolars/pkg/polars/series_namespace.go:155.16,157.3 1 0
github.com/h0rn3t/gopolars/pkg/polars/series_namespace.go:158.2,159.33 2 0
github.com/h0rn3t/gopolars/pkg/polars/series_namespace.go:159.33,161.15 2 0
github.com/h0rn3t/gopolars/pkg/polars/series_namespace.go:161.15,163.12 2 0
github.com/h0rn3t/gopolars/pkg/polars/series_namespace.go:165.3,166.10 2 0
github.com/h0rn3t/gopolars/pkg/polars/series_namespace.go:166.10,168.4 1 0
github.com/h0rn3t/gopolars/pkg/polars/series_namespace.go:169.3,170.28 2 0
github.com/h0rn3t/gopolars/pkg/polars/series_namespace.go:171.12,172.19 1 0
github.com/h0rn3t/gopolars/pkg/polars/series_namespace.go:173.15,174.17 1 0
github.com/h0rn3t/gopolars/pkg/polars/series_namespace.go:175.50,176.29 1 0
github.com/h0rn3t/gopolars/pkg/polars/series_namespace.go:177.11,178.29 1 0
github.com/h0rn3t/gopolars/pkg/polars/series_namespace.go:181.2,181.103 1 0
github.com/h0rn3t/gopolars/pkg/polars/series_namespace.go:185.46,186.69 1 0
github.com/h0rn3t/gopolars/pkg/polars/series_namespace.go:186.69,188.3 1 0
github.com/h0rn3t/gopolars/pkg/polars/series_namespace.go:189.2,192.33 4 0
github.com/h0rn3t/gopolars/pkg/polars/series_namespace.go:192.33,194.15 2 0
github.com/h0rn3t/gopolars/pkg/polars/series_namespace.go:194.15,196.12 2 0
github.com/h0rn3t/gopolars/pkg/polars/series_namespace.go:198.3,199.10 2 0
github.com/h0rn3t/gopolars/pkg/polars/series_namespace.go:199.10,201.4 1 0
github.com/h0rn3t/gopolars/pkg/polars/series_namespace.go:202.3,203.10 2 0
github.com/h0rn3t/gopolars/pkg/polars/series_namespace.go:203.10,207.4 3 0
github.com/h0rn3t/gopolars/pkg/polars/series_namespace.go:208.3,208.19 1 0
github.com/h0rn3t/gopolars/pkg/polars/series_namespace.go:210.2,210.100 1 0
github.com/h0rn3t/gopolars/pkg/polars/series_namespace.go:214.50,215.63 1 0
github.com/h0rn3t/gopolars/pkg/polars/series_namespace.go:215.63,217.3 1 0
github.com/h0rn3t/gopolars/pkg/polars/series_namespace.go:218.2,219.9 2 0
github.com/h0rn3t/gopolars/pkg/polars/series_namespace.go:219.9,221.3 1 0
github.com/h0rn3t/gopolars/pkg/polars/series_namespace.go:222.2,222.29 1 0
github.com/h0rn3t/gopolars/pkg/polars/sql.go:20.55,22.16 2 0
github.com/h0rn3t/gopolars/pkg/polars/sql.go:22.16,24.3 1 0
github.com/h0rn3t/gopolars/pkg/polars/sql.go:25.2,25.45 1 0
github.com/h0rn3t/gopolars/pkg/polars/sql.go:25.45,27.3 1 0
github.com/h0rn3t/gopolars/pkg/polars/sql.go:28.2,28.24 1 0
github.com/h0rn3t/gopolars/pkg/polars/sql.go:28.24,30.3 1 0
github.com/h0rn3t/gopolars/pkg/polars/sql.go:31.2,32.16 2 0
github.com/h0rn3t/gopolars/pkg/polars/sql.go:32.16,34.3 1 0
github.com/h0rn3t/gopolars/pkg/polars/sql.go:35.2,40.8 2 0
github.com/h0rn3t/gopolars/pkg/polars/sql.go:43.109,45.9 2 0
github.com/h0rn3t/gopolars/pkg/polars/sql.go:45.9,47.3 1 0
github.com/h0rn3t/gopolars/pkg/polars/sql.go:48.2,54.4 1 0
github.com/h0rn3t/gopolars/pkg/polars/sqlcontext.go:20.33,25.2 1 0
github.com/h0rn3t/gopolars/pkg/polars/sqlcontext.go:27.70,28.16 1 0
github.com/h0rn3t/gopolars/pkg/polars/sqlcontext.go:28.16,30.3 1 0
github.com/h0rn3t/gopolars/pkg/polars/sqlcontext.go:31.2,32.9 2 0
github.com/h0rn3t/gopolars/pkg/polars/sqlcontext.go:32.9,34.3 1 0
github.com/h0rn3t/gopolars/pkg/polars/sqlcontext.go:35.2,38.12 4 0
github.com/h0rn3t/gopolars/pkg/polars/sqlcontext.go:41.70,42.31 1 0
github.com/h0rn3t/gopolars/pkg/polars/sqlcontext.go:42.31,43.46 1 0
github.com/h0rn3t/gopolars/pkg/polars/sqlcontext.go:43.46,45.4 1 0
github.com/h0rn3t/gopolars/pkg/polars/sqlcontext.go:47.2,47.12 1 0
github.com/h0rn3t/gopolars/pkg/polars/sqlcontext.go:50.84,52.16 2 0
github.com/h0rn3t/gopolars/pkg/polars/sqlcontext.go:52.16,54.3 1 0
github.com/h0rn3t/gopolars/pkg/polars/sqlcontext.go:55.2,58.23 4 0
github.com/h0rn3t/gopolars/pkg/polars/sqlcontext.go:58.23,59.25 1 0
github.com/h0rn3t/gopolars/pkg/polars/sqlcontext.go:59.25,60.28 1 0
github.com/h0rn3t/gopolars/pkg/polars/sqlcontext.go:60.28,62.5 1 0
github.com/h0rn3t/gopolars/pkg/polars/sqlcontext.go:65.2,65.23 1 0
github.com/h0rn3t/gopolars/pkg/polars/sqlcontext.go:65.23,67.3 1 0
github.com/h0rn3t/gopolars/pkg/polars/sqlcontext.go:68.2,69.9 2 0
github.com/h0rn3t/gopolars/pkg/polars/sqlcontext.go:69.9,71.3 1 0
github.com/h0rn3t/gopolars/pkg/polars/sqlcontext.go:72.2,78.4 1 0
github.com/h0rn3t/gopolars/pkg/polars/sqlcontext.go:81.90,83.2 1 0
github.com/h0rn3t/gopolars/pkg/polars/sqlcontext.go:85.73,87.2 1 0
github.com/h0rn3t/gopolars/pkg/polars/sqlcontext.go:89.40,93.29 4 0
github.com/h0rn3t/gopolars/pkg/polars/sqlcontext.go:93.29,95.3 1 0
github.com/h0rn3t/gopolars/pkg/polars/sqlcontext.go:96.2,97.12 2 0
github.com/h0rn3t/gopolars/pkg/polars/sqlcontext.go:100.46,104.2 3 0
